District       , Year_AD, Year_BS, A00                   , A01                   , A02                   , A03                   , A04                   , A05                    , A06                   , A07                    , A08                    , A09                 , A10                 , A11                   , A12                   , A13                   , A14                   , A15                    , A16                   , A17                   , A18                  , A19                 , A20                  , A21                   , A22                  , A23                  , A24                    , A25                    , A26                    , A27                    , A28                    , A29                    , A30                   , A31                 , A32                    , A33                    , A34                  , A35                   , A36                   , A37                    , A38                    , A39                   , A40                   , A41                    , A42                 , A43                   , A44                   , A45                , A46                    , A47                 , A48                   , A49                    , A50                    , A51                    , A52                   , A53                   , A54                 , A55                  , A56                   , A57                   , A58                  , A59                  , A60                   , A61                   , A62                   , A63
ACHHAM         ,    2019, 2075/76, 0.014919796795704128  , -0.14345364651958398  , 0.17632037901923853   , -0.07417825862523722  , -0.02523044141587866  , -0.07258254172841719   , -0.11183311419065686  , 0.1889379748119966     , -0.033884398224445465  , 0.03585706573222183 , 0.04376354374677728 , 0.03159842200043178   , -0.26402098297106874  , -0.027635144467510833 , 0.06671545218200509   , -0.04837718619609577   , -0.13427557002786497  , 0.11883254741492003   , -0.10066153570401572 , -0.18797557659200673, -0.1082161930670626  , 0.026915434262787342  , 0.14130228029487413  , -0.09197668149320672 , 0.06565248637712637    , -0.029176065201560145  , -0.017686422669149843  , 0.035944506805569224   , -0.06686297540249522   , -0.026632107018433205  , 0.06793335601470388   , 0.23039498051615762 , 0.07837293018794611    , 0.01660211461539493    , -0.13122948892352426 , -0.03133315484900398  , -0.04246811068532391  , 0.02312051002465251    , 0.022776917891953588   , -0.04383490923179253  , 0.006672401049485079  , -0.03718174573885369   , -0.14402709693402826, 0.06259087877133192   , 0.12753549166024486   , 0.1405553542175993 , 0.003355556828913941   , 0.20764011344985034 , 0.011719129090985669  , 0.0617853954535849     , 0.06781437479370146    , 0.0007430446353112373  , 0.05975062237602035   , 0.029476365806684158  , 0.14126177124501257 , -0.09652728680897675 , -0.13428875400701715  , -0.07882200439161446  , -0.1398687457004167  , -0.1379575164861798  , 0.16429938458193175   , -0.053385271481962225 , 0.0274655934713762    , -0.12855052650894971
ACHHAM         ,    2020, 2076/77, 0.012852494892443344  , -0.12149157516127158  , 0.14685974791352885   , -0.0686085030867729   , 0.007240335405850568  , -0.026985197338436864  , -0.11595674622253496  , 0.1570576456662446     , -0.04744881847581077   , 0.038183931242538174, 0.04177818734727402 , 0.028347798459421064  , -0.27604741928224563  , -0.08146186041895725  , 0.05432970463960367   , -0.029980001584033616  , -0.16685286697886237  , 0.08908158776424012   , -0.062488282685053305, -0.17542157565042907, -0.08190129851949032 , 0.06512951513973121   , 0.09105574171880733  , -0.09354864127145708 , 0.09657398243273684    , -0.0017276220174678879 , -0.09247656735668007   , 0.014165563606215584   , -0.08696728431081169   , -0.011126079235363844  , 0.06332247342787015   , 0.18507211314436484 , 0.11143831576335579    , 0.03832347671269739    , -0.19948993805119053 , -0.017204311489083544 , -0.058030168224797556 , -0.022933615693431022  , -0.027363032504101204  , -0.026819955812717306 , -0.010300056926757402 , 0.018903794120398953   , -0.1485691648861078 , -0.003552088211786209 , 0.14763088981190584   , 0.1549806110544499 , -0.0037006228737535515 , 0.24465049943635694 , 0.015760187448648686  , 0.04870252931070526    , 0.05301739014563422    , -0.0068872534027587026 , 0.0885418074221337    , 0.09882490029304719   , 0.12377009534792599 , -0.13491780626795202 , -0.12440421312072857  , -0.0691909355901635   , -0.09878033025268904 , -0.10982971847818714 , 0.16454669179665482   , -0.059058363700058195 , 0.019989418324262986  , -0.0959144540583333
ACHHAM         ,    2022, 2078/79, 0.07866328549560266   , -0.06227074652942874  , 0.19479005458877305   , -0.06921493179110533  , -0.017570298590375934 , -0.07447329867727244   , -0.1521103378335354   , 0.16391716691407987    , -0.009197433126913634  , 0.004624310211895794, 0.08676935135344896 , 0.07070624191498276   , -0.22623305038055622  , -0.04324953682333809  , 0.05867927185752509   , 0.0036548129830292013  , -0.004138331407762615 , 0.043879062889095405  , -0.12026660881203614 , -0.15355669779177625, -0.15095639975752864 , 0.10261368718568305   , 0.13703996929838178  , -0.11254942358817972 , 0.0037755159760922458  , -0.06460014329323861   , -0.019960615291688192  , -0.01875805318017153   , -0.04435015712085425   , 0.045288446658860865   , 0.07149963674598986   , 0.12664645764312765 , 0.07889296280842627    , 0.09726780830760737    , -0.15594987598149293 , -0.05137848974473253  , -0.10900155822319768  , -0.03380095556589257   , -0.043106771667999255  , -0.03859836943833493  , 0.05896854786930563   , 0.0903969702689797     , -0.1078581128913805 , 0.16403230224320361   , 0.030137288586020987  , 0.16686040569383578, -0.012700308029845305  , 0.18989379627420838 , -0.007731422973824304 , -0.049804107735717515  , 0.01743288474553808    , -0.06623194628576551   , 0.07508525142557956   , 0.09907715959641729   , 0.1185392305948177  , -0.19083561037159982 , -0.052141320121899995 , -0.09215933287823745  , -0.1049277651992727  , -0.25259040868534427 , 0.11935180212461703   , -0.06511161566060703  , -0.011730645650790046 , -0.06248777506538969
ACHHAM         ,    2023, 2079/80, 0.0548916806210246    , -0.10102248493902675  , 0.1840000381662201    , -0.08801147175571195  , -0.02969223671538983  , -0.06031324486242111   , -0.11015718053152494  , 0.1834664592743557     , -0.03840234773025089   , 0.019096970409462375, 0.09107713336276321 , 0.04386080441413358   , -0.2600583653472741   , -0.054359288787956886 , 0.062328294702190715  , -0.005561706823864672  , -0.08637984499559864  , 0.06449968858555992   , -0.11259030072394603 , -0.15331962351090453, -0.11746405265976095 , 0.09907905262606391   , 0.1551367258542056   , -0.1384250943829004  , 0.040889161840931214   , -0.04906982111059731   , -0.005161840010632373  , 0.0029906630797225955  , -0.08248338389352337   , 0.03400341146200688    , 0.06988140678005143   , 0.15498375590098107 , 0.09311698126835333    , 0.08332829756059233    , -0.1477059095724589  , -0.03419107198818833  , -0.0637743438122925   , -0.03975384955508044   , -0.0029821248416228067 , -0.047895384669858626 , 0.05215788189535973   , 0.05444848253339659    , -0.13586740075496653, 0.14186554080380112   , 0.09092676974130735   , 0.16365532425836302, -0.008102008831934572  , 0.2241821378272379  , -0.023830148045184508 , -0.015933461602272027  , 0.033422485590061314   , -0.020323557090091596  , 0.0830799589284847    , 0.07164964982559512   , 0.10513734362864885 , -0.14670277692717518 , -0.06547521588978719  , -0.0855797442922777   , -0.11172549170566513 , -0.218890903983482   , 0.1350051456449643    , -0.03635591728947996  , -0.0076627258343414766, -0.0706649907328919
ACHHAM         ,    2024, 2080/81, 0.027296130075801204  , -0.15372271556832354  , 0.18589319507398355   , -0.09365334030986376  , -0.025436096367910555 , -0.07563930735636326   , -0.08837468706136142  , 0.19416253056683566    , -0.03241956890916523   , 0.04690812006175773 , 0.0751491966183774  , 0.04728787412174864   , -0.2694582608617504   , -0.041425376813551226 , 0.07612477736623584   , -0.013165372558022357  , -0.1293468360435436   , 0.09256080904806782   , -0.11828165693650163 , -0.1691770779738832 , -0.10107942127755443 , 0.06907766468659973   , 0.1597420746326416   , -0.12503522935330513 , 0.069810684575302      , -0.03405145191156247   , -0.017325012340545714  , 0.024727803535057064   , -0.10476731258813175   , -0.0017993086794459174 , 0.07622581531280646   , 0.18596039721011995 , 0.0926739869587651     , 0.03640575272440326    , -0.1250125821440313  , -0.01711405178399827  , -0.050164485056176635 , 0.0017257225593375522  , 0.025848378869467937   , -0.07071218335846945  , 0.021142225780170807  , -0.01518131643543517   , -0.15977752325532987, 0.12204350064371934   , 0.12074901965669513   , 0.15436689238799334, 0.006632289697418204   , 0.2293327675960141  , -0.022280287287203337 , 0.024090502852293312   , 0.06993603355273575    , 0.018835583128987324   , 0.06601967750947924   , 0.03638421290743204   , 0.11721430217867333 , -0.10358925875824337 , -0.10839220514843904  , -0.0664837274331694   , -0.12000726177083659 , -0.16574740763803916 , 0.15197404833845315   , -0.017210973249873036 , 0.0022213991147754285 , -0.1079170790304408
ARGHAKHANCHI   ,    2019, 2075/76, 0.037306732297364906  , -0.11665323183444186  , 0.16046135993353192   , -0.05245843012518974  , -0.011530960628457402 , -0.08365888352364595   , -0.13151383528759644  , 0.19760340819876424    , -0.016726231732117378  , 0.06186193528436552 , 0.06141819726256748 , 0.05811502207106706   , -0.30948151010059055  , 0.005542960874416235  , 0.022770839775562716  , -0.006183955445046836  , -0.13732046861481706  , 0.08743234245514427   , -0.09783687278135637 , -0.1621740374304146 , -0.1656460237271485  , 0.07985714053042939   , 0.19126942170527808  , -0.10645461052410503 , 0.04335741358655428    , -0.013801981093243178  , 0.00559424430926799    , 0.07119555158525313    , -0.08834407131757087   , 0.03297413043339067    , 0.07550470657974263   , 0.22260011556135878 , 0.08892133766519313    , -0.008015081124371543  , -0.08345080319621757 , -0.007700580279218654 , -0.08296204964508135  , 0.026739920088168757   , 0.08078819912951478    , -0.06114162942319295  , 0.00541615282811493   , -0.03706002117625513   , -0.16563532247896903, 0.15711451342080351   , 0.13095490872084015   , 0.11091484000890023, -0.023935860568446342  , 0.21935409176651643 , -0.03729894706544297  , 0.0717235906436098     , 0.0667794175085125     , 0.03366146222480378    , 0.04817126295858728   , -0.038722939056756854 , 0.18893592988916466 , -0.13039262762381035 , -0.11706167036155363  , -0.04552947884175809  , -0.11143439755561596 , -0.11127010109319942 , 0.15739398583472472   , -0.07327631159329152  , 0.03951465753299671   , -0.0929550396767934
ARGHAKHANCHI   ,    2020, 2076/77, 0.03922212463843369   , -0.10330170109710167  , 0.16292044453492494   , -0.0317791240522674   , 0.012253309351117249  , -0.05781357966532216   , -0.15341022945800206  , 0.1627753489323304     , -0.008469230413355757  , 0.08613714605176423 , 0.04969703919584982 , 0.042878976923998     , -0.3323217799591297   , -0.03201611519856589  , 0.00017144028716674036, -0.00797435942811701   , -0.1510845608769162   , 0.08357965824982645   , -0.09644659114433697 , -0.15293509004013736, -0.14366707105926452 , 0.11569505234367902   , 0.14521735538393035  , -0.11388572002613834 , 0.06081224096581623    , 0.025486457078810903   , -0.03708079299933054   , 0.041301671875701884   , -0.10107379923500327   , 0.04812142097088467    , 0.07312480274334944   , 0.2048496303436595  , 0.09349103634326608    , 0.0036743034629815523  , -0.14090259162605537 , -0.019607251855229754 , -0.09042507144367905  , -0.015962136377623958  , 0.03918882608945617    , -0.050024527941551496 , -0.004763727347113017 , 0.0022001816281327427  , -0.18279518440733059, 0.12070345165233635   , 0.13319920420325185   , 0.09870395818917051, -0.03830277086845168   , 0.24351049416576606 , -0.030082362383513486 , 0.06304103477342825    , 0.04209911350147772    , -0.010903962893388788  , 0.061437108100259645  , 0.015208644125638437  , 0.18617448929570987 , -0.18270326062781736 , -0.11242334743843266  , -0.03568058373328052  , -0.09993862286859488 , -0.11153815374196843 , 0.13168858807104075   , -0.06961565556034624  , 0.021585466403050407  , -0.04479387063751237
ARGHAKHANCHI   ,    2022, 2078/79, 0.07964765959018054   , 0.00044256288045854225, 0.17511818957143077   , 0.0013052198917845364 , 0.0006414306749944941 , -0.06745934122429292   , -0.18931820604656108  , 0.16355317386368823    , 0.009236525800899615   , 0.03118299968798187 , 0.07290374910714788 , 0.11924030558942111   , -0.2853260830310893   , -0.0015516306287816349, -0.02657087032503124  , 0.04664983089551495    , -0.024285025660707574 , 0.05150625841602071   , -0.11317526415289539 , -0.14134246325734445, -0.1986987076833811  , 0.1482422807389555    , 0.17156779059137464  , -0.11703966217819838 , -0.011838724352026556  , -0.02252227923246824   , 0.016311556582487775   , -0.024599004006013954  , -0.051720211779982254  , 0.08367606989832152    , 0.07045362352850855   , 0.14939848362628425 , 0.09147951338837214    , 0.0779713824439699     , -0.11753271501076173 , -0.031125793958660858 , -0.13606111178153704  , -0.015965836465858585  , -0.039507403591281555  , -0.050673216212197905 , 0.02971194486524769   , 0.08420659719106209    , -0.10545394424878549, 0.20337554540473768   , 0.02548169042886001   , 0.13138747074268883, -0.03609977447009879   , 0.21387846804677055 , -0.009100233882307516 , -0.021491140945743756  , 0.020918584046406296   , -0.08543384215950076   , 0.07460333144863557   , 0.04575478118007012   , 0.1430688743671973  , -0.22197930688759485 , -0.04274108979623822  , -0.05108782866724339  , -0.08036207783162201 , -0.1985240817972466  , 0.09852228170177153   , -0.10329950551048322  , 0.009329016760475272  , -0.039486413628611286
ARGHAKHANCHI   ,    2023, 2079/80, 0.07958640617349767   , -0.06854317420173177  , 0.17612181780806455   , -0.04325592966817283  , -0.025402617715634807 , -0.03620246004317204   , -0.13638104131863749  , 0.19134862966569702    , -0.030668734854141948  , 0.05136486735942609 , 0.10024157610692244 , 0.08105064056068258   , -0.31370955889856506  , -0.01347311553505341  , 0.0087809679982306    , 0.04655383231373011    , -0.057495276145660884 , 0.0609538671223309    , -0.11026650289018729 , -0.14863721001740685, -0.16894867885077283 , 0.15087756095572347   , 0.1884383313055811   , -0.1429465454457612  , 0.04005471824559105    , -0.0261531236078536    , 0.049619258733452756   , 0.005755484827649833   , -0.06956621197900875   , 0.06856810338010554    , 0.06732407869389163   , 0.15338483782989235 , 0.10249219124645689    , 0.050351688689478445   , -0.0970111075860178  , -0.027900080616863422 , -0.1134382493974082   , -0.03199582550545905   , 0.0005565167001284703  , -0.052634866708732554 , 0.030210766357075976  , 0.06372815436547245    , -0.12581474654826916, 0.23527774737629173   , 0.06852561834370377   , 0.1537780594839422 , -0.041989488191332316  , 0.2320713419571768  , -0.04710630610129051  , 0.00159225297280631    , 0.014268335504756603   , -0.01827559580693247   , 0.0958376121952166    , 0.011437046270358069  , 0.12008891709854778 , -0.1699185869109814  , -0.03002471717695613  , -0.060464372025126834 , -0.09601452595737826 , -0.20304268591596208 , 0.12167947817327184   , -0.06173457373113926  , 0.031599700695930336  , -0.052821431701217315
ARGHAKHANCHI   ,    2024, 2080/81, 0.07442378570070184   , -0.10536787680944469  , 0.18649448812744956   , -0.05497413046439552  , -0.013125274761589353 , -0.07059959677957955   , -0.13225801833320938  , 0.2025301740602934     , -0.024551101621682034  , 0.06218790410374344 , 0.0810031330110564  , 0.07952264737530682   , -0.31819886883110543  , -0.0087734363141599   , 0.01932101737110787   , 0.025228213162020695   , -0.07564547775348544  , 0.08572181335044965   , -0.1140999567710563  , -0.14299280673590956, -0.16014616643517943 , 0.13373504869479122   , 0.1977279430430817   , -0.13327728311653483 , 0.037777483541258504   , -0.016550697000168164  , 0.037736417874111305   , 0.02306971772830592    , -0.09159502291453117   , 0.06948927854881523    , 0.08839642659794929   , 0.17654149596378768 , 0.09782173778432333    , 0.030268258170091305   , -0.0769858040552217  , -0.0039898005194864365, -0.09825958131725221  , 0.003359259524287232   , 0.049540063296143466   , -0.07242211250064355  , 0.03398540332804072   , 0.0140286152758901     , -0.14978010089342048, 0.22034070535515599   , 0.10011982371639638   , 0.11964937931271533, -0.02610966057496243   , 0.23433233611939666 , -0.05984253292630364  , 0.029868229241197423   , 0.04411129900738075    , 0.0007099295429444357  , 0.0532977582437375    , -0.008777150111530982 , 0.1595952075866466  , -0.15348288239919028 , -0.0727164495662507   , -0.03201582251824003  , -0.1061516730464012  , -0.16676109450285354 , 0.135559138808481     , -0.059456963193614466 , 0.015387322700154082  , -0.047543568957531555
BAGLUNG        ,    2019, 2075/76, 0.002361101643145582  , -0.14422135778042222  , 0.14595311018973836   , -0.07080619676114411  , -0.037215107891962564 , -0.06739618955119958   , -0.09430917068822116  , 0.15036608757693024    , 0.001385382245741846   , 0.0908295936255404  , 0.0351055408313302  , -0.012236817578463094 , -0.21057978965489305  , 0.004410477039405357  , -0.016238410662850252 , -0.05580069174505925   , -0.16013956775232913  , 0.09208403122173822   , -0.11020715765482426 , -0.17678586313307557, -0.022518698696369525, -0.02794166994466287  , 0.13936497485654464  , -0.09258967711388139 , 0.06359694278492456    , -0.07043701042533237   , -0.01459620306159667   , 0.01864284202169916    , -0.0734730722914876    , -0.02594570511502828   , 0.03005696326704764   , 0.23417668084831159 , 0.017973523942153374   , 0.020174820108847524   , -0.14363894976838015 , -0.08323493370661775  , -0.02976134029495413  , -0.02319693947836818   , -0.0007784595485540989 , -0.04438486674873089  , -0.044150775169370056 , -0.022418430252093224  , -0.16718196532870097, 0.013748963361483738  , 0.07294473707790593   , 0.1306686517751964 , -0.010437948064703354  , 0.19997978426948745 , 0.02853751900599724   , 0.0722979395740473     , 0.05287676676338369    , -0.045472580370191036  , 0.05018270691058627   , 0.09654686125813279   , 0.14837239203448888 , -0.1148912268948854  , -0.13641992336378042  , -0.10727502936112776  , -0.18037365090908578 , -0.1419735284245236  , 0.08833826550447113   , 0.020878437178748294  , -0.03082052761927791  , -0.0985964238294215
BAGLUNG        ,    2020, 2076/77, 0.015259241822484426  , -0.14090789591458125  , 0.146879701370558     , -0.08812048280536872  , -0.024004022171658743 , -0.046439056845214675  , -0.08173209912579181  , 0.12150394291789529    , 0.002278906792523993   , 0.08716784837832042 , 0.05143919354115965 , -0.010284609560003216 , -0.22729147835860505  , -0.02990636932285208  , -0.01564249393340769  , -0.04071208845086305   , -0.16286966432161515  , 0.09603891689584997   , -0.09291229115675093 , -0.16756022130698026, -0.004480248306671379, 0.010857361593270054  , 0.11225107058673882  , -0.08853653251949582 , 0.07465822669106724    , -0.05455527867426656   , -0.04884937856448289   , -0.004533285573855231  , -0.10224157144146741   , -0.004958117310232534  , 0.031007223209793943  , 0.21107652401726673 , 0.03325329106283261    , 0.034589278423854855   , -0.1766724402149657  , -0.0819292008927141   , -0.03623174212502692  , -0.06765942173385518   , -0.03180258993120644   , -0.03525444650479442  , -0.022908401424470717 , 0.006776139287273032   , -0.17744133567769685, -0.002772531641315141 , 0.07408229209492043   , 0.13948186455375486, -0.020512568715517515  , 0.2299613735199415  , 0.005512716904146693  , 0.058539411296186436   , 0.025351467002761845   , -0.060648989891534735  , 0.07824233949175663   , 0.1414518610269868    , 0.1305665342745845  , -0.13844334620065055 , -0.10793773984749283  , -0.1049870186998286   , -0.14100869608581723 , -0.15938531767344796 , 0.0779904442354192    , 0.05149278894200066   , -0.042183920427289766 , -0.06406712874235386
BAGLUNG        ,    2022, 2078/79, 0.05308282644054882   , -0.054032426199713914 , 0.1733903549568395    , -0.045522818670291273 , -0.015967182269970175 , -0.08579273446726587   , -0.1556675306003013   , 0.12526709105715494    , 0.037766508890981564   , 0.04125588281883955 , 0.05916175325488799 , 0.03374852014700392   , -0.15613762173884652  , -0.01636539968980447  , -0.030557906877815497 , -0.02451152106564778   , -0.050620321786696454 , 0.04225767727423043   , -0.1204631623714874  , -0.15169953675932957, -0.06043923792378235 , 0.02925069088140694   , 0.1305966470125652   , -0.09325344092945759 , -0.004064213492175572  , -0.10088574864984026   , -0.02435907670349627   , -0.054515874271605196  , -0.03235765352521952   , 0.04555527101539688    , 0.030505382991252175  , 0.1564950419054948  , 0.027775230955593165   , 0.08475686975515946    , -0.1600787662053105  , -0.09635904924249533  , -0.08336223076103062  , -0.05847456038587624   , -0.08850625561602735   , -0.034232038203575225 , 0.016715787427967532  , 0.07147001221391837    , -0.1392917411382264 , 0.07186726977918284   , -0.031972896548188606 , 0.17342209683815918, -0.02659863621394938   , 0.1867166735375162  , 0.014006684684274828  , -0.020856460980945773  , 0.004455913823636984   , -0.09385416777536867   , 0.07634813865995331   , 0.175133780125039     , 0.10016296554411418 , -0.20594247121754647 , -0.0593440950303579   , -0.11754688242307137  , -0.14166479172267812 , -0.24632569930849632 , 0.030944085311158193  , 0.023087723113779626  , -0.05863938898802997  , -0.050825393449265496
BAGLUNG        ,    2023, 2079/80, 0.045660577509182176  , -0.1120068656178109   , 0.15790950100666185   , -0.07677486446718094  , -0.04850073097504044  , -0.040679805582994055  , -0.08807778172872022  , 0.14673014517741956    , 0.018225051911181303   , 0.0707278981995383  , 0.08392427268569892 , -0.003054100194439721 , -0.2147284913414554   , -0.03962581542918264  , -0.012355736007680725 , -0.04125235856208537   , -0.11946179494706066  , 0.07287066174586378   , -0.12305211772680436 , -0.1616267038746532 , -0.039474602292094214, 0.03273967458156159   , 0.1442358768042788   , -0.10371677118242913 , 0.05964348826555674    , -0.08604834360674656   , -0.008544341793121024  , -0.033182745110403686  , -0.11538949672244966   , 0.02004951763156884    , 0.02306363405647524   , 0.1649764331374288  , 0.048664908905472634   , 0.06596999464343101    , -0.1588569713363519  , -0.07489641393038886  , -0.06568541287453028  , -0.07641354897567702   , -0.013938660762104043  , -0.06328894592905153  , 0.01965198422502803   , 0.04411718193465978    , -0.15982625794570382, 0.09349667418767968   , 0.03955649103332504   , 0.16219964177662174, -0.0378093913355433    , 0.24629312910963816 , -0.01242280314411297  , 0.016917474087835244   , 0.01840218102785217    , -0.047166290994867896  , 0.08923823841632493   , 0.11133349711626823   , 0.09074452248736138 , -0.15350893678318922 , -0.059682238919616215 , -0.10457705080073962  , -0.16050642217040767 , -0.21772294818329493 , 0.0586887047644193    , 0.0422059900421122    , -0.04339853585054705  , -0.07481805688882416
BAGLUNG        ,    2024, 2080/81, 0.0390420994694566    , -0.1579779288604063   , 0.16632774590180865   , -0.07229671581262082  , -0.04314580256778395  , -0.06718784342473931   , -0.09282707449888479  , 0.16447449487212323    , 0.007617854966164349   , 0.07945029640798874 , 0.07599674137447394 , 0.004617671489180166  , -0.20930401478703595  , -0.02174273637491991  , 0.006373219731205101  , -0.036418779637518765  , -0.12661480775639344  , 0.09435819067111811   , -0.12979358743372044 , -0.1775111289395309 , -0.032854957814312094, 0.01572791074899933   , 0.15092665483679144  , -0.10232835129675068 , 0.05073338329039854    , -0.08305673782065043   , 0.011624261337290132   , -0.001517148622456357  , -0.09120380336465607   , 0.0036254068103593264  , 0.04867228621075399   , 0.19521878336653328 , 0.043190434276624425   , 0.050549015374850625   , -0.13970806950214706 , -0.06348575767388395  , -0.042464084380951776 , -0.04162447375693734   , 0.001551034998803591   , -0.08187988892247357  , 0.01176023593682249   , -0.00991744731835432   , -0.15988370683397934, 0.09342206010973318   , 0.061511131773570364  , 0.1434993549100541 , -0.019613623564821023  , 0.22065989195828623 , -0.02181572380237732  , 0.031043496675325674   , 0.04021985146909632    , -0.04015858924313161   , 0.05674961637267588   , 0.08410654234415184   , 0.11159812238560084 , -0.13156740947323994 , -0.09214589438757294  , -0.08765622145419709  , -0.17086888792833307 , -0.20343669382335489 , 0.08600033857852589   , 0.028494358658109866  , -0.046225895672946236 , -0.08284834441141277
BAITADI        ,    2019, 2075/76, 0.017584600627415188  , -0.17536951730887276  , 0.15841024681236548   , -0.10543719212696098  , -0.04246919748811057  , -0.045614969552942745  , -0.07979195686452309  , 0.1934721314572075     , -0.033997736460538     , 0.0470894166538766  , 0.06356726194895806 , 0.040906389995936356  , -0.2748248851921588   , -0.027615563853004527 , 0.08649990320329451   , -0.08084410280354515   , -0.14207284391019306  , 0.11503825407092588   , -0.12697891713131684 , -0.19805442554407562, -0.0958303192231979  , 0.003337992670840106  , 0.09599706962459618  , -0.10655120209866387 , 0.08941809933515653    , 0.002644688769229299   , -0.04484288403198687   , -0.013647904478622299  , -0.051858843999656005  , 0.006231041592778171   , 0.060735693575036054  , 0.17482749505775153 , 0.1023859401771623     , 0.025477074384304788   , -0.15310152996851512 , -0.015792090718728526 , -0.06827613293336668  , -0.010356509992771004  , 0.014447799912904478   , -0.007617444366744243 , -0.014785521980885967 , 0.01819712009427847    , -0.1466563609142092 , 0.016626912967984207  , 0.0982631423500154    , 0.14667311169744485, -0.0025428658102670584 , 0.26876993584130804 , -0.008991923349813928 , 0.0294561388771424     , 0.0677728478728035     , 0.008022992442771057   , 0.08085408438681232   , 0.09333579972618991   , 0.12267334925548408 , -0.0946418968379478  , -0.12330732021872713  , -0.0810626029872371   , -0.12869825729913592 , -0.10376494418312673 , 0.13494507469128708   , -0.0028037055624976033, 0.022587068169168414  , -0.10414472316284942
BAITADI        ,    2020, 2076/77, 0.029463497622573172  , -0.14265468745350335  , 0.1266533278861598    , -0.12069625283981031  , -0.007091448595212136 , -0.013465561725454914  , -0.05266969388060049  , 0.170333891710465      , -0.050866837800329655  , 0.029757307536905562, 0.04529296988728001 , 0.025071900292236046  , -0.27969230942733847  , -0.06368078280129855  , 0.08747645474657237   , -0.06143597183200436   , -0.1570546357158168   , 0.06886120682854922   , -0.06856687846391706 , -0.18054387042520464, -0.06356457746629961 , 0.017747234525574706  , 0.06848232541820025  , -0.09043547434773377 , 0.10862967198785858    , 0.01618471049885083    , -0.12441879998042439   , -0.01310546731281579   , -0.06522325583525618   , 0.03079847132306601    , 0.059287240678939056  , 0.13991039683653791 , 0.12946581685960484    , 0.07098501030223613    , -0.19353533937173    , -0.0011813179036746775, -0.06661955799607736  , -0.02363366789685227   , -0.025955773405699423  , -0.01036028006268828  , -0.017065354214854833 , 0.05502061342657525    , -0.11266965803166813, -0.041528811431196994 , 0.12220479395374174   , 0.17608049194916717, -0.001184421041646027  , 0.2854808669483062  , -0.013015508997360516 , 0.0014513031689097587  , 0.05411899104291511    , 0.0004984432417949665  , 0.09730661810578431   , 0.1490345841891164    , 0.11951657180516517 , -0.12486031729813653 , -0.11912057730207187  , -0.07775555686348236  , -0.09073495469231108 , -0.09207971665212954 , 0.16483471367238628   , -0.022410090863608813 , 0.030216486405107327  , -0.08367253759756574
BAITADI        ,    2022, 2078/79, 0.06976072838172599   , -0.11328602753791366  , 0.1805372110073388    , -0.09898369595981564  , -0.024498766421473427 , -0.04967956201649217   , -0.11195888150706236  , 0.16947243961006123    , 0.0004623210280659283  , 0.017635307641045532, 0.10039609044534543 , 0.09154739215162959   , -0.2529427906885545   , -0.06271905274138884  , 0.09417722305179584   , -0.002345367885617489  , -0.018607001465568256 , 0.03616612097351918   , -0.13030650983129433 , -0.19484271716052218, -0.11862270577450673 , 0.08486651559821448   , 0.1010013310086766   , -0.11263282999586298 , 0.03731421110165459    , -0.036261538869549956  , -0.049488498975832344  , -0.04665744971932052   , -0.04763191381217748   , 0.0643906432161605     , 0.04413672383921071   , 0.09806572151752568 , 0.12134437899921614    , 0.10030651206322987    , -0.14773992929274113 , -0.037809352335810155 , -0.10167374228196105  , -0.05897371559024618   , -0.05982496237096838   , -0.038319217324119234 , 0.04362231734918186   , 0.10251343890954998    , -0.11458194663248754, 0.13457518547012962   , 0.022459519097797975  , 0.18851116718808816, -0.023322498374835833  , 0.24759716616324487 , -0.04472464955167191  , -0.07366946675499807   , 0.03464298571588508    , -0.017714430494166534  , 0.11757659888617557   , 0.1442845609063077    , 0.06331113133154982 , -0.19565801329323337 , -0.032118523656865544 , -0.1007224855304525   , -0.08399634415070961 , -0.21194337819380105 , 0.10071593090535008   , 0.006732649871077102  , 0.002727415209799937  , -0.06685246782755173
BAITADI        ,    2023, 2079/80, 0.04481484016671123   , -0.13650405274329383  , 0.1671197382326153    , -0.10592733513804191  , -0.03889390050815301  , -0.047025390462521126  , -0.09856742551249725  , 0.19095651986096587    , -0.030259464006685007  , 0.03187344853406016 , 0.09117712740206052 , 0.02645353685821492   , -0.26644023970353603  , -0.05844800329258119  , 0.07397486329359287   , -0.03367727105325721   , -0.08403223347761841  , 0.05809188659990609   , -0.1334640128774285  , -0.16383353360776384, -0.09542411321004089 , 0.0639755342023003    , 0.13459158701843935  , -0.13612380314358372 , 0.05884892873561581    , -0.03594155878679101   , -0.024267082213430387  , -0.018651938975699136  , -0.07404925623751142   , 0.0571815520672348     , 0.05172032124048317   , 0.13473602209929933 , 0.090219373786759      , 0.08020511448252789    , -0.16866988183394652 , -0.0520471769739346   , -0.05376011591754577  , -0.04171332679676466   , 0.026758498400064685   , -0.01623108797042905  , 0.03344524692324382   , 0.07341272897248546    , -0.1533475698835038 , 0.10131797101632009   , 0.08541694900154177   , 0.15792475873457845, -0.01645310946249201   , 0.2567007797477769  , -0.035419414955044595 , -0.01764626719335622   , 0.044429172418892236   , 0.0007245630540761355  , 0.09944428742245066   , 0.10332590947360745   , 0.11317060401141127 , -0.13636017781428392 , -0.05823362943239297  , -0.10978609082515661  , -0.12441876176720498 , -0.17860718725638042 , 0.12277037595553984   , -0.012525114152617837 , 0.002804160745011844  , -0.07690090778677908
BAITADI        ,    2024, 2080/81, 0.02312954695243805   , -0.18434141338627344  , 0.1836543250343222    , -0.10806195018834952  , -0.04973515156239016  , -0.06459689528850947   , -0.10232469412630736  , 0.19872690086717595    , -0.021109488121817323  , 0.050345928962442776, 0.09328089386574051 , 0.04328521442909896   , -0.2705750874871751   , -0.048101291480305175 , 0.07896455934317663   , -0.009645250554187232  , -0.13772907059430728  , 0.07228624624474585   , -0.1326616832412592  , -0.1792756563250275 , -0.09045500902047389 , 0.04644607311678527   , 0.15122424578777738  , -0.13206178132188962 , 0.07114089045476198    , -0.02459679522579221   , -0.022157664756859107  , 0.032302322099081356   , -0.09396902163541311   , 0.019985615123694785   , 0.06669796107098823   , 0.17571587342179604 , 0.10075535016540015    , 0.05320780128852035    , -0.13566541376266686 , -0.02608249674987021  , -0.04615158820208787  , -0.016425276296925535  , 0.04335861206743909    , -0.043398413838185934 , 0.010781813097536083  , 0.005423403042602403   , -0.16370244586350913, 0.11281532170857629   , 0.12039148518107326   , 0.14288818065687348, -0.005643210013286472  , 0.26449392192868515 , -0.040171150445765386 , -0.00477521915270957   , 0.07969666798893128    , 0.03710020519198542    , 0.07761336031449373   , 0.04854163866827355   , 0.10349534850335498 , -0.11605882085215131 , -0.09358285409123962  , -0.08929531568552018  , -0.09578020412215078 , -0.1401988385605197  , 0.12058584224648589   , 0.002657524283205967  , 0.014099611614077696  , -0.09913129255382531
BAJHANG        ,    2019, 2075/76, -0.050864156289062865 , -0.20395945656843417  , 0.054237061963226176  , -0.0897603779105447   , -0.07492324435214653  , -0.006235779169150095  , 0.013389697478363164  , 0.12457547008786478    , -0.03360513839895987   , 0.10486626957664796 , 0.016672641773492057, 0.035243370995266525  , -0.09572544113953557  , -0.015809490670005952 , -0.08487076329806294  , -0.017481991799010093  , -0.09859139464895214  , 0.08955747632583827   , -0.09305517090549953 , -0.1769979587182674 , 0.036336958692824106 , -0.02870352450235417  , 0.06971086730293181  , -0.1125064611572158  , 0.03968481206862273    , -0.0385594143778286    , -0.028470838574971236  , 0.021004675240927532   , -0.014379699340370537  , -0.04103092757836769   , 0.0389968957696196    , 0.18216561899612368 , -0.006129129551102226  , 0.02192328805720615    , -0.08248110918685077 , -0.0866943522705776   , -0.043249063769149894 , -0.04060112376370358   , -0.08158000523719895   , -0.028759926307494448 , -0.03324954023125159  , 0.07269859996976431    , -0.1431462463857892 , -0.0822551956374473   , 0.056754299489533     , 0.19467456115925472, 0.0004452453240874314  , 0.15072462275443493 , -0.041757901363204245 , 0.05051599201259125    , 0.030111270019900452   , -0.003564372266859982  , 0.040236904441327936  , 0.14554785633918677   , 0.1906679506870452  , -0.05808618147530761 , -0.18053661854680703  , -0.1464880294120249   , -0.11672895547908535 , -0.0775735755032379  , -0.009427561918201974 , 0.11845103468982028   , -0.06682129226826265  , -0.06662778689073737
BAJHANG        ,    2020, 2076/77, -0.04408191381500382  , -0.20016549071219572  , 0.05772114189476104   , -0.09935085704857348  , -0.050731678655630615 , 0.020786051503992778   , 0.021976457628469562  , 0.0884018492482934     , -0.05413012881052688   , 0.09109710465058221 , 0.0254717869669861  , 0.03369574748939578   , -0.09622813716882517  , -0.02727397286703341  , -0.059829844286583965 , -0.0032654429420738316 , -0.11316017506614204  , 0.08641276864675462   , -0.0718425166637358  , -0.16864454889577657, 0.0526097890831843   , -0.006114454580503631 , 0.04402661660546972  , -0.10331680885960745 , 0.05380149664229574    , -0.03471777055351861   , -0.05179605695548927   , 0.026873796768709487   , -0.044736066463984786  , -0.018788566173510227  , 0.023278270325705726  , 0.18507208877609085 , -0.004007334069381691  , 0.0171346201608053     , -0.10255248850325652 , -0.106896195073755    , -0.03660518584495867  , -0.06292909741860873   , -0.11355452592274227   , -0.022552722899223426 , -0.02251920682285662  , 0.08860510876316377    , -0.13566924428148558, -0.1198117950331871   , 0.06354581160530028   , 0.20139328721288732, -0.0009922118964633662 , 0.1570587836308268  , -0.03514714191452549  , 0.06180934405328615    , 0.005851143986944903   , -0.0026814456686040963 , 0.07166823475567713   , 0.19063510560890556   , 0.1901010324956511  , -0.06452199415879116 , -0.18785054585249245  , -0.17579798138698183  , -0.08382598585899176 , -0.07710825548704571 , 0.008647167249176753  , 0.09574865617595021   , -0.0721061634670699   , -0.03345857788684908
BAJHANG        ,    2022, 2078/79, -0.002087628180398814 , -0.15037179709954845  , 0.07695113314324115   , -0.0935002837235081   , -0.05488488867137573  , -0.022853546623413313  , -0.03584414342246712  , 0.1195098709506691     , -0.013169394501990981  , 0.07519798312611857 , 0.05903323065756569 , 0.045175406885713316  , -0.04281995163058687  , -0.03494591978471992  , -0.06417011170955841  , -0.005578213332654745  , -0.0036506137734155335, 0.03005898203693307   , -0.11593625816917857 , -0.1496914064200897 , 0.017607938722566576 , 0.004769036605967109  , 0.058747507039043675 , -0.10864505004884963 , -0.003912557262343654  , -0.08124708836599406   , -0.03128070361880618   , -0.018280751803123715  , 0.018573355642177696   , 0.0399042188128783     , 0.026882804434984843  , 0.10850794385324039 , -0.01785944151530949   , 0.06137562865945349    , -0.09161552413589194 , -0.09906690361858758  , -0.08988115588813719  , -0.0778787550182415    , -0.12540250229266728   , -0.03435053621430605  , 0.027246895908627847  , 0.12880102302836535    , -0.11585743763508062, -0.01090824709418463  , -0.017555101505908135 , 0.2315156466550118 , -0.0211187780718931    , 0.1367059102442184  , -0.0655952815656697   , -0.00010700902039107383, -0.016128935503375096  , -0.01863438839007618   , 0.06117593152996771   , 0.21078930884839772   , 0.16426816120039664 , -0.1370999610976868  , -0.1369449776583055   , -0.16703286415000435  , -0.09146911670643217 , -0.1678726444380407  , -0.061816601142986725 , 0.10312996860487454   , -0.10355994856729168  , -0.03306590782327772
BAJHANG        ,    2023, 2079/80, -0.021685697688999184 , -0.18270568865803052  , 0.06389569804891838   , -0.08822343442214307  , -0.09683014850363514  , 0.0007314418292913532  , 0.012343178927110733  , 0.11301310059446948    , -0.030115784565941744  , 0.08946023740847198 , 0.0721207042011175  , 0.0086931633111501    , -0.0835902430856126   , -0.045685560411631645 , -0.06800474286098118  , -0.031427189943628364  , -0.08958048169505436  , 0.0766160223481067    , -0.11632346689141002 , -0.16281716893268172, 0.024076251117936546 , 0.003089990467860374  , 0.09734898142514387  , -0.10513928897514237 , 0.026185154456267668   , -0.06382033418414165   , -0.030358171409868955  , 0.019338011555268354   , -0.05454614139529794   , 0.005925359722391099   , 0.026021539540106994  , 0.16706210300308144 , -0.006023614757931481  , 0.06058082233584488    , -0.1107370709963438  , -0.11278094648156074  , -0.0457839197031795   , -0.08261495123469213   , -0.04752967350182948   , -0.0660147588282726   , 0.024501486040029254  , 0.09538195806353074    , -0.13532256473344367, -0.03867375667010068  , 0.041494316256328385  , 0.19431907655920339, -0.014249413695078489  , 0.16715326806143024 , -0.06336942407694184  , 0.030710925307570868   , -0.011706578757508688  , 0.0006064768556592211  , 0.05549985834765026   , 0.15196552184984127   , 0.17225691705641685 , -0.10003824181251803 , -0.13614306162055798  , -0.1628037844530443   , -0.12303757231051736 , -0.13268372683824167 , -0.013168183220316605 , 0.09167437941811098   , -0.09640113506737391  , -0.050491010589618295
BAJHANG        ,    2024, 2080/81, -0.030175690349580432 , -0.193808020076599    , 0.07776707312699148   , -0.0822333048147693   , -0.09241720072494741  , -0.007984226079453254  , 0.017641200354542055  , 0.11868733556545345    , -0.036947661428102734  , 0.09721355764504333 , 0.08206810715414299 , 0.01012118766758598   , -0.10115430922748896  , -0.033136353781619755 , -0.05153828285085917  , -0.03781565039403858   , -0.1153345859275315   , 0.1061761029224918    , -0.12511094530629638 , -0.1669921161917576 , 0.029618107800624627 , -0.02365325462337078  , 0.09765325756751761  , -0.09247008391804189 , 0.04273978930425207    , -0.0707811183305198    , -0.0233197855638879    , 0.03432073276784085    , -0.06077303981493838   , -0.010845684487027591  , 0.04170111513729407   , 0.19233376127418014 , -0.00458871955115722   , 0.052890799983837875   , -0.11993837708137768 , -0.11550289611036965  , -0.04112690060314337  , -0.06871848349468977   , -0.03205910236793447   , -0.06860136598550877  , 0.0028526157751150093 , 0.0482062970925508     , -0.13433071572388583, -0.01868448320667019  , 0.06157410254641662   , 0.16244971717543805, -0.0010336093653712177 , 0.17515689209102792 , -0.04698900585698867  , 0.027884322289053836   , 0.010346754800375889   , 0.003628687776794448   , 0.055313083116980646  , 0.12831991806130472   , 0.16995552129892547 , -0.08091786115306229 , -0.1419975143778495   , -0.15438041569205885  , -0.13314119705105093 , -0.13536450717766363 , -0.009730237809456865 , 0.08878887768144081   , -0.09693909375256336  , -0.055952102032187825
BAJURA         ,    2019, 2075/76, -0.02534114144036823  , -0.1954444014927214   , 0.0908599155573598    , -0.08440123077793327  , -0.04979244632372066  , -0.030599867906503975  , -0.031817163610438126 , 0.1351267135844801     , -0.013001807763858758  , 0.09006770229166816 , 0.026104397703003723, 0.00984766944640879   , -0.13491310612929466  , -0.007149147551451977 , -0.05327083427993832  , -0.01920533930710378   , -0.12607991460909093  , 0.08997289390427009   , -0.1047047195591779  , -0.1724444576304436 , 0.039494552181308    , -0.03655527789258695  , 0.09472226279859286  , -0.0991890101114833  , 0.04440247913291057    , -0.06454712780900608   , -0.0366844589931445    , 0.017949252622774303   , -0.028607592428693464  , -0.05245066900156503   , 0.03988549611703004   , 0.22388982398584556 , -0.02051708528236256   , 0.0263681330143983     , -0.1066634418551028  , -0.08036523712994353  , -0.03701777400691926  , -0.011952610735012144  , -0.0637314538870745    , -0.03403060661250736  , -0.05186842082072783  , 0.026593575763829338   , -0.14162113603793716, -0.06277678627133808  , 0.059841139263443116  , 0.17552107915116402, 0.02639614398759103    , 0.14037550294967252 , -0.015112407431565012 , 0.05024576297625417    , 0.03744408946264113    , -0.03200183753032402   , 0.04392698008296236   , 0.16388021441399053   , 0.16459652687367626 , -0.05185099366363018 , -0.18816495302371966  , -0.14039183026186872  , -0.15137363738948018 , -0.08928157656127275 , 0.0311941893455356    , 0.07803714158386078   , -0.04361949932703546  , -0.07521661824096153
BAJURA         ,    2020, 2076/77, -0.013560407616570885 , -0.19330908266993183  , 0.08787630226627234   , -0.09187712648875622  , -0.03006828433468211  , -0.00451936017061567   , -0.02161353183268882  , 0.10481634636077965    , -0.030053466075381285  , 0.07359481622672882 , 0.03777109608023199 , 0.003703343929152715  , -0.14008699469907726  , -0.01714057039951901  , -0.03047112207749002  , -0.0067081747349728394 , -0.1382301885840796   , 0.08187563328802076   , -0.08314123135648054 , -0.16042467708725663, 0.060636101086053495 , -0.012567767684610336 , 0.06713236214258958  , -0.09981425021946493 , 0.06117299913154334    , -0.05632338011789939   , -0.05022288354802877   , 0.016561733504698417   , -0.054229810324347316  , -0.02540645010668812   , 0.024354730512601567  , 0.20553487554594732 , -0.021877876172674005  , 0.025498514447425995   , -0.13473084170416474 , -0.1025750649387908   , -0.034911827912630915 , -0.041802296311871934  , -0.09713869901781219   , -0.027332044527267087 , -0.03918118045518467  , 0.04662196222800439    , -0.14618769685648686, -0.0939093368021585   , 0.06282245858780673   , 0.1841728570712463 , 0.014054547080276574   , 0.1497358745037263  , -0.019798505432781    , 0.06512176195097721    , 0.01361954441035367    , -0.029727606220951747  , 0.07228351078857542   , 0.20560084301885337   , 0.16648342346328848 , -0.05850027576602184 , -0.18355117092646944  , -0.16135531317877688  , -0.11470053032161359 , -0.09562804095578901 , 0.04498400279074842   , 0.07067511662591427   , -0.05338862844469714  , -0.03923289697095904
BAJURA         ,    2022, 2078/79, 0.02615128693197999   , -0.1448927546690758   , 0.11715362856394321   , -0.08541430409328825  , -0.041766276115053604 , -0.0470113043235789    , -0.08218663068727479  , 0.13005631857998495    , 0.008148898578053027   , 0.054671680147004055, 0.06648334301610881 , 0.015246638047353645  , -0.07889398504576452  , -0.011943722277067704 , -0.02823221567928134  , -0.02220846091454222   , -0.02984641134951549  , 0.027137704507369884  , -0.13388896331325664 , -0.13839298999964708, 0.017143698273734704 , -0.009305622765623531 , 0.07735160269746406  , -0.1032088317245831  , -0.004454595089433557  , -0.11367830947502128   , -0.021253266891386076  , -0.027043052904935454  , 0.003873234274557005   , 0.034455784695987056   , 0.04235355548784474   , 0.12249118552562509 , -0.035414664773970046  , 0.0703343405695124     , -0.12368329437918321 , -0.08967714410155539  , -0.085575797173799    , -0.04985493687332597   , -0.10803340705095865   , -0.040132902296487576 , 0.0144141998802755    , 0.09208988121002276    , -0.11702532675955594, 0.023761170852689174  , -0.02910235501784205  , 0.21563815705338238, 0.0030889103497138237  , 0.12533244839716295 , -0.03886713123712489  , -0.010783933722496817  , -0.013744706202662691  , -0.05663219375571154   , 0.05750688535388857   , 0.2238304946631844    , 0.1484855621387394  , -0.12502691889443046 , -0.1448701172055672   , -0.1589016800479776   , -0.12778346653298903 , -0.20182752612159466 , -0.0068163156555307485, 0.06873515432804109   , -0.08906287846591274  , -0.028572309545111765
BAJURA         ,    2023, 2079/80, 0.007616601612936442  , -0.18249977803468484  , 0.0979023077770627    , -0.08885091768090742  , -0.073111947675799    , -0.020163172380762075  , -0.02185725618011623  , 0.12761819294615623    , -0.005061153116407127  , 0.07204034950232012 , 0.08791846686077036 , -0.012180703540900952 , -0.12868720254317134  , -0.03419753387381909  , -0.025156339047482257 , -0.032634995898039504  , -0.12397218188433475  , 0.07013619998942944   , -0.12423474177756468 , -0.1598775075854952 , 0.02861704537365311  , -0.0065356494690476065, 0.11826487730500487  , -0.10254900010069311 , 0.03205456567227831    , -0.08925965568746251   , -0.035359015726532876  , 0.005203604504918892   , -0.06477471231235805   , -0.003984791616494897  , 0.033379576038510175  , 0.17653351915674523 , -0.013493361059566365  , 0.07200434769704663    , -0.13638786313931636 , -0.09154495154139218  , -0.04460347952513219  , -0.05541485294789505   , -0.04195485283794236   , -0.07644936323468146  , 0.008834762932933287  , 0.053485140020689305   , -0.1317450556912568 , -0.014474629532857865 , 0.0405270292563582    , 0.18915883584268559, 0.007666285239761958   , 0.16727079074501555 , -0.04652826261155051  , 0.022477802919058203   , -0.003408505861838041  , -0.025449677399162804  , 0.06176845494840647   , 0.1712045438799368    , 0.14210889216372294 , -0.0902255246653087  , -0.1413995527345701   , -0.14624337927941122  , -0.14273151530136138 , -0.15676035971587907 , 0.02854804948058525   , 0.07704034112315246   , -0.07183835235416404  , -0.06138308509276029
BAJURA         ,    2024, 2080/81, -0.004581231010496749 , -0.18885421664322125  , 0.09649670841484186   , -0.08759818878136191  , -0.0602034432736112   , -0.03229323575308613   , -0.0029329785581408687, 0.14025932752891032    , -0.011993383096719226  , 0.08228381302391444 , 0.08870547436495181 , 0.0007032880271462149 , -0.1506185761753975   , -0.02713586488429846  , -0.023455872061244068 , -0.03263788302676807   , -0.14826644424711655  , 0.08806160832311766   , -0.12604847046080567 , -0.16863428788531445, 0.029722319105743224 , -0.015312677500300492 , 0.10967310740059731  , -0.09585631052226815 , 0.05580238412542993    , -0.08533435299740938   , -0.04079053769436969   , 0.007051037823965634   , -0.07735582126592166   , -0.025286432131857772  , 0.047713213277592634  , 0.19424431785367988 , -0.0061196320491677956 , 0.06229675282196462    , -0.1340226916189815  , -0.07762962345057693  , -0.04780209665781056  , -0.03340142185593641   , -0.027626077058194618  , -0.07804140389776054  , -0.019713426355083826 , 0.02683104737635829    , -0.13494301590173222, -0.006595803959763663 , 0.05991904044731671   , 0.17125453778835525, 0.026917113771760575   , 0.17686360668946316 , -0.03154574129925531  , 0.02048095980278935    , 0.023354474665586905   , -0.018310860172644237  , 0.06268488292926648   , 0.15311481822004377   , 0.14358677257589458 , -0.07390160445123438 , -0.147021746039906    , -0.13402668701734852  , -0.14862828516876567 , -0.14685125252557257 , 0.038931474776912826  , 0.07780076483740427   , -0.06280000098755414  , -0.07482305437323801
BANKE          ,    2019, 2075/76, 0.015454817747749688  , -0.12315407096318569  , 0.13773100938521793   , -0.02275179482937271  , 0.004268018597534089  , -0.006674628983481991  , -0.07528634887528249  , 0.16850329055239155    , -0.08172970917549591   , 0.09551330209091989 , 0.10695628743671849 , 0.09058701015456606   , -0.32949562459993004  , 0.008156867655900813  , 0.022130797261838177  , 0.08574209684922776    , -0.15260187666901953  , 0.03061847452094773   , -0.05942178645032134 , -0.18262204785150069, -0.20093085592272908 , 0.2179039233563896    , 0.21481293635120996  , -0.06661272891756521 , 0.053125539591044366   , 0.03419485104261095    , 0.006858597606213386   , 0.10859257754353352    , -0.03594025610516309   , 0.04970105549884909    , 0.08013003162107005   , 0.17975330683814345 , 0.07999163958930572    , -0.07453312881717407   , 0.01826117131135474  , 0.05759868935270211   , -0.12104008417572332  , 0.04190971355511312    , 0.10556885233965534    , -0.07589592314386619  , 0.06883635576006462   , -0.05188348531935652   , -0.1530297263868944 , 0.21785056956463827   , 0.1364460933211876    , 0.10474694339493257, 0.04196486700923664    , 0.10563709478638515 , -0.07647851364162915  , 0.07532666997578956    , 0.011168918390895182   , 0.1212336819779454     , 0.00998344324391119   , -0.12007540002736071  , 0.16269505557988787 , -0.11000992868583258 , -0.11365840705032731  , 0.01894764886864082   , -0.10190996915769066 , -0.09702300195595842 , 0.16997859182647887   , -0.11426357900519633  , 0.08353101069434454   , -0.027256871215725897
BANKE          ,    2020, 2076/77, 0.0073396161833227365 , -0.12361082390945732  , 0.1334651417391169    , -0.02051159402632864  , 0.029072255346943056  , 0.024348318100819166   , -0.12131953517437537  , 0.15684602992565547    , -0.06187455307836546   , 0.12477967872493555 , 0.07724087138184974 , 0.07980592712531398   , -0.31551878098322184  , -0.02812448696965528  , 0.01812782326471596   , 0.07117607432234029    , -0.20240102124556322  , 0.012452024834884444  , -0.05004409702299588 , -0.15403932697596648, -0.1921993417806035  , 0.23208451284252826   , 0.17759426909890408  , -0.06667640861581013 , 0.05092876453243127    , 0.08403243765368419    , -0.04278782429462652   , 0.11789210327683157    , -0.033772304551383775  , 0.04298981274996974    , 0.07489304742749789   , 0.17896596125028072 , 0.07269777065985823    , -0.06980498359266574   , -0.008536567363854384, 0.07451444465643951   , -0.128597540182775    , 0.02326918125519611    , 0.08078021506834793    , -0.0700428891584119   , 0.058259093460630164  , -0.02920524624489591   , -0.16091760242467099, 0.17287498577840757   , 0.14786592418628033   , 0.07755999636128633, 0.03233080799946601    , 0.12223892981229031 , -0.04834912358976274  , 0.09784891400782525    , 0.020916791038555253   , 0.09234557202555108    , 0.020735657716416996  , -0.07820632317432379  , 0.17313851260106947 , -0.16135075908469906 , -0.16157308359158812  , 0.015377536027779666  , -0.09201574284462734 , -0.048596757177891574, 0.13817359062082216   , -0.15460074721918238  , 0.08661513357649599   , -0.017323216799076953
BANKE          ,    2022, 2078/79, 0.0430458122427576    , -0.03767355603797484  , 0.11228277775084765   , 0.008598191236816998  , 0.0035826328242235597 , 0.026371534865533078   , -0.11593607461072951  , 0.1351123756195894     , -0.0719424581252327    , 0.09698311323545838 , 0.16948462052863628 , 0.14439712295692056   , -0.3003919057523535   , 0.015341317285438194  , 0.001143224540066654  , 0.15449625012629079    , -0.08256934513421807  , -0.0191846138164346   , -0.054668851759390014, -0.1594605286591097 , -0.25213689695408187 , 0.290538744749418     , 0.19411572212697015  , -0.08536158739979734 , 0.009885998068618552   , 0.046644661697351576   , 0.05003575808202208    , 0.07616666930716343    , 0.0025883769392559494  , 0.05692517106695443    , 0.0897899801319872    , 0.08416002295142362 , 0.060408934897485216   , 0.012948148107672235   , 0.0039282105535070055, 0.032758999779190674  , -0.18815772067479025  , -0.006745100399586463  , 0.004790085693339889   , -0.05307494997548372  , 0.06761099732056551   , 0.09848973278736999    , -0.06036835053550513, 0.2496526418903425    , 0.04128884082741212   , 0.10530618546211779, 0.04993464254187014    , 0.07785958479233304 , -0.037504549907081026 , -0.002798774148979837  , -0.04222098710820671   , -0.0027009979042487086 , 0.04738139355866341   , -0.04948590947081267  , 0.1627421303108025  , -0.17628758329869698 , -0.07262515513406914  , -0.0058706399643623   , -0.04556588758400159 , -0.1669586817006237  , 0.11469987674969946   , -0.17378231982105388  , 0.07651475602371517   , 0.012989544157954691
BANKE          ,    2023, 2079/80, 0.04286300737057075   , -0.06768728887822444  , 0.13319762703694268   , -0.010923064620001768 , 0.002093150477063022  , 0.0433323610766792     , -0.09720671941433301  , 0.15911951612686653    , -0.07806548865779732   , 0.09524029286607415 , 0.1737157526963287  , 0.13158459619013474   , -0.31389071871609603  , 0.013236305225711708  , 0.012093071423641221  , 0.14285770628241537    , -0.09527857724806352  , -0.014942645955202519 , -0.04659036377497093 , -0.16642106422686484, -0.22546512538903912 , 0.2817083282225878    , 0.2128503638679577   , -0.10539193573364156 , 0.021297510554893172   , 0.028760532444436708   , 0.05863807300013061    , 0.07864631032958895    , -0.0037268873247570966 , 0.06369354751228193    , 0.09639497495399431   , 0.09562481908228085 , 0.06439535000620836    , 0.012525903902169993   , 0.0195156697229865   , 0.04077348346219393   , -0.16173754000461407  , 0.0007034624585927254  , 0.016547012423648016   , -0.05570762230040151  , 0.0814912289007561    , 0.05949239499733986    , -0.07955436500404113, 0.2672868477886463    , 0.061798470768097344  , 0.12725598096378632, 0.056307893269909606   , 0.10005231120025504 , -0.055809354910540065 , -0.007579122919842162  , -0.05438738075586849   , 0.03779838629983595    , 0.04107274753022156   , -0.05812616906064954  , 0.13518070448273786 , -0.16637772683786986 , -0.0657748795726543   , 0.0011644434178722074 , -0.04572701940743911 , -0.18545801462446188 , 0.11537109972482261   , -0.1377889030003032   , 0.09693901804483886   , -0.006786289909126284
BANKE          ,    2024, 2080/81, 0.03049329052387848   , -0.12554037481178015  , 0.1282250030799246    , -0.022518552964110795 , -0.004605720107449164 , 0.0017691194415888876  , -0.07235521781257197  , 0.17334741998374598    , -0.1032996545370926    , 0.08773892050349005 , 0.12622609769357335 , 0.11861693098813078   , -0.35097117282676316  , 0.014687227198565734  , 0.027998936495355148  , 0.09717297171282775    , -0.13188268043324752  , 0.02887534601055691   , -0.05672832004535281 , -0.15983388569086895, -0.2044624910315371  , 0.2585538456783182    , 0.1982572336424028   , -0.09378561375560528 , 0.03636255500339678    , 0.07901338964210887    , 0.05754332530070485    , 0.0643603099084795     , -0.031119486657088514  , 0.06981742608224177    , 0.09763090316843173   , 0.11624071674657044 , 0.06968074040632394    , -0.031192325261337882  , 0.05382665457817875  , 0.08289629580912268   , -0.1670541099248671   , 0.016284033566630926   , 0.06425170932114563    , -0.07608806904519098  , 0.06013578212396943   , 0.016005837309649124   , -0.1333591007813691 , 0.22850189034894636   , 0.07281231614517995   , 0.1096856867829577 , 0.03659462059253633    , 0.12198289440275986 , -0.10315432286708077  , 0.027142353075646483   , -0.012557203291834901  , 0.09127139484193264    , 0.002939884108789764  , -0.08107654849434606  , 0.16151695637196892 , -0.12867344270229011 , -0.10607518249497302  , 0.04148525846460012   , -0.07937891071539492 , -0.12193941392944319 , 0.15604051544278066   , -0.10054112390462973  , 0.061112770800134913  , 0.010109284814232147
BARA           ,    2019, 2075/76, 0.010756676368660567  , -0.14188810454264963  , 0.13843985499280578   , -0.02287399032346018  , 0.006358561317767635  , 0.03891501136549563    , -0.03384222441212666  , 0.12555746767752632    , -0.07192660412730444   , 0.15091211288622952 , 0.12785139283537    , 0.08121765353805484   , -0.3107568016948714   , 0.013733134315458964  , 0.04054463042551055   , 0.059762385458740415   , -0.18887594262902202  , -0.0093222423887309   , -0.10031870085896052 , -0.1128537580209821 , -0.20388611635470683 , 0.24598264199690076   , 0.10770390984240016  , -0.027719647243729894, 0.05602708981000469    , 0.13565220626343022    , 0.024124720468084785   , 0.054823926972080196   , -0.043379154928778856  , 0.059041649335903244   , 0.07679278696078523   , 0.0793687054788704  , -0.0006650984495628407 , -0.03679173963341529   , 0.11576147279319114  , 0.132547548238634     , -0.1919864743546066   , 0.019276811601900506   , 0.12536707809884093    , -0.04526847248850528  , 0.0660147510179997    , 0.028695114957374222   , -0.16747093777207198, 0.2082883597988944    , 0.05604994750657485   , 0.09939236945530174, 0.05708456735483522    , 0.13375172075912609 , -0.11351001724260477  , 0.09545150714295503    , 0.01860652768744833    , 0.15277299300932737    , -0.018200420385552002 , -0.12084829707932711  , 0.2378949696194365  , -0.12689003369161597 , -0.12903497395419802  , 0.020599018691083767  , -0.12160582340655729 , -0.05493807513989824 , 0.08848279971342071   , -0.06888910969220623  , 0.0487199325173475    , 0.042670586819594535
BARA           ,    2020, 2076/77, 0.010961289910152891  , -0.11612259175156577  , 0.169943246414818     , -0.04451031367603885  , 0.02964281031421253   , 0.06082324880855502    , -0.07926285482888167  , 0.08240890290742979    , -0.06498190928188093   , 0.17879868632248996 , 0.11106323954173689 , 0.08457983776927638   , -0.3002330146299351   , -0.01899622263153229  , 0.016554929531796277  , 0.06373928660369577    , -0.20424489698812687  , -0.015835071220645904 , -0.09827725792871529 , -0.10107243258386624, -0.1921400891800511  , 0.2721138061714948    , 0.08174689697788355  , -0.027247309057330388, 0.05917065948372723    , 0.1483552403442497     , -0.015568357871577948  , 0.05122101854821144    , -0.05133034380049737   , 0.06057488067902301    , 0.08242786339323711   , 0.08171914144015939 , 0.009882385850860397   , -0.038551002853991     , 0.05956951977411085  , 0.1293441993441782    , -0.19792015370490518  , 0.011899861552613687   , 0.11329769379179797    , -0.0422479228001819   , 0.056171454860960604  , 0.05940910248650673    , -0.1768347302943271 , 0.19941825171160507   , 0.07792406698743651   , 0.06518291181135208, 0.0552412932911009     , 0.14285895479811933 , -0.10590131037238552  , 0.1031814948984876     , 0.021288842190284735   , 0.10176765064158073    , -0.016566957294316495 , -0.09638812817201368  , 0.22314946147543868 , -0.13797792419909066 , -0.13240190804728716  , 0.014007151169413812  , -0.12153749062061328 , -0.05286305287066847 , 0.0372089247617612    , -0.09505143797043943  , 0.052496175962372306  , 0.07090290429925616
BARA           ,    2022, 2078/79, 0.02142935888803075   , -0.05924313319876911  , 0.14077870789899488   , -0.026043523982896    , 0.0012790606391145476 , 0.07328050408445527    , -0.08248646554175182  , 0.07801694984143179    , -0.08638053153951457   , 0.14590597170445024 , 0.16323255431532005 , 0.13112957886674356   , -0.2964282082946922   , -0.008311909995814529 , 0.01124099351880797   , 0.12388864803754554    , -0.12401779303897047  , -0.06012478883326352  , -0.10159631215752636 , -0.1347077541247646 , -0.23902545080811766 , 0.30882501996232137   , 0.09312237270644066  , -0.049405751633295164, 0.020625917052385676   , 0.11776950112400862    , 0.040396602087021054   , 0.0486642602245229     , -0.004358318129363896  , 0.07515600919245406    , 0.08467693445812892   , 0.05352417762273202 , 0.0029139764517885683  , -0.005702698132490652  , 0.0634844150944577   , 0.09876229906006477   , -0.19034894132437497  , 0.0025517528110072787  , 0.04665517876600868    , -0.04555685716596861  , 0.06677716809338907   , 0.1204875629388534     , -0.10375221071986408, 0.2372756552727223    , 0.04640445542167557   , 0.09219393662197765, 0.057072405491464986   , 0.0960796599310802  , -0.0947341812833323   , 0.04344521341444874    , -0.028206952892123143  , 0.04451901786379757    , 0.021863366940954324  , -0.08877407147881979  , 0.20057332067822647 , -0.1643375342580575  , -0.055837225522355184 , -0.019483511210440153 , -0.10619541039488678 , -0.11747314264405799 , 0.05829769910734233   , -0.1510176682499475   , 0.045996662847971125  , 0.05135810579260149
BARA           ,    2023, 2079/80, 0.018757776945167597  , -0.08156181972249678  , 0.1417517077338132    , -0.01364606311011657  , -0.020035350191173553 , 0.06921828506718254    , -0.05964907315649683  , 0.1056179876336919     , -0.0846503590089896    , 0.11438844241822087 , 0.1688263615298559  , 0.1293329977108777    , -0.32053058664443973  , 0.030180851760106635  , 0.007434720595420932  , 0.14369445518002052    , -0.12144307900711708  , -0.07073079582627581  , -0.10227158253566623 , -0.1352347481997452 , -0.24097477598164713 , 0.3243410857301105    , 0.113194669352187    , -0.05740148800257993 , 0.022351918063854795   , 0.1074343126956867     , 0.07880374583461054    , 0.051269786138442276   , -0.0010314866609626556 , 0.06071073690034107    , 0.06107055376830705   , 0.06733052964467326 , 0.0013522431177317661  , -0.0037728725989479945 , 0.0997071176685534   , 0.07067229207846774   , -0.1978672645537944   , -0.001288249376521701  , 0.04074638381086971    , -0.06297892576994171  , 0.06530587678050938   , 0.09415897862964115    , -0.09891867733479322, 0.2522690333836838    , 0.037313467979262306  , 0.12572056546972452, 0.06814452102137926    , 0.10282009829618348 , -0.10800302331744191  , 0.028054771233282105   , -0.038662239895832014  , 0.07841959667818182    , 0.04734814636166053   , -0.09860587565669057  , 0.16886568314895503 , -0.1548629178334231  , -0.05862207079391369  , -0.027530605766625537 , -0.08159212546849799 , -0.12470411327501334 , 0.05362463540631469   , -0.10668509414674385  , 0.08159831318193278   , 0.0320856836978225
BARA           ,    2024, 2080/81, 0.017611534546415418  , -0.1332988586719867   , 0.14727315092804444   , -0.02680748114196587  , -0.014069664222314591 , 0.043504459542181566   , -0.0617306799754106   , 0.12577238907335733    , -0.08071848664458205   , 0.13696153611656703 , 0.12514585434266753 , 0.10194744304149934   , -0.3155605501097456   , 0.0206197821034479    , 0.02471328111143768   , 0.07286971322924841    , -0.1593122511713365   , -0.022945943610629037 , -0.10142539598117943 , -0.1166992351976831 , -0.22408724019992218 , 0.2827000097856927    , 0.09251094743320717  , -0.04414989663186043 , 0.03239165827076175    , 0.1430043228689535     , 0.04871640000347609    , 0.036067607497177745   , -0.010371604708738887  , 0.06911361480818888    , 0.09267949624716006   , 0.07531353554234939 , 0.009911906576758386   , -0.03331321572568075   , 0.11981743355721176  , 0.13505715853692976   , -0.1789083660834006   , 0.021174457802109813   , 0.08731217988748669    , -0.04992394567396367  , 0.05468170912277114   , 0.04659546697294434    , -0.14320546983375215, 0.2320386131138362    , 0.04609093430946449   , 0.09637089493772033, 0.06117078240769448    , 0.11514959389629406 , -0.12764033898301042  , 0.07463617357035708    , 0.012102222896125985   , 0.11047923942472132    , -0.006778020196890026 , -0.10498077515945815  , 0.19873770996999685 , -0.1288642508959994  , -0.10372922051375734  , 0.014799129270019834  , -0.12196961921656484 , -0.0680293273952121  , 0.07361002105257593   , -0.10543606123834962  , 0.055556934091771856  , 0.04035669516660264
BARDIYA        ,    2019, 2075/76, 0.01840763541014691   , -0.131371090177517    , 0.13772134854408621   , -0.019875781057072876 , 0.008321085239494043  , 0.005713627994631309   , -0.06384181356109683  , 0.16061829048373485    , -0.0711378736112932    , 0.11194659217763052 , 0.1045210962795726  , 0.09907651746594132   , -0.31308789705916423  , 0.010970589938443121  , 0.033253675342800534  , 0.08467834665260918    , -0.1527079594640024   , 0.024848352250709933  , -0.0704368251018353  , -0.18552705876492862, -0.19132250944480864 , 0.21771524215887322   , 0.19006309396154705  , -0.06180714503438842 , 0.04580699035014802    , 0.03743439447297279    , -0.010500872388879501  , 0.09725309929777484    , -0.02369874722483718   , 0.02975223462587968    , 0.08069737055743657   , 0.1685540397389796  , 0.062142135166373874   , -0.07988421026163793   , 0.02570131165727466  , 0.06465958921745524   , -0.11368693162040025  , 0.048752238650090624   , 0.08728002948151309    , -0.08221670942712093  , 0.06881295801737898   , -0.055440935044535615  , -0.1456087735015501 , 0.21439240800144527   , 0.13951530062223833   , 0.11641676833946156, 0.045542574113162995   , 0.11839941959469753 , -0.0689805966421379   , 0.08592283131866478    , 0.0016011320091160238  , 0.11371728716184615    , 0.012650291029579337  , -0.11548259495563305  , 0.16871680590693056 , -0.1085673579067141  , -0.12058085135364817  , 0.019299368886397526  , -0.1071974351194199  , -0.10503180355080707 , 0.18141545848016474   , -0.12406173182756983  , 0.08705752832096249   , -0.043330460280800356
BARDIYA        ,    2020, 2076/77, 0.0027316770128402667 , -0.13242173763443962  , 0.1353309400473161    , -0.024508500040582908 , 0.03365164971755548   , 0.02955397946782815    , -0.0997064352795133   , 0.15303873187978997    , -0.053975145926347196  , 0.13221213973165258 , 0.07492232492723258 , 0.07776893338790591   , -0.3055403388377772   , -0.017418294433398263 , 0.03893868556764486   , 0.0688710876984544     , -0.21747938382100765  , 0.0056272486697295804 , -0.061487591004046036, -0.15104563711397884, -0.1742850408061169  , 0.23481865355497897   , 0.13963324489485193  , -0.0630986884309637  , 0.05978416162457446    , 0.0920249029716852     , -0.05686839736567715   , 0.1014839813901932     , -0.025186507601715598  , 0.024300031759216214   , 0.07312730326718893   , 0.166993259214405   , 0.04018338548346982    , -0.07757051716631153   , 0.0025559552890805598, 0.07598413050275117   , -0.13553340988598703  , 0.03228222247224518    , 0.06632393733595494    , -0.07677697027018632  , 0.04573616494494005   , -0.04034611477074413   , -0.16684313361020062, 0.15525190694808394   , 0.1483889778806563    , 0.09652534333551992, 0.04134172626438536    , 0.13920437502799626 , -0.04668587814640385  , 0.11123219301531094    , 0.01894505601719889    , 0.09192293564320404    , 0.020105307080172326  , -0.0796522468388362   , 0.18074438042436772 , -0.14691063690407152 , -0.1679181016159587   , 0.014644159939057018  , -0.10357156571257421 , -0.04537303032432881 , 0.1455059985582213    , -0.14384790884627113  , 0.0938435518623837    , -0.028713711750314706
BARDIYA        ,    2022, 2078/79, 0.04785150485674428   , -0.05804276213331216  , 0.1168225976510699    , -0.004667985573018707 , 0.0049123791604562105 , 0.026313614427799132   , -0.09083946985058587  , 0.12647840076458172    , -0.06340687707219445   , 0.10187107372919155 , 0.16469810222815115 , 0.1436253052026204    , -0.2933177773779817   , 0.025968531359509293  , 0.018615833680783213  , 0.15833139769799726    , -0.08654750740402939  , -0.02066820709911421  , -0.06579164178731048 , -0.17051036737638334, -0.22405128386524645 , 0.28682610306089856   , 0.17633519091433558  , -0.074670847756167   , 0.005775440483163388   , 0.04059297244044725    , 0.04028408578255582    , 0.07596283770060659    , 0.002378929481948549   , 0.043130532675701556   , 0.09198827784851403   , 0.0843841820407904  , 0.035885067642598516   , -0.003258686006132693  , 0.023860410731812262 , 0.034660136853344084  , -0.1887341023252233   , 0.004775404563850911   , -0.0036475083192453847 , -0.062215882429719434 , 0.07081689188099732   , 0.07483267406588086    , -0.070903645168331  , 0.24416513767361817   , 0.05295005076986853   , 0.12247053884215361, 0.057690745037921376   , 0.09576858573255823 , -0.05635227773121005  , -0.0030662377377451253 , -0.0540173851817335    , 0.007647070431741712   , 0.03537626807856577   , -0.06230151815533189  , 0.17574315648527764 , -0.17221921492383488 , -0.06885590259993338  , -0.006814890390240434 , -0.04655470734479003 , -0.17202760244591142 , 0.12836006778969777   , -0.15007308110705284  , 0.08001313675182413   , 0.009336999728734783
BARDIYA        ,    2023, 2079/80, 0.043222066237331574  , -0.06420189083742561  , 0.1331540378596215    , -0.02093919563686138  , 0.002778820636684602  , 0.049244398476199915   , -0.08071183085513324  , 0.14629170333994843    , -0.0719433839966229    , 0.10047587237131253 , 0.1719085449919886  , 0.13302732220871974   , -0.29715048695911644  , 0.017993769901769735  , 0.025711561375963782  , 0.1510644509119416     , -0.09976093401381173  , -0.02437949028209089  , -0.059328267616905156, -0.17369211857789654, -0.22001461494450272 , 0.2804352986697817    , 0.18911315212462076  , -0.09541371870488377 , 0.010451860796490983   , 0.031033916464435502   , 0.04908305106550413    , 0.07156051743443251    , 0.002135887996885273   , 0.057956031998617506   , 0.09783388740284608   , 0.08181146090901804 , 0.04619221266972677    , 0.007382069577602835   , 0.03404021189041158  , 0.041791335201848155  , -0.1661414350311408   , -0.0015692920827580716 , 0.005314530541754447   , -0.06191331636692212  , 0.07391835019672337   , 0.06111785649879932    , -0.08362118854364842, 0.2627336016636229    , 0.06496018601206774   , 0.1445515633870847 , 0.05988033228784749    , 0.10661354697723203 , -0.06170163146330772  , -0.008512047941679588  , -0.06446450559475209   , 0.03307416823554184    , 0.040672605267840486  , -0.06443653214257324  , 0.14400085135324137 , -0.16359683810506825 , -0.05943218887766185  , -0.0069663232728706635, -0.043117733496473826, -0.18632323334161838 , 0.11408127315401706   , -0.1350187972872834   , 0.09468484001538083   , -0.007590431512013462
BARDIYA        ,    2024, 2080/81, 0.022105053828004647  , -0.14023147346053594  , 0.13883397444079434   , -0.026714603473057697 , 0.004103198324257637  , 0.0056322646933615154  , -0.06719799563549018  , 0.1645283915170591     , -0.0858583764727576    , 0.10284846275443511 , 0.1232609444726365  , 0.1011066759129273    , -0.33450170003553964  , 0.013220468291896492  , 0.040889301718417675  , 0.08959232798656315    , -0.14822678244022217  , 0.015726346044514714  , -0.06599621854636518 , -0.15702957879177373, -0.1828224397515544  , 0.2559045214248261    , 0.17654540023317952  , -0.07939600898971462 , 0.034059490987103404   , 0.08456737770214347    , 0.03351242726999991    , 0.06008255112562603    , -0.039073324532392484  , 0.05696064804477837    , 0.10053938801825903   , 0.09887319833501185 , 0.051707468479550336   , -0.047889890996174224  , 0.05234115297951441  , 0.09111772223755057   , -0.16889365890981028  , 0.022272951437165324   , 0.05747073889077609    , -0.09402773108812716  , 0.05527979042451478   , -0.001621548808961812  , -0.1483726218139465 , 0.2236422194243509    , 0.08373671978951279   , 0.1119880259567139 , 0.0392542704621592     , 0.13550730288623267 , -0.10543309252357441  , 0.044414197073111214   , -0.008211655561790652  , 0.09044569127872557    , -0.0006042254478337011, -0.09325528155306018  , 0.180650327333783   , -0.11979069970573739 , -0.11930216707444655  , 0.0415010554559902    , -0.08424463346908412 , -0.11068982663812818 , 0.16322980950867913   , -0.09654497571759334  , 0.06491288412879717   , 0.0014149622421112302
BHAKTAPUR      ,    2019, 2075/76, -0.011793753701253058 , -0.1734014641934215   , 0.16272451936235435   , -0.11027822371078795  , 0.026041572735366936  , -0.05971461342291563   , -0.051276447557591295 , 0.09535848504484867    , -0.0711568392314835    , 0.11002055831153407 , 0.0866521521197025  , -0.06358207456144488  , -0.31032645574585027  , -0.031047589600078446 , 0.06890888648679265   , -0.12639161824822046   , -0.1902238896809357   , 0.02313767532749432   , -0.1062209680535072  , -0.1722091494303186 , -0.15885834493819975 , 0.14237759545453105   , 0.10330840954680431  , -0.12193644029429185 , 0.034458638715464056   , 0.0784022226073282     , -0.035756194956679734  , 0.027374995577648324   , -0.06760690193906539   , -0.020062186951188974  , 0.03508062399188108   , 0.18408643980272257 , 0.014279162337959091   , -0.025270838817298     , 0.02780023161130863  , -0.034152877465046666 , -0.11709581783612837  , 0.0250000577839265     , 0.05233335416831013    , -0.004245661918078351 , 0.02809737509138733   , -0.006988289649846352  , -0.24160146707463195, 0.14007610835518028   , 0.10511973402909625   , 0.07376571511414051, 0.08116772138440041    , 0.18697986193441654 , -0.009276118903821465 , 0.03073818400180204    , 0.11131337423270324    , 0.11623777389910019    , 0.037971470689210494  , 0.023506346519242046  , 0.21220734025837873 , -0.1515396843721449  , -0.14149789365263865  , -0.058457517328851794 , -0.17759187697911835 , -0.14301889031618575 , 0.044862246996763416  , -0.10873324310293124  , 0.01794812188506395   , -0.04216238114739183
BHAKTAPUR      ,    2020, 2076/77, 0.004647877642725935  , -0.1468307105504794   , 0.1862576756180133    , -0.119495418721434    , 0.041944384329080826  , -0.035344758165208746  , -0.06089640733366377  , 0.06089967917062518    , -0.08650713839040575   , 0.08034403476119345 , 0.10730925861662825 , -0.06384405242487806  , -0.30818973031185004  , -0.06598281794605919  , 0.04702927654245016   , -0.1057296626604872    , -0.18218315077391176  , 0.041533743737510787  , -0.0935553301786883  , -0.16193133748283703, -0.14577293062690877 , 0.16838928602092754   , 0.09143501624872762  , -0.12642174833706324 , 0.013528390318470201   , 0.08504849572873678    , -0.06304989992494514   , 0.008265764017865053   , -0.0963759899269442    , 0.026518395329996607   , 0.04700171422854397   , 0.14583001143402155 , 0.0398460580688519     , -0.002394635070380293  , -0.02510882334135113 , -0.02005701440092837  , -0.12339138867487161  , -0.01800359493894312   , 0.01732417240683297    , -0.013009710310699618 , 0.056179952984841415  , 0.03296522262395477    , -0.24182428723909113, 0.12607608159949005   , 0.08857206326082279   , 0.06567735482539072, 0.04955904485580228    , 0.1863511300525224  , -0.026651064554722083 , 0.018546890352752723   , 0.08348940657966922    , 0.080250040553301      , 0.04667182104956505   , 0.08380581175195012   , 0.20488783750128928 , -0.18655147938098512 , -0.1083603660392389   , -0.042933063057442086 , -0.17603069459370976 , -0.17730716656248105 , 0.03722219683956748   , -0.11255069861708765  , 0.0018550864643775364 , -0.011550661146189313
BHAKTAPUR      ,    2022, 2078/79, 0.03697316821225301   , -0.1547715455790336   , 0.18397106919222683   , -0.0891650304137416   , 0.03407792528117816   , -0.06270302037003735   , -0.07049831254648825  , 0.03676340219902808    , -0.06649625038269462   , 0.057395472488322115, 0.1163135244614023  , -0.04162560433714672  , -0.2659965196645536   , -0.07521712715686708  , 0.053977881410716404  , -0.08469910313871608   , -0.09442711465868742  , 0.008132115960024064  , -0.10773325866448766 , -0.16647601919824237, -0.17819015792349036 , 0.1933063168572468    , 0.09387051525458724  , -0.12377096697534455 , -0.033963048937062264  , 0.06254088701155278    , -0.03209870585782677   , -0.02071846442765685   , -0.028250640598417764  , 0.05845743184758637    , 0.050187686363389376  , 0.09339595822472781 , 0.020389271230283938   , 0.016276203239415962   , -0.006696005945735632, -0.050684563461305024 , -0.14692617180639891  , -0.016236109845625523  , -0.022315128264314726  , -0.024197998612668296 , 0.05619695544037638   , 0.07101186326332984    , -0.22832852026492914, 0.1754486291550668    , 0.04083060207320371   , 0.11440682607177129, 0.02641716049231104    , 0.1541005424329561  , -0.04059330825671356  , -0.0481624131471072    , 0.05343124406669151    , 0.07800306014072264    , 0.038925184450215006  , 0.12257803689927525   , 0.18424695482654432 , -0.2375558456009652  , -0.055281180232909614 , -0.07698573894652581  , -0.1568501248368586  , -0.2448717500704966  , 0.024955279276739996  , -0.12669898675046487  , -0.01234540394060065  , -0.034800686296563396
BHAKTAPUR      ,    2023, 2079/80, 0.02874644758983425   , -0.1813335306145464   , 0.17465201782385578   , -0.10474573554248048  , 0.004344788442633117  , -0.055707775581225874  , -0.03054902934767569  , 0.09815835787235981    , -0.07422358834132231   , 0.06612479300998975 , 0.13039645248441326 , -0.04573684558090774  , -0.2973795249760466   , -0.05089142150351507  , 0.06794522918319706   , -0.059920910667218136  , -0.14097977625820932  , 0.026769551963638394  , -0.11081456721884424 , -0.16310037967728477, -0.1633236655970757  , 0.1886719960350204    , 0.12421489849155941  , -0.1340145754545454  , 0.012815808628044215   , 0.0534387321841159     , -0.018387405063500943  , -0.01376174371485219   , -0.08045769042107097   , 0.03396371724357201    , 0.03668144537521245   , 0.11797066888739342 , 0.016706942665575843   , 0.002993188745640171   , 0.0547180625191753   , -0.03430481730356459  , -0.13771912856061183  , -0.00808055915497245   , 0.007160950292530726   , -0.04923416126977445  , 0.04621919575660744   , 0.020234756320490557   , -0.23512248006503447, 0.21606619180469255   , 0.08129977026480201   , 0.12293938531691166, 0.034496177042393744   , 0.19439719193193705 , -0.05356216509232504  , -0.02910058634388859   , 0.08828724639026811    , 0.1332731918508167     , 0.0655014741981575    , 0.03911540585659956   , 0.15309284265322057 , -0.19657551083145192 , -0.06382822478347538  , -0.07365384534533595  , -0.1418094625632142  , -0.20420441356759766 , 0.04392837474476424   , -0.07372211340942729  , 0.012319429946079725  , -0.05370712181682131
BHAKTAPUR      ,    2024, 2080/81, 0.03738089832577684   , -0.2038704879689475   , 0.18052430386332682   , -0.08566484041729841  , 0.018413623450760145  , -0.0748138487430881    , -0.04180298814829864  , 0.10618241709170548    , -0.08297160505443221   , 0.060887332988931724, 0.1173629607805856  , -0.039962119531880703 , -0.30132956770893354  , -0.03922333048515139  , 0.08128925357931047   , -0.07869321313064803   , -0.12737542248690456  , 0.02799804364693614   , -0.10720699617101626 , -0.1587041444452347 , -0.16172978486377065 , 0.16938096886943296   , 0.13485826353562272  , -0.1235994330981612  , -0.003060840805167412  , 0.056246157032522594   , -0.002716746203632796  , 0.007071614502429602   , -0.04657845832069534   , 0.029172218780483317   , 0.05911197054795695   , 0.14245505042061204 , 0.015574376212665395   , -0.007781990606746123  , 0.06233075606040766  , -0.029351014156370363 , -0.12424597943845923  , 0.008459372100726243   , 0.0392985986592343     , -0.05101601439112531  , 0.04363558704006489   , 0.002617500084838845   , -0.2435165642926007 , 0.2114435209171723    , 0.10150592689467311   , 0.09676460750823095, 0.040989190327858534   , 0.173149200677669   , -0.08332341734868692  , -0.016659604457835504  , 0.09080463375194033    , 0.12810969769398425    , 0.029799234674370675  , 0.036459993360551654  , 0.17148034210227758 , -0.17876941743611588 , -0.07959896771715244  , -0.05026130255667472  , -0.15828695686008523 , -0.18589975091181937 , 0.05263338397244541   , -0.09225826211780336  , 0.00724363247952633   , -0.06164763248685539
BHOJPUR        ,    2019, 2075/76, 0.009484701689751745  , -0.12546083817704473  , 0.1729814870990301    , -0.08783261769866786  , -0.015107977192482181 , -0.04767073619564843   , -0.10626247280377993  , 0.14245610000137915    , 0.025457304045431048   , 0.10551555755770163 , 0.083464097675186   , 0.017678627985141797  , -0.28422623492008026  , -0.05917683467920514  , 0.026922303804485015  , -0.051338431920108535  , -0.15683328969893204  , 0.06860322329505635   , -0.10513354513674188 , -0.14743567886132355, -0.1474690696150087  , 0.11956907038507242   , 0.12400021806633761  , -0.09813055612667203 , 0.0785192543912654     , -0.035002596273432135  , -0.03629631336554603   , -0.021609095103728035  , -0.1639020866995002    , -0.01793855946869256   , 0.054319790036075975  , 0.18052548933886925 , 0.0797926151115435     , 0.011107220764314462   , -0.12450871900370447 , 0.0041689062705859686 , -0.08755607747558354  , -0.0291888225127964    , 0.017100811938178494   , -0.03842453995388295  , 0.012076363243428848  , 0.01927517456489505    , -0.17794086046195462, 0.15218044388855573   , 0.06516190946817581   , 0.152460425633367  , 0.026976019575345622   , 0.22125293294036205 , -0.018055717147078095 , 0.056086121923492875   , 0.05647217128711812    , 0.010982637345033132   , 0.09436755841591456   , 0.03576464273964566   , 0.13862648976553243 , -0.14671036132489307 , -0.09457286379228008  , -0.07053264870680541  , -0.12984700591829443 , -0.21214676450838535 , 0.09525342498944651   , -0.004325896304009692 , -0.01013670960713556  , -0.09482434838084298
BHOJPUR        ,    2020, 2076/77, 0.04515322710905495   , -0.08246739945588653  , 0.1671520411236094    , -0.09164729046843362  , 0.02275272932385427   , -0.03619886474358641   , -0.132143314794864    , 0.1082865019318964     , 0.01353324752004096    , 0.1023651059838874  , 0.0829194410368306  , 0.005320746242727401  , -0.29139485914050406  , -0.07080822042775277  , -0.005690210364860962 , -0.03293716810802202   , -0.15104854481729899  , 0.05870341954758581   , -0.10189519309140285 , -0.11575772354580789, -0.12461169204693887 , 0.15781959443561455   , 0.09069064626493942  , -0.10675837984461793 , 0.06602725206509903    , -0.030821652606473737  , -0.02457717694721849   , -0.04176487405069428   , -0.16981799896633668   , 0.026084176594409654   , 0.04386983921509433   , 0.1624126685891525  , 0.07804551674725621    , 0.02440733752746678    , -0.15560278785427914 , 0.006872850836064301  , -0.1068073765844592   , -0.07326491446915483   , -0.02114119053609044   , -0.021739978630860145 , 0.041275240438283706  , 0.08897078230256322    , -0.18748035371332888, 0.15972485903940578   , 0.052297518897974876  , 0.1350690066177139 , 0.007173911619864613   , 0.2351926964567316  , -0.02163920126318481  , 0.05947867266869459    , 0.022781455655153583   , -0.0367139176708626    , 0.10932648276534625   , 0.0821560609657579    , 0.13744306483664026 , -0.19648377652524282 , -0.06410372040359841  , -0.08131670863590516  , -0.1256312647670467  , -0.21276410776205987 , 0.05722018842687416   , 0.008764814690235257  , -0.0243438637785735   , -0.03940192206871709
BHOJPUR        ,    2022, 2078/79, 0.06034909731491028   , -0.0447171110823446   , 0.16309417475675933   , -0.08053635426672211  , 0.027690137418314432  , -0.021473925475954028  , -0.14726074116019536  , 0.10628473742319422    , 0.036015611989001745   , 0.07901410357625963 , 0.10469823181687672 , 0.07133425170046286   , -0.2454651778372059   , -0.08661453719841689  , 0.004677393778470728  , -0.004082199042410828  , -0.06447344091607903  , 0.0031802386308658133 , -0.08511382754417966 , -0.12502395251642384, -0.1453090267837615  , 0.17595165116880382   , 0.07268868325127635  , -0.11041214401246255 , 0.030832354010574534   , -0.05129375872888705   , -0.028037698452438996  , -0.05816533972558987   , -0.13347784002004245   , 0.024240057010507358   , 0.03821934402202534   , 0.11100332962149748 , 0.07871761155468293    , 0.06961489873593314    , -0.14866903539540047 , 0.004838796276473342  , -0.11256781289316467  , -0.09441932807317639   , -0.0805405349050955    , -0.027492218709107754 , 0.060594466025300164  , 0.12858184281151733    , -0.1289576867529237 , 0.19730657899676815   , -0.013047664593952795 , 0.1690654945473976 , 0.012727939707468942   , 0.21512291414237159 , -0.01659493925747184  , -0.021996393159555844  , 0.00221218657553548    , -0.05418446925858757   , 0.13007615914825682   , 0.1258328846635965    , 0.1108447674857624  , -0.23997933041154265 , -0.01904931907669789  , -0.07844557941421794  , -0.08642711613658971 , -0.27028114794220337 , 0.06217352144999043   , -0.024402392028564295 , -0.027103038740058337 , -0.04332548842219721
BHOJPUR        ,    2023, 2079/80, 0.0651896919315414    , -0.07339240947438207  , 0.17208416961763676   , -0.06925629673824059  , -0.0043009820058696165, -0.03373213687826617   , -0.1353247289557181   , 0.1335721325339948     , 0.02010973515038394    , 0.07732540957519697 , 0.11540865994977426 , 0.05552442073122686   , -0.254307690561634    , -0.05647752017127145  , -0.0007331147230188579, 0.007804349124208996   , -0.06167995390668957  , 0.0012932475890386455 , -0.11284255341972504 , -0.12309817958734046, -0.16156520008250638 , 0.17317955003560126   , 0.1093068327851579   , -0.13006742053163364 , 0.02715619643973591    , -0.06099963428450478   , 0.033537268588967065   , -0.03677078960582311   , -0.13381551228244845   , 0.022919653837481485   , 0.03256947324099248   , 0.11884366900623877 , 0.06427397476127285    , 0.06051439909142448    , -0.10798816304641626 , -0.0202040480203821   , -0.11092369593923071  , -0.0843146926997868    , -0.05706802828015307   , -0.04647615462787498  , 0.04528226655948222   , 0.10540405960675585    , -0.13232356991607772, 0.23686981787524755   , -0.00589794896322186  , 0.17109299397642605, 0.011354296900044277   , 0.19993985259813166 , -0.04265097804022349  , -0.013056699526054637  , 0.012116089476933576   , -0.03296053153796292   , 0.14285195060938544   , 0.08100154701443457   , 0.08982041265012292 , -0.1967321806929049  , -0.010606102113491209 , -0.10737565115506251  , -0.11211399786160871 , -0.2783634347693127  , 0.06851720221609713   , -0.02767660613435513  , -0.008758047183361886 , -0.055042722749417135
BHOJPUR        ,    2024, 2080/81, 0.06028145617616596   , -0.08319964111244174  , 0.17307729428442953   , -0.07056417589883776  , 0.006261707509151158  , -0.051736378615952774  , -0.12840253831363455  , 0.1758294618024045     , 0.01873022171344551    , 0.08355380065571692 , 0.094938175955701   , 0.02445276803967713   , -0.27496838957975034  , -0.047256927207481085 , 0.009724974271935199  , -0.026288548467449817  , -0.11334531214927791  , 0.05087264339233248   , -0.12048570835860363 , -0.10111469131911754, -0.15306395668086747 , 0.152815886926134     , 0.1207813676764867   , -0.11379918170810172 , 0.042875468413218036   , -0.05239874125788108   , 0.02421559364505626    , -0.03739239641729779   , -0.1321309567334768    , 0.043749483264851674   , 0.06501071291414692   , 0.14012958981019236 , 0.07438635200002917    , 0.03303771280928017    , -0.11767883350710803 , 0.00916978289168267   , -0.10370693713244131  , -0.055914553774138995  , 0.019277823169173144   , -0.04812576503559297  , 0.0355026505108009    , 0.0857870527285628     , -0.1637709704259889 , 0.20988334418112728   , 0.04208020508085992   , 0.14980361996348626, -0.010536266619151835  , 0.21511869729600866 , -0.06281008851590268  , 0.034998813743330706   , 0.029246861972537803   , -0.008719082037105447  , 0.08124684071249616   , 0.052902950091044315  , 0.14264049619774244 , -0.17326380189453328 , -0.04709484406726936  , -0.06323813144145098  , -0.14118810978087992 , -0.23546939739598782 , 0.0718834721508791    , -0.02828891424376541  , -0.03341370070453927  , -0.060954518272433304
CHITAWAN       ,    2019, 2075/76, 0.044138112757492506  , -0.13260104800702646  , 0.13633420540565871   , -0.037637704522662255 , 0.0171342067782309    , -0.0007742068362415037 , -0.10338284484770172  , 0.18201163687684224    , -0.02907553619749908   , 0.14471648862388162 , 0.10740431999866334 , 0.081639413467193     , -0.3142263305464204   , -0.0014854452595632857, 0.010062232508735254  , 0.01850170659491043    , -0.1543405711056607   , -0.0021807883177793457, -0.0952328530142829  , -0.09015647808264529, -0.1945292544461074  , 0.20074463949179777   , 0.1464641422169894   , -0.057457123246886996, 0.05593640607316786    , 0.08505551012119884    , -0.020276411750628862  , 0.026125164029329618   , -0.062166257732483195  , 0.026176377611520158   , 0.049409529055432826  , 0.14380614335803393 , 0.006864328191452927   , -0.04101540202279177   , 0.05235985984897439  , 0.06205850633534994   , -0.16450768818899592  , 0.016263942875234166   , 0.11551456053900894    , -0.0830249951044993   , 0.055652766780699206  , 0.003477037466371036   , -0.13765777941379573, 0.23911194068053365   , 0.10288757933691217   , 0.10699718549392961, 0.03114373225527796    , 0.19242057699041207 , -0.05833056606204656  , 0.113114291307898      , 0.025525654528055018   , 0.0756829524560035     , 0.04008831812660892   , -0.06949690441798533  , 0.21212793312652758 , -0.134076933040696   , -0.14547856337733853  , -0.010104672807207898 , -0.1080398886168238  , -0.034730174571347104, 0.1214033989053522    , -0.08497024567548293  , 0.07749827486186689   , -0.025865258324546885
CHITAWAN       ,    2020, 2076/77, 0.034957791497574775  , -0.12710670050988968  , 0.1407975260064242    , -0.04228835146964268  , 0.04832956296855548   , 0.003529392912234421   , -0.13129994906584141  , 0.13055688662611165    , -0.014933363317309885  , 0.16099171269326815 , 0.10857691945314905 , 0.07269409502788499   , -0.3251549109660872   , -0.024956113860862914 , -0.003146558913691736 , 0.0339791491702385     , -0.1818000861674227   , 0.012100717030390735  , -0.08295807947627029 , -0.09864456956910254, -0.16710187755988903 , 0.2192235904101407    , 0.12196853794991708  , -0.04792498076509444 , 0.07317824549519536    , 0.07506102347692845    , -0.050855355126672205  , 0.02629314093699398    , -0.0745699670047772    , 0.015392305408640398   , 0.04908195598484822   , 0.14923838855143873 , -0.0014788788035743207 , -0.06477475719700199   , 0.0031987690251686074, 0.03486771308370526   , -0.16280769284851546  , 0.006117470520816088   , 0.08044972532068664    , -0.07019981819430894  , 0.05024857041688754   , -0.0015531905536066543 , -0.15950797306619938, 0.2128090192068607    , 0.1209524545389506    , 0.08845435592001528, 0.027178393183346403   , 0.20439680388112574 , -0.03813961609658777  , 0.11267081426262675    , 0.021049740290900194   , 0.038573492112679124   , 0.047350180922158126  , -0.037982190872271684 , 0.21167832918959306 , -0.15585517017396236 , -0.15198219436408938  , -0.028321341204691777 , -0.09263254106390734 , -0.059729041735730376, 0.1009828391005603    , -0.08132522939534498  , 0.0864015242454561    , 0.003144444769741553
CHITAWAN       ,    2022, 2078/79, 0.0603425766861019    , -0.050662974400374226 , 0.12148578262001361   , -0.00393246723987365  , 0.017037845768366543  , 0.019033187943237495   , -0.13496618905362606  , 0.12825818703866734    , -0.015383740992355056  , 0.12492344443868092 , 0.1411913320869893  , 0.124886275839259     , -0.29381903077776045  , -0.024031881615465562 , -0.019353603637455308 , 0.10420054804807834    , -0.08918684105168834  , -0.033084532833896764 , -0.09135790677963276 , -0.1014849187026201 , -0.20257781536484076 , 0.2551440944581336    , 0.12558646244132024  , -0.06096701030223244 , 0.021280914156103017   , 0.036030657168133445   , -0.00508318681541057   , -0.0029997371458114945 , -0.05066861534385457   , 0.05816145350055631    , 0.0608926254116059    , 0.09668784736860705 , -0.013003213598011987  , -0.01462878467248077   , 0.010910069103200259 , 0.033930244814547095  , -0.19155879796330516  , -0.007525827896931546  , 0.0037112002463775867  , -0.07946776508119123  , 0.05176544169790893   , 0.08482471548258162    , -0.06669111289038286, 0.2638520996849615    , 0.05047769269484121   , 0.1212202164732546 , 0.02279527419190739    , 0.15900018669159235 , -0.009269257136078731 , 0.031154510736817756   , -0.03358533606417157   , -0.03406532896947165   , 0.08054020156882408   , -0.00893647534427994  , 0.1753091906006392  , -0.17318066556297892 , -0.0705113987203229   , -0.054845287066713766 , -0.067445926273495   , -0.1250779587886488  , 0.08505263782638471   , -0.15697492281282646  , 0.0901374795261431    , 0.00560242094973653
CHITAWAN       ,    2023, 2079/80, 0.057534353667781805  , -0.0893319011595708   , 0.12201359115466183   , -0.027763872193068594 , -0.00905928537143256  , 0.03070458720768315    , -0.12053220185878764  , 0.1449445340988337     , -0.029252646914608136  , 0.115848361179236   , 0.17164618886853075 , 0.11958484437107438   , -0.3055013117505558   , -0.022811324001761373 , -0.011989554888087305 , 0.11604878571379544    , -0.09112572732134687  , -0.04528996436194782  , -0.09219807966038279 , -0.10704395954029654, -0.2100137742192296  , 0.26671485883873997   , 0.14469818209742516  , -0.06837291591347415 , 0.032617451637081796   , 0.029924289643762564   , 0.04502565022188603    , 0.016908260547088095   , -0.04045020051280734   , 0.026726345420703353   , 0.03799757788836043   , 0.10859240148508852 , -0.0044128969117037935 , -0.017048214442780027  , 0.04226184015803131  , 0.01650446358509887   , -0.19081972334161956  , -0.021267173360763204  , 0.007292108108512472   , -0.09081800287849198  , 0.06701510110528597   , 0.07473370162570116    , -0.07847013163168527, 0.2943617166581651    , 0.061276508557728024  , 0.15456691802871708, 0.02833371795940723    , 0.16758274558672784 , -0.03651088651440935  , 0.030470086003390965   , -0.033985131132444446  , 0.019753986036325732   , 0.11464335188645731   , -0.04341803776651171  , 0.14559283139097884 , -0.1563745459958821  , -0.06332978439794183  , -0.06125753133259068  , -0.056804198133782714, -0.13644877144821202 , 0.09838802454090169   , -0.10603379375807999  , 0.11136343319220643   , -0.021049107178360796
CHITAWAN       ,    2024, 2080/81, 0.058108166570937266  , -0.1266066323117948   , 0.15249354820341487   , -0.03044997703460212  , -0.01277706947695886  , 0.0005715150363544569  , -0.1270889699097287   , 0.1658012150514638     , -0.02078507602841775   , 0.13945849388835704 , 0.14250837268480865 , 0.11924037002097694   , -0.3087761357567983   , -0.015960187428728928 , -0.007574393527889407 , 0.07022915582009823    , -0.09617090230914764  , -0.02269426541668467  , -0.08405717227711669 , -0.10082899304027071, -0.20435678766187027 , 0.23884791702355535   , 0.14728332283051696  , -0.06502396210225925 , 0.04178023454537301    , 0.05752480388034422    , 0.018569722000190223   , 0.02533141316066952    , -0.05862536032468257   , 0.03277115302756959    , 0.0696792741388546    , 0.1239426628598923  , 0.004441342948120288   , -0.03153334177307847   , 0.06194856296963133  , 0.060571814136212515  , -0.16221201624885886  , -0.001876772115690057  , 0.058643394526736496   , -0.08652651106355323  , 0.06772880082791417   , 0.03540189612144648    , -0.10103481670313566, 0.2771803773443115    , 0.07735248465114918   , 0.11739100825486218, 0.04075995174253352    , 0.17444795995248963 , -0.047304570260026636 , 0.07142766207395229    , 0.008353087130741019   , 0.03601116423860589    , 0.06418617554347399   , -0.053614894741774215 , 0.18308967316642943 , -0.14409103131560203 , -0.09976969110454449  , -0.03341721040158095  , -0.08262511463087921 , -0.0847425222131344  , 0.1258943934842073    , -0.1062523087968015   , 0.07812157291159612   , -0.006120289537552274
DADELDHURA     ,    2019, 2075/76, 0.05219655834121156   , -0.16969242801458492  , 0.14648481372011446   , -0.09251299346774018  , -0.017616141980530135 , -0.03881353104781452   , -0.10138770925826678  , 0.19622345567330976    , -0.01471966686097576   , 0.06318086946891825 , 0.087000138739915   , 0.07875318340565002   , -0.31864071490705925  , -0.005665938436881218 , 0.0725767337479288    , -0.026306666226117225  , -0.14294957501247701  , 0.08258298562792932   , -0.09848449664371783 , -0.20448139041216945, -0.11912800150903241 , 0.04560868139719319   , 0.14842743530519248  , -0.10744086012612443 , 0.07044180738832842    , 0.019588384646214745   , -0.04409816144735065   , 0.005043832675044668   , -0.0640265559834836    , -0.012901716957301879  , 0.04444960289951026   , 0.1803020484623592  , 0.10695579022647791    , -0.010410560125818221  , -0.09956280360396308 , -0.0002123252475190122, -0.1035895991202596   , -0.014048757840038466  , 0.023899524981401826   , -0.06276748613049744  , 0.005882790180433744  , -0.024554349394335737  , -0.14600403635576187, 0.10849740593350397   , 0.09420607305774402   , 0.1553985517539242 , -0.013567871118198564  , 0.2608320996164865  , -0.03859846612903017  , 0.050132630046428726   , 0.05665184765843029    , 0.02591476824299739    , 0.0847937103115984    , 0.03789696062384704   , 0.11711279650685844 , -0.11310273731288867 , -0.11214328069285674  , -0.03379221363242349  , -0.10959395040709728 , -0.11533417050228499 , 0.18693511700230048   , -0.017484358463952382 , 0.038721415379731214  , -0.10629926973535099
DADELDHURA     ,    2020, 2076/77, 0.06640803430158237   , -0.1310427956608637   , 0.10581335939915672   , -0.1049903745595684   , 0.03163475788457041   , -0.0008117511430286808 , -0.08395222378168866  , 0.16751597551636446    , -0.024992546036105092  , 0.05632885677963531 , 0.06417851688145716 , 0.07181853202880585   , -0.3074237170349618   , -0.04633161770946958  , 0.08882891449383645   , -0.0056476113233888195 , -0.16812828631256804  , 0.03795803076535298   , -0.04349774664940264 , -0.1838601648447313 , -0.07009874855404333 , 0.04861525502360327   , 0.0913097088107584   , -0.08720326258949478 , 0.07845380931674552    , 0.042576606158146325   , -0.1516728625095402    , -0.01417470592457437   , -0.06487368928612211   , 0.010780048121003695   , 0.06784744854658686   , 0.13155985650627383 , 0.12723567229529995    , 0.057292337871920056   , -0.14758348294667445 , 0.028835053435211953  , -0.10334173421402769  , -0.03273824381407451   , -0.023245575449492958  , -0.05561387293034209  , -0.005737898896701092 , 0.03155627218651835    , -0.11092173934042845, 0.045876382831223514  , 0.11485400170698816   , 0.1814710842101619 , -0.012252334141362271  , 0.2781619495176916  , -0.038253697296053095 , -0.008378265753115939  , 0.035757153049923905   , -0.007788871892271601  , 0.1069455231168002    , 0.12993551266380446   , 0.1193344351900275  , -0.16997032104622806 , -0.12242172145170821  , -0.017977366492777862 , -0.06187445855392253 , -0.12042460120451655 , 0.19363142398980554   , -0.033648123893222914 , 0.03846007158620874   , -0.08254093545579404
DADELDHURA     ,    2022, 2078/79, 0.0948841660648277    , -0.09901984759994895  , 0.15300641784488103   , -0.08033681164810556  , -0.0056991281358645144, -0.023529825207020284  , -0.11792051093974278  , 0.15825112419088527    , 0.015580420568439194   , 0.03801300518118351 , 0.13612372883201973 , 0.12570477554283602   , -0.2890952819193731   , -0.0456314657490518   , 0.07477981288734112   , 0.055951260833145645   , -0.03216779630824424  , 0.002709545432391408  , -0.09126070654516022 , -0.2069242123583776 , -0.1143350856392961  , 0.11394985058587681   , 0.1410908799502636   , -0.109272001470851   , 0.03926579121609755    , -0.0187078993363539    , -0.04861976101658202   , -0.03036819785138691   , -0.057038551952293445  , 0.037906437954887115   , 0.045292729903785675  , 0.0923045930663315  , 0.11274814296849706    , 0.07048555118659068    , -0.10121804666310014 , -0.02402057633647696  , -0.14226230151961916  , -0.08487123632504956   , -0.055943590250406204  , -0.08056679883089209  , 0.0407108328367005    , 0.08061845555505306    , -0.10377040074016096, 0.2017458606567642    , 0.020708175698674475  , 0.17490753416702556, -0.031240647785382013  , 0.24254068914836147 , -0.049009806726608866 , -0.06803531021692913   , 0.00807297324810796    , -0.03026992537297541   , 0.1324677093053588    , 0.10630484503712889   , 0.056320901833863984, -0.20563762785860354 , -0.014134816506866375 , -0.04801427928858397  , -0.05511347930322016 , -0.2194147220374444  , 0.1333549071220455    , -0.007925866362942287 , 0.021432570284234967  , -0.06292021803555771
DADELDHURA     ,    2023, 2079/80, 0.07458362702785704   , -0.1379002241727431   , 0.1559121567484608    , -0.09797962487720033  , -0.01332543463271396  , -0.024215314878713454  , -0.1072208241443898   , 0.17381219664618905    , -0.012134605665495873  , 0.05868263011592584 , 0.11681342376547031 , 0.07098775500971198   , -0.301397375183881    , -0.04990245817563166  , 0.07189659050293905   , 0.01792874950101202    , -0.08401872547458684  , 0.02062984908043207   , -0.08944489984060548 , -0.1782046539057589 , -0.09640180196496552 , 0.09568974238144144   , 0.16058200796086708  , -0.1298632310742408  , 0.052985901546192885   , -0.014507638654230236  , -0.047825001226575674  , -0.012174822525965193  , -0.08424851137054942   , 0.03589914066731762    , 0.05131763085396106   , 0.11838950978469528 , 0.09856313386995286    , 0.05033920478974825    , -0.12656744345422938 , -0.02532517300319541  , -0.08652902182233847  , -0.06234131677047292   , 0.014114341065346139   , -0.05988146293152789  , 0.04242519806193186   , 0.05162292496061598    , -0.14383319762121075, 0.18439016425793334   , 0.07648527248471135   , 0.163940658399346  , -0.025949384383374408  , 0.2568488678701794  , -0.03555550994697754  , -0.009890275153207822  , 0.02004568251551757    , -0.004937068570321708  , 0.1157858551594813    , 0.08346064177949022   , 0.10222334546375134 , -0.16640573659062619 , -0.04883073357671086  , -0.06588235403591876  , -0.09091522867222362 , -0.19828991240752308 , 0.16505692966068608   , -0.015686637604942398 , 0.01662950669811613   , -0.0701339998071889
DADELDHURA     ,    2024, 2080/81, 0.057277816771199384  , -0.17014151022557117  , 0.16378385645537724   , -0.09607364875124488  , -0.02261733728466255  , -0.03536683466316494   , -0.1067192655955235   , 0.18604148981731264    , -0.014989195686004944  , 0.07218844025341054 , 0.12239218258718379 , 0.08690551607802745   , -0.3059347586296426   , -0.032204790132083515 , 0.0691474697154857    , 0.044583826794224395   , -0.1282616863531687   , 0.03196543655788271   , -0.09316084569886837 , -0.1914149259808908 , -0.09558515032642406 , 0.0912514637152127    , 0.1827779291997116   , -0.13254911848300685 , 0.060419532656641364   , -0.004439302175148691  , -0.03455640619094321   , 0.039042793459040076   , -0.09460679446244497   , 0.006481481485045377   , 0.07089292896779191   , 0.15984354910870094 , 0.1044403719857484     , 0.025808175373577533   , -0.09448629504756643 , -0.0080901717331783   , -0.08685995494683464  , -0.025331848740488154  , 0.035626750878641686   , -0.08437666679416138  , 0.02145733125125809   , -0.009191059566201277  , -0.15067091599586965, 0.18863331251855292   , 0.1198451063466122    , 0.15329659970722553, -0.005743122145919446  , 0.2566823284900388  , -0.06212804297728513  , -0.0008959915553718849 , 0.05629192007611227    , 0.03422144929379894    , 0.08873231533266097   , 0.014536750667715143  , 0.09817359393580212 , -0.1395217686095586  , -0.0824754778656388   , -0.04528638499128508  , -0.06612242342948768 , -0.16105609526800305 , 0.16757247599414996   , -0.010494713371928331 , 0.029551077587687106  , -0.08942991264913318
DAILEKH        ,    2019, 2075/76, 0.023426092742035453  , -0.152030699284384    , 0.165709871760453     , -0.0750103539907962   , -0.027261117519282296 , -0.0811684430634566    , -0.11658773450020395  , 0.17739608338756088    , -0.017712054905999877  , 0.04176434140432987 , 0.05923679735244114 , 0.021027871729708096  , -0.2626089514893952   , -0.012690919767947256 , 0.06344463586426745   , -0.043461181331500585  , -0.14048025152631394  , 0.10789194801418822   , -0.10494049404863343 , -0.20303857756876958, -0.09523241373729459 , 0.011061116696286172  , 0.14647598655873653  , -0.10607329250726091 , 0.043139950351601924   , -0.035187854557178794  , -0.02456046039001112   , 0.03483419584201008    , -0.061594312149950446  , -0.011184311010165949  , 0.05699935097852541   , 0.23132348164760047 , 0.050321431912897834   , 0.03250008611092423    , -0.1300069449785223  , -0.04198888417791593  , -0.04504143880242339  , 0.03557626594724597    , 0.026389705136054896   , -0.04874689642864882  , 0.0015199377386868366 , -0.04003644702096133   , -0.14903408140281094, 0.05828436722022405   , 0.11437485871548388   , 0.1210596173875093 , -0.000614925662501822  , 0.21494098970803438 , 0.01893318775985095   , 0.04361211415314844    , 0.08405200641206827    , -0.008902180493998066  , 0.06689305656793137   , 0.042756616419188785  , 0.14900031440503708 , -0.11567271066352453 , -0.13734707242676164  , -0.08075083693604203  , -0.1374229188277107  , -0.14753643422621068 , 0.1579643754827172    , -0.0590988063408204   , 0.03419135735913717   , -0.1275736141126826
DAILEKH        ,    2020, 2076/77, 0.02274421163173362   , -0.1273322795964787   , 0.14483320697701313   , -0.05962875651504582  , -0.012798169380766897 , -0.040502267091336225  , -0.1215766048389444   , 0.14900881083208595    , -0.023065111376816747  , 0.0411962389103899  , 0.056426750792798186, 0.0066706803303293516 , -0.28378387106214487  , -0.04651073761675965  , 0.039336416667158335  , -0.03184913214967588   , -0.17116742451780864  , 0.09140669527119646   , -0.08811046943564112 , -0.19613400337027231, -0.08051225383042483 , 0.0454161507050942    , 0.11894371120243977  , -0.10931088865940261 , 0.06441444064012884    , -0.004037096459616475  , -0.07392273084042604   , 0.024052430563475995   , -0.06644901862227993   , 0.015652314797932564   , 0.046444892955302464  , 0.20475910064038483 , 0.08009224413781678    , 0.04116059418505733    , -0.1920617899443804  , -0.03762243106315898  , -0.060897120205612054 , -0.0126863073793399    , -0.009456047226351062  , -0.03299655653279384  , -0.00589751885111677  , -0.00044792127790907487, -0.16399294235936088, -0.007272264792969191 , 0.13052798369809904   , 0.12638399335228895, -0.01637327576823472   , 0.25161837750205474 , 0.004733303149410076  , 0.027228024418823774   , 0.06542540689575602    , -0.019413204579643562  , 0.08634151700327028   , 0.09040628286836172   , 0.13402172789446498 , -0.15574444918453703 , -0.11484203090544541  , -0.05861813081194864  , -0.10571640693979878 , -0.11785002329935632 , 0.14400151454019636   , -0.05874729469347377  , 0.030559654005240227  , -0.09617692803361676
DAILEKH        ,    2022, 2078/79, 0.07063413028994808   , -0.06403384887570299  , 0.1848205125473076    , -0.056467643065571435 , -0.02952459416197179  , -0.08161194856065877   , -0.1604912469364905   , 0.1643384182139531     , 0.005746326871898378   , 0.006152960731277978, 0.08867963342601977 , 0.057476019127974225  , -0.23363133019477825  , -0.020372644908580373 , 0.051617674092503084  , -0.008288809908834146  , -0.028720099632380158 , 0.06368855467616878   , -0.13436329091375046 , -0.17457632026786485, -0.1475512887346568  , 0.07244026011484564   , 0.14310143049363358  , -0.11136309575626727 , 0.0005596971638436979  , -0.05189156198634245   , -0.03224379837186225   , -0.026821857052156388  , -0.02838394462774582   , 0.06231867801736161    , 0.06188087963475664   , 0.13359346307544304 , 0.07217790775778912    , 0.09798249610132877    , -0.1660956721608033  , -0.05758965884783735  , -0.1086225671156246   , -0.013966359164276555  , -0.01922568667076958   , -0.03704982171995082  , 0.0477073105830995    , 0.07408229782284025    , -0.11904659662583571, 0.12644194156765257   , 0.02161335035903057   , 0.14836095207973557, -0.01675211049159769   , 0.202359087681373   , -0.0030017599648369813, -0.052711183274384184  , 0.04236974415956419    , -0.06614580202642983   , 0.07881016322061457   , 0.1048631178576468    , 0.12751782834907194 , -0.19243997356629491 , -0.06653694928571152  , -0.08090015818132168  , -0.10952027786573007 , -0.23646582842115482 , 0.11331916072936524   , -0.064676398390269    , 0.005460800627342147  , -0.06587409040282308
DAILEKH        ,    2023, 2079/80, 0.06575303026284181   , -0.10505676954774179  , 0.1787103583612072    , -0.08032183340547717  , -0.036504274390791035 , -0.05718916515919973   , -0.11517520024215314  , 0.18360961113284266    , -0.017404307127900788  , 0.02569877567823923 , 0.10741145781726362 , 0.036031334849332027  , -0.26051794561954905  , -0.03763414282262125  , 0.06925179681596745   , -0.006072943798023639  , -0.08776750877025905  , 0.0611024607841583    , -0.116022686094438   , -0.17848731454311834, -0.11142459529059229 , 0.07878891493960875   , 0.15841926799764908  , -0.14309402020655204 , 0.031586737517624384   , -0.052822682636422376  , -0.022415131657881244  , -0.00987258387675146   , -0.05913111193615913   , 0.05087330761621267    , 0.058492041756914234  , 0.1411078020277424  , 0.08028295525254549    , 0.10071497054982528    , -0.14250137781331004 , -0.0316139490107655   , -0.06948081037894756  , -0.027187605092102718  , -0.009170395509549715  , -0.052058562244546136 , 0.04257832206662714   , 0.056884106029301586   , -0.13687964090197532, 0.13260645692065548   , 0.0649559540759993    , 0.1629088043425391 , -0.011061257682929588  , 0.23781558119389878 , -0.022836516980617776 , -0.03353947699768162   , 0.040876297016882404   , -0.018617333361668847  , 0.09380089605274085   , 0.09232512482602467   , 0.09667435541372504 , -0.16436436806336352 , -0.060838706677323294 , -0.08702765161623316  , -0.10589530193267381 , -0.23053850708959117 , 0.1204384609550244    , -0.03234670815805614  , 0.02047508559009664   , -0.0843032492607932
DAILEKH        ,    2024, 2080/81, 0.029391357277151347  , -0.15753438348864054  , 0.1790339943016424    , -0.08542147545657906  , -0.028955331686817375 , -0.07484880677036572   , -0.08407569437064046  , 0.18812820728756194    , -0.030252544040473856  , 0.03833384905857647 , 0.08800501678923436 , 0.03794782318961033   , -0.2780133795732946   , -0.03244470352182363  , 0.07117546141705351   , -0.012440913988879147  , -0.13727897941361625  , 0.09505452381560736   , -0.12813283772638223 , -0.1887195456131831 , -0.09418010813862035 , 0.05646647080443203   , 0.15740330168765534  , -0.12789655016229942 , 0.0629274500961908     , -0.023843852408263193  , -0.022992649394160864  , 0.012971925631203376   , -0.08875019139272498   , 0.017775413949338265   , 0.06414815852955982   , 0.18462550503946393 , 0.08058355372329622    , 0.0534373730872163     , -0.12241718208893271 , -0.01912767987504094  , -0.054082634503848453 , 0.004151807939458199   , 0.02827314428867844    , -0.07747458165757173  , 0.01606604932280497   , -0.014975535753348963  , -0.16835964961905184, 0.1059116884290552    , 0.10564370286667232   , 0.14006540111878688, -0.0042259455852485354 , 0.24338100106306945 , -0.026016932164890143 , 0.011585504273374644   , 0.07480023337424864    , 0.012966675253420483   , 0.07914447430155595   , 0.05242073381009559   , 0.11999566873600326 , -0.11258753323152679 , -0.10618939044794083  , -0.05587835791309796  , -0.12298285537585114 , -0.16059031278122543 , 0.14813146435546942   , -0.017415849570382176 , 0.01682792159977766   , -0.10508768682465246
DANG           ,    2019, 2075/76, 0.025545265165828814  , -0.1151055949602462   , 0.15414601592359398   , -0.05088363889313085  , -0.016434598211946327 , -0.05341626959235092   , -0.11480723823479802  , 0.1719990139894298     , -0.05273298358674739   , 0.060312009809228934, 0.0854347053706669  , 0.07533933841470848   , -0.3220080073953033   , -0.019472184747607278 , 0.03598080894499595   , 0.060349256057396446   , -0.1570650374442803   , 0.060995018092319365  , -0.07378551046414941 , -0.18594489272231393, -0.19511210218164163 , 0.14625982912962435   , 0.22765249326045114  , -0.07503084267015431 , 0.045535654584396706   , 0.0003619857009664227  , -0.007693217128158956  , 0.09649157579244981    , -0.06955718735407823   , 0.03795448360162682    , 0.06682184582043495   , 0.2173518243719849  , 0.10172145819259394    , -0.051913944577531936  , -0.023494857106177023, 0.018116682245530497  , -0.07852796071948907  , 0.03163368177565528    , 0.10046398458682514    , -0.06265497961030883  , 0.039266777022278154  , -0.045630483568400236  , -0.1661320873462368 , 0.19688423560476467   , 0.14902601134833623   , 0.10924464864246153, 0.005986270024235825   , 0.14047962972928624 , -0.05214101783720384  , 0.06184296781297715    , 0.05322038626401896    , 0.10269512703273039    , 0.0386422183771216    , -0.08689587819656235  , 0.15655922314349088 , -0.12066777050202564 , -0.0990877065929759   , -0.024609645285105033 , -0.11359938836221324 , -0.12156002289084791 , 0.16878142908307692   , -0.1065814189206019   , 0.05361684854534213   , -0.06175203887909028
DANG           ,    2020, 2076/77, 0.02136175955005512   , -0.11021818512804334  , 0.15532469220596562   , -0.021309992961924474 , 0.018701250472908694  , -0.02988701892914799   , -0.15131299705448364  , 0.1518296423876324     , -0.03908141510639909   , 0.08707026465510834 , 0.055861303852093085, 0.050213598438078245  , -0.32305346418933956  , -0.0460817902011645   , 0.023691901215542127  , 0.0333350439345659     , -0.19224744738885258  , 0.05312972012421142   , -0.07629655842687402 , -0.16601072524134772, -0.18783403499494752 , 0.17229096084634737   , 0.18207181361351935  , -0.0813183259138271  , 0.03986313518417017    , 0.04458824732174129    , -0.04377979610834412   , 0.08452033405900915    , -0.05442833098077226   , 0.0421093272673806     , 0.07086426789818312   , 0.2067235580858452  , 0.0928513071993516     , -0.051106141734126975  , -0.05477086841739547 , 0.026350306228195543  , -0.08478864124185849  , 0.018331648235508265   , 0.056326997669624686   , -0.05604126601659551  , 0.022789595949809477  , -0.024220845835839017  , -0.1875099092387116 , 0.14546294832429227   , 0.1556900269290508    , 0.08731663486295342, -0.008155246748979036  , 0.15665143297573877 , -0.0412077310253582   , 0.07916976096332883    , 0.03620578147958061    , 0.06814791078084946    , 0.05058168589328935   , -0.04851906728698725  , 0.17593678660235856 , -0.16351813616663044 , -0.1284227573534855   , -0.010822553420619193 , -0.12280426313448523 , -0.09033460650120238 , 0.13970883646255816   , -0.13530963940538024  , 0.0615303307674863    , -0.04295484994687113
DANG           ,    2022, 2078/79, 0.06396892692974548   , -0.01695789421953798  , 0.15231010854258362   , -0.00935849586882792  , -0.002491718596156172 , -0.016939771251762024  , -0.15814551529711102  , 0.1357925873950547     , -0.028199461833712924  , 0.06110833173157176 , 0.12390575713655344 , 0.12627365631223958   , -0.299646656252009    , -0.010538619626650276 , 0.004849951605866069  , 0.10304402061539843    , -0.06832560337039655  , 0.02264054590737547   , -0.08848389119020295 , -0.15286778043114707, -0.24524000659533038 , 0.2206404507297444    , 0.18673726291554407  , -0.08825600331047721 , -0.0086657701319937    , 0.021144795440962417   , 0.018244652609696745   , 0.019947316969044143   , -0.0212775827281887    , 0.07153986987871648    , 0.08374147136618951   , 0.11317756223217654 , 0.08891175902573506    , 0.038307752777602275   , -0.042543944122546806, 0.018613792681670904  , -0.1526819930921545   , -0.020229160022787983  , -0.00012757581638735905, -0.03595827173567276  , 0.04301465142235576   , 0.10826455624955265    , -0.09688532392957856, 0.24006792554233675   , 0.036480170655015534  , 0.10645614991274788, -0.0005389533108862886 , 0.13133136156438827 , -0.03533591673173942  , -0.0195927591354666    , 0.0024024777667709307  , -0.024777179311112136  , 0.07162420343969847   , 0.00633195403170852   , 0.15826757610285805 , -0.199465384055479   , -0.05170720003890752  , -0.02509489507531702  , -0.08095165027894752 , -0.19822840526161015 , 0.09287172096072842   , -0.1490715575168475   , 0.030248907155679062  , -0.011356134024863442
DANG           ,    2023, 2079/80, 0.06785902531487999   , -0.0694279898401154   , 0.16040867811927007   , -0.05630243392337948  , -0.02471738171550765  , -0.008151396916677767  , -0.11402664181900322  , 0.17488906204408272    , -0.060927577672533303  , 0.05792791909694411 , 0.14331176727577882 , 0.11069573888651153   , -0.3039723790158      , -0.029019086118326428 , 0.042258962616449854  , 0.09907818046565943    , -0.08771772369982818  , 0.016875734919676293  , -0.07150995135434891 , -0.16009970945136912, -0.21275534491717127 , 0.21409807116309756   , 0.21361390959083879  , -0.12250914792592688 , 0.017242897464638328   , -0.004102189242779799  , 0.03707709206813139    , 0.04440864028032491    , -0.03938542094266689   , 0.0654276330490658     , 0.08513092036790103   , 0.11675938972767111 , 0.09776398849985357    , 0.035552938479867284   , -0.01093948136060522 , 0.02028117815737122   , -0.10767837323720415  , -0.020824415501277314  , 0.014500176651622187   , -0.050076341102665296 , 0.0641059093519501    , 0.07300976205697735    , -0.10724234454023128, 0.26482539090718615   , 0.07282226756307082   , 0.1438075772363347 , 0.009401191527646503   , 0.15535860589919684 , -0.04409147419746661  , -0.020862281565651456  , -0.009587659961001568  , 0.03270759596483215    , 0.07179268948305827   , -0.018972078923568902 , 0.1195489472832388  , -0.16512414771650888 , -0.05167629644602905  , -0.03360704454920891  , -0.08271550839937418 , -0.2147440734101136  , 0.13091532140060386   , -0.11621097900613012  , 0.04672327759748555   , -0.025700500809437875
DANG           ,    2024, 2080/81, 0.04429119120995811   , -0.10720684301636757  , 0.15532407710430757   , -0.0513790528467953   , -0.020598676539188565 , -0.033594837966434865  , -0.0939740549312377   , 0.18482268654232864    , -0.06675732784018894   , 0.0640229541411198  , 0.09771990707950423 , 0.10006388663276054   , -0.34033266133274925  , -0.006809825146201625 , 0.0405224068182202    , 0.060081293599974064   , -0.13588511285385152  , 0.0684753911159312    , -0.09059683739953742 , -0.15974659948385686, -0.19847731370635213 , 0.1891383542255653    , 0.21163426116408224  , -0.10980014869835954 , 0.029456526806984122   , 0.038358675195535936   , 0.02563652906644682    , 0.042036974996468794   , -0.05195510068032129   , 0.0653815758640266     , 0.0919466632916174    , 0.15564424585808673 , 0.09245373435482403    , -0.007847807711327637  , 0.0022594281387963836, 0.053184247959135     , -0.11864817588416886  , 0.014085062093993472   , 0.07108393903005461    , -0.06930599580624598  , 0.0407035668641426    , 0.022891472320118834   , -0.15202619070740078, 0.21567753068133771   , 0.10216651795781616   , 0.1162795438372127 , -1.1992917199708298e-05, 0.16897386213214652 , -0.08121997242417792  , 0.024836969676332664   , 0.03418548744751788    , 0.07341325632577546    , 0.02920380005552288   , -0.048560891758658256 , 0.15351860742075737 , -0.13437747758029572 , -0.08972859738065478  , 0.01407758797467054   , -0.10693950686939331 , -0.15841205355291582 , 0.15117302506692676   , -0.09723906762456952  , 0.025351932985685686  , -0.026081537961602265
DARCHULA       ,    2019, 2075/76, -0.04534678681917193  , -0.22463594838645246  , 0.039109687706751384  , -0.10535708830482214  , -0.08620978736214864  , 0.00545011362937885    , 0.028768114174111386  , 0.13476053420465992    , -0.02564355867079841   , 0.12422607988437376 , 0.02475645274200464 , 0.05187930097650002   , -0.0784043849732778   , -0.011754801716636806 , -0.08029426410579296  , -0.018423771601423937  , -0.07504090296954465  , 0.08888060865812311   , -0.08771510512259935 , -0.19049540242589194, 0.04513790394558562  , -0.032823365938975134 , 0.0519838337234864   , -0.1178910595142925  , 0.040491003379830866   , -0.026346964575637268  , -0.039366529741305285  , 0.011463682356589231   , -0.0012581973326557102 , -0.023061232045268065  , 0.021712950052207705  , 0.14460109142790412 , 0.00215527177644872    , 0.025169583683516183   , -0.0798794891535639  , -0.09024644593752133  , -0.044826052885837665 , -0.05007926144513693   , -0.08661618311557638   , -0.046604990878657555 , -0.019765620229302575 , 0.08133688768120771    , -0.13414193774703037, -0.0773779726636427   , 0.04007761939903279   , 0.1928172862618278 , -0.012755639412628545  , 0.18053004235791106 , -0.051286278424611344 , 0.04523283918781934    , 0.026101797396702302   , 0.0023379230158464773  , 0.04977926292100373   , 0.14622391961084796   , 0.20566642170162497 , -0.05501853497834888 , -0.17639539143310606  , -0.14537626819857483  , -0.09373869304527863 , -0.06689706481693025 , -0.007170151894060237 , 0.1439141629511076    , -0.054017012309079224 , -0.055061234951712536
DARCHULA       ,    2020, 2076/77, -0.04130497487091289  , -0.21560990653238804  , 0.044443810820057425  , -0.11076201446973422  , -0.06573022554767857  , 0.02688625354208952    , 0.03559874293774711   , 0.10424734240343678    , -0.04298289336467556   , 0.10509359880412847 , 0.03329662467255362 , 0.04524811897394983   , -0.08535868048940047  , -0.015580673307802145 , -0.0569069526247022   , -0.00018749040358762795, -0.0924521760099643   , 0.0867371765022046    , -0.07017014354347738 , -0.18447438979573333, 0.057735187535987574 , -0.011813016762833209 , 0.03864400847761875  , -0.11266065938043154 , 0.05220717733837356    , -0.02521092885777183   , -0.056101756682145086  , 0.022142726313648834   , -0.025525556442344687  , 0.0029954266056790857  , 0.011353060850443346  , 0.15519160671973006 , -0.004198651096167243  , 0.019648413798646694   , -0.09083826184908457 , -0.10637947167209198  , -0.038973751409512675 , -0.06181408670665788   , -0.10825185487035839   , -0.04089666560516037  , -0.014219646542243112 , 0.09405550201279811    , -0.12405191830357229, -0.11271878199299498  , 0.04911131302548202   , 0.19766484299592277, -0.016799419969507238  , 0.18856031317216315 , -0.03690111152268226  , 0.05799730467336047    , 0.00592282370134386    , 0.0017125463260922614  , 0.07184724102125538   , 0.18106818682165485   , 0.2068192268823703  , -0.06708974751167432 , -0.18365255317858414  , -0.17144508238715295  , -0.06838596198096339 , -0.06919867941726611 , 0.010716039661445773  , 0.11943694075696858   , -0.05505179491716084  , -0.034950275998455044
DARCHULA       ,    2022, 2078/79, -0.002685405502546797 , -0.17403344708138288  , 0.07022774503520436   , -0.10781164818378104  , -0.06593111467150317  , -0.004999945730248526  , -0.02086892770304603  , 0.131594292829215      , -0.001801714854995317  , 0.09713935279579626 , 0.06657299060002338 , 0.06564018614214596   , -0.036646242038886445 , -0.03393246566717123  , -0.05130392253087188  , 0.010777553221004744   , 0.007949909231767067  , 0.03627487525801821   , -0.10258910987608953 , -0.17978005599974883, 0.0354276686599329   , 0.0020006553017976707 , 0.049586124622588816 , -0.09867017546331909 , 0.009625339887546715   , -0.06459837252662644   , -0.048037064818621675  , -0.0247212439924475    , 0.033997463344483704   , 0.05020444812175854    , 0.004669918480896308  , 0.08938341548513364 , 0.003899657382791648   , 0.05370352518394865    , -0.07638341934182984 , -0.10453833036989371  , -0.09323412060901212  , -0.09002942451324496   , -0.13131796352623062   , -0.04911846301370273  , 0.025090323627540663  , 0.12501604695846566    , -0.1072427812921425 , -0.018292956309460734 , -0.024873033087153548 , 0.23379436778239882, -0.03246662475316345   , 0.17214340792329108 , -0.07360233781519113  , -0.0046191606969696155 , -0.01805584674708907   , 0.0038711906679006823  , 0.07662349205875273   , 0.20573679047377522   , 0.15744484696180167 , -0.1297592498339945  , -0.12759487133345215  , -0.15965185897921644  , -0.06482384176832116 , -0.13653350903856337 , -0.06726463110709373  , 0.14219764129385448   , -0.07755395772301094  , -0.033599297251804924
DARCHULA       ,    2023, 2079/80, -0.018960917718411165 , -0.19208530833599866  , 0.059777805429810024  , -0.09162001695724122  , -0.10555036079155716  , 0.014382212991497915   , 0.018486757233358075  , 0.11804206754974884    , -0.016835889295866092  , 0.10116694462387057 , 0.08713477331709238 , 0.01949916560298189   , -0.06786663294395995  , -0.04074330081786294  , -0.06806156632094401  , -0.02814129982870519   , -0.06422727434806005  , 0.08067094782372532   , -0.11084106372091033 , -0.17445550013448044, 0.03006332709330713  , 0.003476680830646161  , 0.08905358936066561  , -0.10029628563076279 , 0.02627426016796392    , -0.05360168480105657   , -0.04027912288861532   , 0.012405373202964816   , -0.041076712622702925  , 0.0240922938697677     , 0.0031169873685804863 , 0.14527360573880593 , -0.009195978279420515  , 0.05611380657586315    , -0.10903730908888787 , -0.13007974731094188  , -0.04704888077343981  , -0.09263767497198305   , -0.04202506522949791   , -0.07396514229858119  , 0.02812610536846369   , 0.10055819442271555    , -0.1311784516929237 , -0.03864242716697202  , 0.025698803738268907  , 0.1887753010424677 , -0.030997305548820644  , 0.19967413378251705 , -0.058755986639468225 , 0.031328240746409663   , -0.017578957856308197  , 0.005364993695489274   , 0.06186543002291812   , 0.14659088607210882   , 0.18872277629851728 , -0.10096213267289925 , -0.12400192908265416  , -0.1658689390296405   , -0.10735472060621762 , -0.11773103590109331 , -0.01289275365426923  , 0.1053587055133968    , -0.07757868112424349  , -0.044865619774539164
DARCHULA       ,    2024, 2080/81, -0.02726745401679591  , -0.20833699811791748  , 0.07156854292447036   , -0.086345344999031    , -0.10791663159249844  , 0.011617766632751166   , 0.02508096698724138   , 0.12584676061966577    , -0.029176534044229697  , 0.11101930464480862 , 0.09580714790495813 , 0.02689846962244017   , -0.0891838705317751   , -0.03375155887302929  , -0.05280080339548074  , -0.03240118941264333   , -0.09942201119889704  , 0.10979714797682016   , -0.12343803803611428 , -0.18388556741133372, 0.04074500775418456  , -0.027838986772522965 , 0.09080592855998745  , -0.08487351894381459 , 0.04659683841078177    , -0.05776976407356676   , -0.039950546928548984  , 0.03017896682513257    , -0.047276311060129854  , 0.00629125818159907    , 0.017360582072507406  , 0.17532789871743412 , 0.0006352031522541519  , 0.05597064653280262    , -0.11655792054221087 , -0.12898419443631054  , -0.04219203667526842  , -0.08770314368947678   , -0.02818935770733618   , -0.08256290623719557  , 0.011156961947274474  , 0.050385927138324134   , -0.12538494929757574, -0.02138814112345962  , 0.05191864246713425   , 0.1572516045055165 , -0.018406202214753746  , 0.2130006381856334  , -0.04854502747402821  , 0.023093332541915746   , 0.0050309183355863075  , 0.014441584539153679   , 0.05893069789173974   , 0.11552303237682512   , 0.17381907239059816 , -0.0795976613354366  , -0.12522481646010614  , -0.15293310991636486  , -0.11483407203039511 , -0.11757373635440119 , -0.011172039277245265 , 0.10656937614521254   , -0.08361691319978468  , -0.04391284756790496
DHADING        ,    2019, 2075/76, 0.001678929190040806  , -0.1458957349203568   , 0.14975036327268804   , -0.06987151332447518  , -0.026355206714745824 , -0.0676220222982721    , -0.09603918491472457  , 0.17643437839049705    , -0.0033479438388029146 , 0.10387082970824979 , 0.054949925148243296, 0.0294734911597163    , -0.25704864076417455  , -0.006006739203987185 , 0.015482210527480472  , -0.06235259563001412   , -0.13150450972432637  , 0.07748542395730057   , -0.13190029074724735 , -0.13939951211610294, -0.12657657139368056 , 0.066267222043945     , 0.1186687205940645   , -0.08855637028797379 , 0.07016071754701968    , 0.00418003388096105    , -0.02754481748187231   , 0.017348339539518556   , -0.07662814818618598   , -0.009434923620713237  , 0.037369278866699114  , 0.2212251266460395  , 0.025011374638114637   , 0.013379668869198865   , -0.07868340281315415 , -0.04662151464906906  , -0.08034197056804092  , -0.0012390491158751288 , 0.058949332277551864   , -0.015732727239196786 , -0.0009744422881561408, 0.020045365621814498   , -0.16569332629036929, 0.0885288062155343    , 0.09413993073271432   , 0.11774509095176858, 0.0193169431710431     , 0.23949993167412081 , -0.016179648672507183 , 0.0757616460747992     , 0.05519922636877692    , 0.026925750117843057   , 0.05758605685909581   , 0.03776714718887941   , 0.20003243477831933 , -0.13674497816738207 , -0.1323412046689841   , -0.09647162119907138  , -0.13204415407455714 , -0.08340471990265734 , 0.07166714174121473   , 0.001363239147847237  , 0.02026081774396939   , -0.07608850487001752
DHADING        ,    2020, 2076/77, -0.0011771628131203732, -0.13551851000962942  , 0.15720876396476136   , -0.08924287318991884  , -0.007186170519150972 , -0.05352920217711081   , -0.11568156396444824  , 0.14158274487593744    , -0.0011718780823819178 , 0.0987971874735006  , 0.07608175432356667 , 0.031556517101931136  , -0.25037789917665787  , -0.038233500421082096 , 0.005961448527705053  , -0.054865972717302196  , -0.14054500055805125  , 0.0887262597805297    , -0.11133710987714053 , -0.14348781629820034, -0.09826543730977677 , 0.08990771705829512   , 0.09033188936506349  , -0.09033929343810142 , 0.07271611016361298    , -0.003932844341191883  , -0.053495314862399175  , 0.005183226061739263   , -0.08726379208523027   , -0.00022803324278545284, 0.04467653098151738   , 0.20421385985558868 , 0.04049207587301441    , 0.023623135242886638   , -0.12548039281335577 , -0.05782559606192918  , -0.06625582763061631  , -0.03468884186802278   , 0.01715621532752116    , -0.013416143871763838 , 0.013543183059439686  , 0.031404104562124766   , -0.17754691372660414, 0.06863170549000966   , 0.08067305541182977   , 0.11337234136014236, 0.019037021679900682   , 0.2498902783830087  , -0.0074808620713803405, 0.0626223545661669     , 0.032950349393944575   , -0.010585148573435937  , 0.07549406749817285   , 0.09205836491156809   , 0.1906372834017781  , -0.1579692882211     , -0.1320154503892541   , -0.10312942036016053  , -0.11275486010309656 , -0.11502815658372735 , 0.06587145919026033   , 0.005071507676272463  , 0.006450474156579428  , -0.04551581347492378
DHADING        ,    2022, 2078/79, 0.038863686974798126  , -0.08267492552456356  , 0.17011579202455696   , -0.048159967666854084 , -0.0017375301480894367, -0.07486577279541326   , -0.1623751427787211   , 0.14288978174682232    , 0.028149354665074608   , 0.058913403568130504, 0.06592858213740876 , 0.05139400165298535   , -0.21201276126055307  , -0.04819654312403837  , -0.0004617581472768521, -0.04349067617650844   , -0.04207757843952041  , 0.04770295575226716   , -0.1325630751573901  , -0.12268212395096668, -0.1425498657593659  , 0.10864523533448463   , 0.08965064974539716  , -0.09154298688011646 , 0.016372422034352567   , -0.03731911532504161   , -0.03124363809817782   , -0.04056727824458146   , -0.038499334947433274  , 0.04975180003629092    , 0.038356477355060876  , 0.14758948458527818 , 0.03812611720436245    , 0.05008421388373885    , -0.12572036567286282 , -0.06635434655199372  , -0.09808221842451936  , -0.0330447481555055    , -0.03723367674749758   , -0.00832693866490419  , 0.024701784218220463  , 0.09074117098664856    , -0.1377807736799691 , 0.11670955917334042   , 0.010149942129513504  , 0.1584837928059716 , 0.00538497206883985    , 0.22026715123343443 , 0.002653851561479879  , 0.008042657140418834   , 0.005924815949183673   , -0.04239344228789863   , 0.08096469236321903   , 0.1367654805564457    , 0.16858407029198344 , -0.19596691313046147 , -0.08525697125528998  , -0.12600595241056123  , -0.11740262871739932 , -0.16616750202942007 , 0.04342596185483699   , -0.03809499402063058  , 0.002862485796410413  , -0.045207987024379406
DHADING        ,    2023, 2079/80, 0.03791939542955893   , -0.12501304258074     , 0.15770682164321193   , -0.06709598585917172  , -0.030747666546885453 , -0.04367892718387254   , -0.11457758557244861  , 0.17617202531837642    , 0.0016632208850397726  , 0.07193655656240275 , 0.1051704768329012  , 0.03674768587500389   , -0.2506113731388399   , -0.03693740491649168  , 0.006904107133045783  , -0.01828333212200139   , -0.07921748386637234  , 0.04896553481845017   , -0.14915736623748696 , -0.11921164401107502, -0.1327627691774584  , 0.13112944039032623   , 0.12871991929621954  , -0.09996051888019487 , 0.050025010779032104   , -0.038486931560005856  , 0.01005269467974628    , -0.018982505469229177  , -0.09046079835191503   , 0.031204774159794176   , 0.025058090545089683  , 0.16030455310955669 , 0.04454524733556531    , 0.04824694700452535    , -0.08308140863906531 , -0.0625686581714636   , -0.1018644188246862   , -0.029261210434557518  , 0.01898781250998126    , -0.05072219678627943  , 0.03177852612988299   , 0.07017785470700282    , -0.15077578106320913, 0.18101155931555082   , 0.05078590345064081   , 0.1604939655956652 , -0.005414893036306566  , 0.24242707402971245 , -0.041655088716118366 , 0.018904307080775694   , 0.02423555855370848    , 0.020488044217538783   , 0.10142030396069684   , 0.05203944127075769   , 0.14841997288794007 , -0.1628491679332027  , -0.06553360708894433  , -0.11410889587184614  , -0.13714308672154762 , -0.16205419411814329 , 0.05755427752518711   , -0.00941528974048826  , 0.021688070262940926  , -0.06364363448518279
DHADING        ,    2024, 2080/81, 0.019255805487654935  , -0.16420034537089492  , 0.17938686310039242   , -0.06002157336101841  , -0.03374338052912607  , -0.060724291194395395  , -0.11302355309852234  , 0.2008042373141821     , -0.0013222045339808524 , 0.0785347608650469  , 0.09048459760522853 , 0.03974233840345234   , -0.24186417257739104  , -0.020310502224166985 , 0.023896328976234886  , -0.029876133259534386  , -0.08737033420005634  , 0.07438447309683444   , -0.13932933352615381 , -0.14586244799583872, -0.12437222324646963 , 0.0946873275364292    , 0.1428185486054448   , -0.09398649734752162 , 0.0550416454524761     , -0.03167483041916523   , 0.003477603388493711   , 0.010145152293069377   , -0.06924883791137443   , 0.015928659161685853   , 0.053131916938509646  , 0.1908220712288073  , 0.044965983530579436   , 0.02740102593106036    , -0.06761487535977635 , -0.04867127764642749  , -0.07090169972561144  , -0.00728977511978053   , 0.04752937377255327    , -0.05390489458309316  , 0.014460616375991818  , 0.008866431165023215   , -0.15704413809840204, 0.1533886884731223    , 0.08196319344574075   , 0.14565969584305757, 0.019677415564475265   , 0.23032692703697422 , -0.04155379648286943  , 0.050585354893470685   , 0.042662212727779675   , 0.03238376219657555    , 0.06573868322219024   , 0.038176858780531585  , 0.15294491999147827 , -0.13351057848870346 , -0.10137307374237707  , -0.09454156850120943  , -0.1445382736455137  , -0.12574849388934964 , 0.08087342016266945   , -0.013864368254220952 , 0.015430903970204633  , -0.08353697366746013
DHANKUTA       ,    2019, 2075/76, 0.013494371387984514  , -0.13416923256711202  , 0.17957944244597315   , -0.086494627281962    , -0.04185103996704478  , -0.05119896491874548   , -0.10409182029173346  , 0.16651138748991526    , 0.008605658801861262   , 0.10338596156487957 , 0.09682811190311218 , 0.011546544282620436  , -0.2979769204046788   , -0.06732981754236628  , 0.0497876620354695    , -0.03212131343266221   , -0.13525586608476273  , 0.077031990936566     , -0.11633112390743539 , -0.16488658585664212, -0.19603042121381348 , 0.15195538495006952   , 0.11784945038023009  , -0.11984185117098174 , 0.07840790033929892    , 0.017532439200946107   , -0.021426402626353973  , -0.007366449909702552  , -0.13434509062683517   , 0.03978559022906482    , 0.03786542169398633   , 0.16340311444586628 , 0.08914009088564043    , 0.03704684932216473    , -0.0890320380343399  , -0.0022553266597854947, -0.08125462839482352  , -0.013084525443154398  , 0.026224490179184535   , -0.03688368676555085  , 0.03762634971566086   , 0.04175015355468193    , -0.18603003646768804, 0.17163192941643562   , 0.07002414897529706   , 0.12553726018978212, 0.014960912383326147   , 0.2508929117539302  , -0.022839549698066227 , 0.05003071383465922    , 0.06455253364197912    , 0.04224390067355822    , 0.09552212604021891   , 0.016812525528608853  , 0.16279677517455715 , -0.14750061883337692 , -0.06720031853708507  , -0.06889467786068865  , -0.09845431570009491 , -0.18766990077256984 , 0.10081209715280508   , -0.04073407591222894  , 0.03232800290948853   , -0.0637087407537292
DHANKUTA       ,    2020, 2076/77, 0.04371331918237556   , -0.08862719607761331  , 0.1838616193982425    , -0.0963586140342184   , 0.0014543342324664565 , -0.03852858266768431   , -0.140163918745029    , 0.13038673670795464    , 0.008693627768717396   , 0.10218608756856497 , 0.0818990865741289  , 0.00022384303270589858, -0.29826745600878424  , -0.086846658200665    , 0.024005369180429604  , -0.016812338428641285  , -0.13350732596303275  , 0.06759467744857049   , -0.10978639687568778 , -0.13038843319995327, -0.1637209736737688  , 0.18542581032138306   , 0.08333258008615112  , -0.11756793890793898 , 0.0722697891199235     , 0.01558148086248851    , -0.025298429218846875  , -0.025744905867646634  , -0.1376341101781151    , 0.06745706256895491    , 0.031741136096636306  , 0.15376184650453534 , 0.09140910327833474    , 0.04077329521270591    , -0.1278488789744504  , -0.002381643943851796 , -0.09550311740659771  , -0.045898567074793506  , -0.012825968971455323  , -0.02373247851852348  , 0.05359958847472913   , 0.10174394657019648    , -0.18538664293570226, 0.17267843761252033   , 0.06469651335020157   , 0.11132478963187013, -0.005698750709546278  , 0.26564635915635015 , -0.003455810257689738 , 0.06622102910545866    , 0.03237084474838454    , -0.008905576565709226  , 0.10438840585602815   , 0.06988776808947757   , 0.16734515138785463 , -0.19623196598695036 , -0.045993391096653666 , -0.08071969373410823  , -0.10636421200193755 , -0.18142491087113505 , 0.060465167443087324  , -0.02537980298805442  , 0.013217798798968528  , -0.015629301762209596
DHANKUTA       ,    2022, 2078/79, 0.05539517541162069   , -0.055513435433589435 , 0.17926131647270152   , -0.07753817362254302  , 0.0013762391474941911 , -0.022950769079845296  , -0.15286708469931715  , 0.13347035993385634    , 0.024340801574408783   , 0.070975304293676   , 0.11312491297605749 , 0.07429009660114197   , -0.2526127851124577   , -0.08836825268272581  , 0.029607097043355887  , 0.023839072430221854   , -0.03380877585169832  , 0.028016099488801547  , -0.10245555370515189 , -0.146468385677012  , -0.19033005141645354 , 0.20096208319346187   , 0.08270007603379409  , -0.12165599767872252 , 0.035392953748662775   , -0.004451182388702478  , -0.014314707895576012  , -0.0472921307489954    , -0.1107877333290626    , 0.06918627827881726    , 0.023043105202792773  , 0.10010918248524939 , 0.09315601592377001    , 0.08768846958603088    , -0.11636355607536196 , -0.020720420249085707 , -0.09890922508754672  , -0.06435068723577263   , -0.06581101035585746   , -0.02134946714151925  , 0.07833187712995623   , 0.125241360383187      , -0.13134855008419885, 0.21865811692481105   , -0.0032924559519537234, 0.14346790083719121, -0.005463268339705139  , 0.2405310082325026  , -0.006777648709545953 , -0.02499530028594722   , 0.028650514661247035   , -0.02596396669034066   , 0.12500486470681835   , 0.1016755936664219    , 0.13113462455972077 , -0.23703099336859332 , 0.003001976375908792  , -0.07722404715999627  , -0.0721640369865917  , -0.24992321069310125 , 0.06898694304826765   , -0.05211769578603014  , 0.0022568103432855924 , -0.026007787814986052
DHANKUTA       ,    2023, 2079/80, 0.05191326233383353   , -0.09981251014938922  , 0.18443502977782067   , -0.07517533158205385  , -0.03117986904228578  , -0.03172915297200302   , -0.1393736303407747   , 0.16080349064867042    , 0.0036218032574502172  , 0.0715976953374516  , 0.11799715206451744 , 0.055119784865882565  , -0.27173308924389383  , -0.07324787371264707  , 0.03708655575753965   , 0.044163337280877055   , -0.051857213672779706 , 0.019271312461630233  , -0.11947986188057022 , -0.14587369714662224, -0.19960750388251194 , 0.20174450812350758   , 0.10993003919139258  , -0.1427991513010675  , 0.04603918526662569    , -0.005814527931904149  , 0.0333284280805478     , -0.01836371443779591   , -0.10206914739020723   , 0.06362526664710878    , 0.008391591587658889  , 0.1141614622168766  , 0.08146936237476074    , 0.06729447241591512    , -0.08565292325592479 , -0.04184327303906044  , -0.08977332324550888  , -0.06513655365627641   , -0.05174832258713857   , -0.03841797303516434  , 0.05860973212908017   , 0.10223143035355078    , -0.13804575570373623, 0.23993115119054462   , 0.018594856867690537  , 0.15005479404392624, 0.0015660718784910879  , 0.23482738992042781 , -0.02865535642190462  , -0.01594452217938553   , 0.03423967180284464    , 0.010416270535912106   , 0.14649595021853082   , 0.06350863599728973   , 0.0983991373887719  , -0.19105331544674012 , 4.195053938981814e-05 , -0.10840490966412943  , -0.0820490357111522  , -0.23418410804915493 , 0.08150557827012195   , -0.051790208016897245 , 0.03604295949107919   , -0.04285100109655877
DHANKUTA       ,    2024, 2080/81, 0.050058191106891664  , -0.09279989626723312  , 0.1899026896578739    , -0.07508713658330812  , -0.024375841549957068 , -0.05066979050814329   , -0.1272805067347418   , 0.1909722299371309     , 0.010869538723478608   , 0.08144277878614505 , 0.09858200103419522 , 0.020400718685741264  , -0.2854558965881663   , -0.0563886255379875   , 0.029367360185635658  , 0.0017147211594830938  , -0.09828621582505437  , 0.07072334676848706   , -0.12413760530361943 , -0.12538709864679287, -0.19593854736278216 , 0.1789955530105701    , 0.13037174947084854  , -0.1242941868410642  , 0.054288353120126566   , 0.0057080519901706525  , 0.022626119077712406   , -0.016667635371682213  , -0.11186231648789519   , 0.0964826788519951     , 0.04147931350422838   , 0.14164766350097482 , 0.08496989311164682    , 0.04646436807372109    , -0.0941485210781249  , -0.0018996300717345038, -0.09061586330516849  , -0.03322194921880447   , 0.035111194072891545   , -0.04781393281685755  , 0.0575557105983979    , 0.08235022343068062    , -0.1771397402264738 , 0.21603609490167272   , 0.06149323747513734   , 0.1193579739660391 , -0.018946791564093835  , 0.24780058694573137 , -0.055531169767248076 , 0.03183317110572301    , 0.05540371092710905    , 0.030323107755964647   , 0.08050393542495435   , 0.02766469372683655   , 0.16783974932380977 , -0.17433406544695315 , -0.029634152678543434 , -0.05143828569602065  , -0.1065427937527988  , -0.1950656675009352  , 0.07120219417918977   , -0.04563582809139527  , 0.013898877669409247  , -0.03741251471634548
DHANUSHA       ,    2019, 2075/76, -0.002224465675178449 , -0.12878888857167178  , 0.13968390029107447   , -0.019376556316490136 , -0.014618241013350316 , 0.06253414619280179    , -0.018606949378799167 , 0.10414184075338226    , -0.07392166065909456   , 0.14128155716709154 , 0.15195215809778168 , 0.04839993249421157   , -0.32840794786738825  , -0.012280420675123862 , 0.059070980742136715  , 0.08757136926498353    , -0.17485361064419952  , 0.022974407263176136  , -0.11276918696962063 , -0.120717601733609  , -0.22854895897546598 , 0.2923831656908946    , 0.07924076378718665  , -0.04700860945447155 , 0.07202418326337667    , 0.12754026936497845    , 0.05669669406497001    , 0.022237108881880848   , -0.08166857030639955   , 0.0982306022064803     , 0.09040781635917335   , 0.05697490626515898 , -0.005059564821456517  , -0.025033004847856477  , 0.09496181595720342  , 0.14282143515567525   , -0.19938635073752783  , 0.032837031509338976   , 0.10982260628240502    , -0.032860362989814616 , 0.06586185005758877   , 0.05172556673434236    , -0.1807979925425011 , 0.22887823555995326   , 0.02274744768684812   , 0.12867508035351521, 0.07285068305260325    , 0.10174931373835343 , -0.12337554719979066  , 0.06048457952910602    , 0.028828982451982333   , 0.16833127912355084    , -0.011313898676793097 , -0.0914866696758718   , 0.21299141444338396 , -0.1267183730795468  , -0.09169126282784677  , 0.030291449212623656  , -0.0867688179490776  , -0.11108031203325366 , 0.08335685108782163   , -0.06601577919530181  , 0.04355115947354655   , 0.053063384777342
DHANUSHA       ,    2020, 2076/77, 0.02277479426891837   , -0.1040593162339358   , 0.17015752589024943   , -0.04140851123578075  , 0.029637338293529217  , 0.0828292184155647     , -0.07153486521070884  , 0.0642433796149944     , -0.08056024056481752   , 0.15873513311571594 , 0.1291356538579142  , 0.03518437791120852   , -0.3157352492993368   , -0.03681759721335303  , 0.03405202545693887   , 0.0804623398488393     , -0.19168750094800646  , 0.0046892775916918435 , -0.11691874250442834 , -0.08947689206452528, -0.21025934935454785 , 0.3046610847942378    , 0.04729076421383565  , -0.05033412464866156 , 0.05434776101557023    , 0.1552605045787238     , 0.026039089340995136   , 0.035223700085154665   , -0.07600505925184989   , 0.09996730880739872    , 0.09157561209442372   , 0.05168820892586838 , 0.014791170696490831   , -0.016636505760704814  , 0.039294993685951136 , 0.1543454099906342    , -0.20941290354659192  , 0.010842909063889973   , 0.08964744479070094    , -0.020317948088693444 , 0.07245630326377121   , 0.099610542260186      , -0.1833514356228938 , 0.21400077441058352   , 0.03753282077002992   , 0.07486850355205665, 0.05492031088255147    , 0.10880769062228467 , -0.1192992249450359   , 0.07065615770875906    , 0.009632330645674026   , 0.11781742806562168    , -0.008535915098399193 , -0.07342452789888443  , 0.22341108835652074 , -0.15349808325555384 , -0.10389777424182861  , 0.0303674619512862    , -0.0910746745453676  , -0.09100998730847405 , 0.025337539075359586  , -0.08902410349942518  , 0.048435362848624014  , 0.0955794347618106
DHANUSHA       ,    2022, 2078/79, 0.01614062745982412   , -0.07679430664504618  , 0.13433503235381383   , -0.026493855093527786 , -0.0013345641768944116, 0.07820963892448278    , -0.07620034066907244  , 0.07526616141546447    , -0.09267342844820935   , 0.1501317271223696  , 0.18566648052851778 , 0.10121883202799643   , -0.3045031242127813   , -0.042849741308464744 , 0.029500173592980086  , 0.12876637193010557    , -0.14504973982060085  , -0.04462244931935006  , -0.11516926192848208 , -0.1451123477902449 , -0.24944579464507363 , 0.333523816560995     , 0.04302747167239749  , -0.05312219631136419 , 0.03294554509608439    , 0.15097728502967964    , 0.03900581780521509    , 0.04623357263792577    , -0.042216188843814985  , 0.09399768838872441    , 0.08686304453946594   , 0.030787782078501295, 0.022372132317059125   , 0.004625152853365378   , 0.0527966661874152   , 0.13825812217821298   , -0.1935315866058781   , -0.00822534557506927   , 0.04416967095412196    , -0.03318839026181379  , 0.08420804921556757   , 0.11870966507763002    , -0.12846755184323344, 0.23477564942278634   , 0.019718925726491088  , 0.10853732612775037, 0.08021907495385724    , 0.10089553912682085 , -0.10572857051759353  , 0.03353137084155504    , -0.015307881079156     , 0.09070820109963765    , 0.03401639532686046   , -0.07040262153220841  , 0.1898652553013342  , -0.1863805122749768  , -0.07565125531545124  , -0.004611806511743661 , -0.06717094398450613 , -0.1128908467165514  , 0.05437744178768739   , -0.12215155284067139  , 0.042646678553266024  , 0.05927332562570144
DHANUSHA       ,    2023, 2079/80, 0.02392860078592165   , -0.08375811462622915  , 0.13792996306889416   , -0.01744140626890879  , -0.02245831320248695  , 0.07452375706785354    , -0.06557767868368937  , 0.09601656262327943    , -0.11926602499663345   , 0.10518904178576043 , 0.19259805403583685 , 0.0909361831171614    , -0.3375526536348614   , -0.0035406635180662543, 0.02338825415303357   , 0.15864212397048394    , -0.13682007544357067  , -0.03829006492299711  , -0.11544199053459461 , -0.13436581535913159, -0.2551114865760492  , 0.3363730987825079    , 0.07935855357864985  , -0.08001787890796608 , 0.03582262480381855    , 0.13349542636893422    , 0.106710831718482      , 0.04484268940258152    , -0.0467581688224564    , 0.08137280591319974    , 0.057305023705794655  , 0.058944311828463575, 0.012832725739008545   , 0.006389110127663315   , 0.07163093558236294  , 0.09747234696631807   , -0.1895226949214503   , -0.013137490561790463  , 0.017928073457740067   , -0.031090813113067665 , 0.08460187949011008   , 0.10379883250813685    , -0.11005926673574375, 0.24457899687421325   , 0.008883490541987529  , 0.13742818434810655, 0.08476037394522891    , 0.09712674150391525 , -0.0932320774441315   , 0.008515883098525214   , -0.007705833197029253  , 0.10825242845506837    , 0.06782123450480529   , -0.07279394029386312  , 0.13650632524753697 , -0.1759813124544653  , -0.05829388936631703  , -0.020371487793105058 , -0.04168729429133101 , -0.1339581589199184  , 0.05807761591910116   , -0.09849956893858583  , 0.07049965732605427   , 0.05114576185592384
DHANUSHA       ,    2024, 2080/81, 0.01567154543865107   , -0.1288309901050719   , 0.14227818245479704   , -0.006915012279420454 , 0.003171444430525016  , 0.04039501069915752    , -0.058331638068158456 , 0.13284560044761462    , -0.09055916012967585   , 0.11629619429804389 , 0.14300037868709084 , 0.06846745471507001   , -0.32983049218751714  , 0.008520523726511603  , 0.0450990325085281    , 0.09056393018924278    , -0.1654089603229233   , 0.014649556617277622  , -0.10902174556393764 , -0.11009181491874948, -0.21365026095058906 , 0.29390635680704663   , 0.08113947796379378  , -0.0561602296450818  , 0.043926562101256804   , 0.1488394344971455     , 0.07839477120967789    , 0.022813621359740723   , -0.06410792240230141   , 0.11835299690249265    , 0.08946196947720028   , 0.04410408172503285 , -0.00660990424982339   , -0.031949968001718114  , 0.10581320549183568  , 0.14747216644867828   , -0.19817646165798639  , 0.020954644547247433   , 0.09261069630389179    , -0.026914792300129272 , 0.0657672025747419    , 0.05937757453147227    , -0.16557355547131994, 0.2182697491477792    , 0.01817400916186034   , 0.11007280214281735, 0.06573816773056063    , 0.11012186159846232 , -0.133251112800928    , 0.05036481901100953    , 0.017513822212364322   , 0.15042540919162845    , -0.02877670655557619  , -0.08515228428035997  , 0.206747466574852   , -0.14756983611846916 , -0.09655211809717644  , 0.03197145004736554   , -0.08969403124899963 , -0.09338083282137308 , 0.06652648590424753   , -0.08157049587346263  , 0.04648453797344818   , 0.07053083056463114
DOLAKHA        ,    2019, 2075/76, -0.02999053898507464  , -0.1866602862403364   , 0.08866617739820251   , -0.08640147097996603  , -0.0673389889050756   , -0.014224277690158217  , -0.022443352359251836 , 0.09827648460335388    , -0.004062712424999524  , 0.1366438966279283  , 0.08932500456949581 , -0.001508162502115236 , -0.16258196505207437  , -0.02104550550601308  , -0.040018992495528434 , -0.05156341252095587   , -0.1434498360934116   , 0.0788634605049081    , -0.1081845652929044  , -0.20948308299682306, -0.006261920601565313, 0.010863845558661987  , 0.10418584772961842  , -0.11522511003229238 , 0.05986208953384798    , -0.05696772101991283   , -0.043083192489692196  , 0.020228538413772763   , -0.07608840308439944   , -0.021603336241165567  , 0.025159120397377232  , 0.19080207422581472 , 0.0032636031507297055  , 0.023704503281851808   , -0.13337243547156666 , -0.0942260771759568   , -0.05583464093017053  , -0.061787415261300695  , -0.04097521360084435   , -0.041247359516871265 , -0.004496344858215381 , 0.03297731183329351    , -0.17471042793103955, 0.020765065282436473  , 0.045802347007366954  , 0.15159910362161536, 0.004355785888430807   , 0.19791060646425998 , -0.01167903649200121  , 0.03978068863633702    , 0.033725385469111156   , -0.014374368884629412  , 0.08685523170825317   , 0.10801417409179816   , 0.14354639774470146 , -0.12533171844421698 , -0.13418454182137352  , -0.11626306447442368  , -0.13160985778456497 , -0.17860094694783138 , 0.029167240149436984  , 0.07996105470036244   , -0.05905163462286976  , -0.0833555503555986
DOLAKHA        ,    2020, 2076/77, -0.007649967938274329 , -0.1548472850934278   , 0.09742728787530068   , -0.09474731222731544  , -0.0364301846421547   , -0.01943133498373773   , -0.03918089234425235  , 0.07056636108608873    , -0.00017386199854853743, 0.11415919622001507 , 0.08722145396240538 , -0.013626812846345975 , -0.16038874360040528  , -0.026018096891934607 , -0.04763578869262792  , -0.04223735391438701   , -0.12890552394438332  , 0.08095723383108486   , -0.10680419538132567 , -0.1766588514920034 , 0.005321451622733796 , 0.03219298721824787   , 0.08155098614556258  , -0.11147243006526365 , 0.04307057680246706    , -0.06504920591105187   , -0.03605410305096129   , 0.011206709413415443   , -0.09254686958870148   , 0.0013450620151149394  , 0.013171887958569672  , 0.1906456594408861  , -0.004254516079133165  , 0.027643128163133683   , -0.16224469210071468 , -0.10844826389507449  , -0.05898217316491811  , -0.08597876431904389   , -0.05547599577644231   , -0.030838572514205027 , 0.025077062636826526  , 0.06058772303276452    , -0.17523257069750328, 0.012106524738788264  , 0.02877474580591692   , 0.14462627539568673, -0.009548065556701709  , 0.19124807665624508 , -0.015840633119918984 , 0.04649541508035234    , 0.013949156909018849   , -0.036588640540804816  , 0.09403642025423414   , 0.14163771295548028   , 0.1445186510696576  , -0.13629093589705157 , -0.11903482560362594  , -0.12986775433901343  , -0.1345479072243674  , -0.19948172226752311 , 0.01582206567140049   , 0.06847269158522323   , -0.07463291843314929  , -0.036494487197933
DOLAKHA        ,    2022, 2078/79, 0.01614328237019531   , -0.13251316235817837  , 0.10882329307324769   , -0.10017030274359746  , -0.035967176973352076 , -0.027405674993114977  , -0.0744734947315417   , 0.07420564313495653    , 0.028003402197229278   , 0.10082774997957289 , 0.10295030490658656 , 0.0210207591074883    , -0.1036979270308096   , -0.049411068115756095 , -0.032245225661656496 , -0.02877929702032204   , -0.04933398191627812  , 0.031300143077175054  , -0.09961582629815705 , -0.16563092047795935, -0.010907907510393796, 0.05017470605474242   , 0.06807813746725638  , -0.11151366496417355 , 0.009848406819285359   , -0.07885586964658219   , -0.03356594368310724   , -0.0223516383768217    , -0.03297479361532204   , 0.029426066476425084   , 0.01358658153792723   , 0.11966045937943846 , -0.007569833619124341  , 0.06325247530032556    , -0.14895154768859736 , -0.11128904246402847  , -0.07613995305841224  , -0.0999095330033508    , -0.10293364072956701   , -0.02641768305297734  , 0.026274528822874742  , 0.09946230880024969    , -0.15264129099803003, 0.04639729131400889   , -0.04393053312490368  , 0.18063845732625108, -0.006196729612314528  , 0.16569334837619493 , -0.022780753327352885 , -0.01794335780559679   , -0.005686746148349822  , -0.040563293455902275  , 0.11577198389951772   , 0.21560551602119565   , 0.12033904590625502 , -0.17293643631797956 , -0.08903319622600775  , -0.1362495535522561   , -0.10205548582981075 , -0.25531422197522535 , -0.012459162652128635 , 0.07140634264063993   , -0.0804357265850262   , -0.04916967794400174
DOLAKHA        ,    2023, 2079/80, 0.018067587918101768  , -0.16069570428702565  , 0.09472279673598501   , -0.07573100456911987  , -0.06955779850723158  , -0.021268376517983002  , -0.029292284845724218 , 0.1038053388112839     , 0.01945504258060642    , 0.09159687525568902 , 0.13288225251597424 , 0.0036509601038211916 , -0.13773617188592874  , -0.047552195542501244 , -0.02814471397054437  , -0.04493048458070079   , -0.0788033984115121   , 0.04910025912331879   , -0.12062927948685344 , -0.18295778909647886, -0.034060833282622334, 0.0395397135816248    , 0.12262899876099667  , -0.10430815464430677 , 0.02668873279478381    , -0.09384564300848475   , -0.030201354123748983  , 0.002166648879441231   , -0.10116561379099112   , 0.007167435558460497   , 0.006126095492379566  , 0.1384186200595913  , -0.012100988165826299  , 0.07313181332462644    , -0.14451819135064847 , -0.11513606494105764  , -0.07573155385147502  , -0.09817955341043612   , -0.020512755440449452  , -0.07797515042567725  , 0.03822052616174212   , 0.07101230383167767    , -0.15825264513091217, 0.0944328182292097    , 0.003184056062253701  , 0.1595035259744856 , -0.017468560486846904  , 0.1959871326903048  , -0.05731584957080651  , -0.00982360368398229   , 0.0018206810020582759  , -0.008426997665205598  , 0.09061317453147244   , 0.11619295906886323   , 0.11775550655864021 , -0.15755705348256316 , -0.05174121866704793  , -0.12084602525337708  , -0.14400994044579687 , -0.253477030180712   , 0.019875317578468558  , 0.04795379139981678   , -0.07212331240027559  , -0.07199278027437607
DOLAKHA        ,    2024, 2080/81, 0.01953655800258439   , -0.1648623607599642   , 0.10227230576887192   , -0.08617990106756768  , -0.061413075594258806 , -0.03355451961766227   , -0.04439159495229543  , 0.1237963084741764     , 0.013049385303277835   , 0.1051209332625955  , 0.13231915461991603 , -0.014386071819230507 , -0.13242496804322984  , -0.03434843122450963  , -0.02036875269285861  , -0.04692194426035957   , -0.09817358580973413  , 0.07270746576737444   , -0.12880401466993946 , -0.17419469297984536, -0.019903622093856696, 0.026001686350905974  , 0.12327651960154999  , -0.10597170998612129 , 0.02282883176221788    , -0.09487738059190791   , -0.009425692591690647  , 0.0071377971109411265  , -0.06186796952507341   , 0.027572276344275646   , 0.02711413867302972   , 0.14449219589444157 , 0.00015755638400036272 , 0.06580444597265055    , -0.13328148467373924 , -0.10489940288494701  , -0.07015730250104428  , -0.08447769304918779   , -0.014930303796123543  , -0.07122524369093955  , 0.023777784803995446  , 0.055738024945524586   , -0.16237767701319833, 0.09103534317734328   , 0.010450313105604016  , 0.14955968524312271, -0.02396808431073417   , 0.18303079376269188 , -0.0628945632297982   , 0.002048192451158316   , 0.014726297088170087   , -0.008475754499345164  , 0.07644140211510778   , 0.12036421351992845   , 0.1348917595847928  , -0.14717484167140008 , -0.08554845322710854  , -0.1093765180417642   , -0.14837444374737    , -0.2443250687242241  , 0.010328010462933218  , 0.05078420012059886   , -0.08361793901405512  , -0.06975438435328364
DOLPA          ,    2019, 2075/76, -0.08864985233882662  , -0.22041921206891588  , -0.024767250567999805 , -0.09136966535639177  , -0.14291210648183258  , 0.06718841230812693    , 0.05973020857922386   , 0.04171957494850118    , -0.06345265931465453   , 0.13972504930612437 , 0.05271738691748559 , 0.016670747275887313  , 0.0027584863530770417 , -0.024380034631754505 , -0.14580577535007608  , 0.02106771574027842    , -0.0699865975179908   , 0.09471951519240585   , -0.055675681367305184, -0.17394209763804402, 0.08396578728514348  , -0.055002253406169106 , 0.07144190688210471  , -0.11941566689020712 , -0.04418745976141153   , -0.045856964564538215  , 0.0033537471824773104  , 0.08914473449009928    , 0.031446056540186396   , -0.0052720454783919245 , 0.03544668767084298   , 0.21543649719006808 , -0.07626189344060501   , 0.003236229619792776   , -0.057960273162586826, -0.15228655431545335  , -0.02080949249093244  , -0.077977054931917     , -0.10518999942347208   , -0.028183489864254056 , -0.018492471636813897 , 0.08117567684971685    , -0.11714796063202428, -0.09960872473163856  , 0.08470533376461464   , 0.15787914151843957, -0.020800002332034218  , 0.09131352739155671 , -0.07463536595914443  , 0.052802629824063405   , 0.020589674245400476   , 0.00689675897935911    , 0.02776777569824547   , 0.12571383879018844   , 0.2596629174311983  , -0.038777053511816144, -0.2052928685218566   , -0.18078370533113972  , -0.1265811238064737  , -0.08027192816189697 , -0.09298493173228203  , 0.15066900891088064   , -0.18412708555339014  , -0.015789999406489053
DOLPA          ,    2020, 2076/77, -0.06509843436620075  , -0.2204570017190495   , -0.003981979748409243 , -0.09614686395797532  , -0.13452528416375698  , 0.09725809489001645    , 0.050127093963893136  , 0.013398931153883407   , -0.06050153899014491   , 0.11716040067718007 , 0.079275914620181   , 0.0269481115478806    , 0.00401202238277149   , -0.02792271905570591  , -0.10113770894379805  , 0.03222702533246277    , -0.07582883194253241  , 0.11004588244326886   , -0.051393365425619356, -0.16753738322547373, 0.08432396488159902  , -0.03717384156484634  , 0.04159835518272936  , -0.10175877652794732 , -0.03407578264352054   , -0.04620956999497541   , -0.0012986840600515638 , 0.0847357056082591     , 0.017842096721901898   , 0.015127832890263983   , 0.0174240051356054    , 0.23164428569181372 , -0.08395918022511747   , -0.023106185145500543  , -0.07101863311834566 , -0.18141640654225824  , -0.02756156088433879  , -0.11692823809697024   , -0.1395904688708907    , -0.04447845213524959  , 0.010075460367090467  , 0.07930131443122956    , -0.09561900871707982, -0.11159693203116149  , 0.06980764993784663   , 0.1574199765526124 , -0.02718966313591009   , 0.09897955627493228 , -0.07304500902614183  , 0.051749887312145075   , -0.010093755597220656  , 0.010080654584256128   , 0.07796358988207484   , 0.1573888321632012    , 0.23362441514599747 , -0.04395818458896603 , -0.19271626342992554  , -0.2128527987970885   , -0.08806011502463958 , -0.10242286503235468 , -0.09657791453977248  , 0.1378387244427486    , -0.20311185998865144  , 0.018955976152178523
DOLPA          ,    2022, 2078/79, -0.05269083483747767  , -0.1677229449095426   , 0.0030899860429427573 , -0.10058609183862835  , -0.12806271032787953  , 0.03714386828382852    , -0.0249177841282233   , 0.05261794811626371    , -0.03273377958400894   , 0.09391190963876742 , 0.08273388691963295 , 0.018641583465278447  , 0.0733647906726085    , -0.04185301697483437  , -0.12258091873552915  , 0.03853116147593117    , 0.019336937246313277  , 0.03350760528292159   , -0.05842837717021401 , -0.15404377396404975, 0.0638273605841548   , -0.036902389881535075 , 0.07499660789722436  , -0.10012224099744067 , -0.0713645567179784    , -0.09516848784236145   , 0.003473499306503196   , 0.03717361679286538    , 0.11783755956644512    , 0.06858371987329343    , 0.017999962761416615  , 0.13559075017451389 , -0.08814277970361986   , 0.019485436376448242   , -0.047100734467215105, -0.14869738627771475  , -0.07050853682102624  , -0.08414997936552306   , -0.16030443299317662   , -0.0019327110967089227, 0.012169446162687952  , 0.11422125776097225    , -0.09186414627878092, -0.06992721141377499  , 0.013032964427049149  , 0.21341552726922575, -0.03707717733870524   , 0.079170168769028   , -0.08013173795367132  , 0.021675185724150208   , -0.008590391740538345  , 0.009377363423137056   , 0.048419168560796935  , 0.1919710047666901    , 0.22302037642596959 , -0.10503030565514396 , -0.18110947874525765  , -0.1874290550353507   , -0.08869092265054004 , -0.13924016670187672 , -0.16535421572233078  , 0.1640300442674645    , -0.1934797561060466   , -0.024190873577619537
DOLPA          ,    2023, 2079/80, -0.06467441954613914  , -0.19959023480476162  , -0.02248145436797351  , -0.08760986794839433  , -0.18148878674927696  , 0.07299848382299186    , 0.046750114653450914  , 0.03893162851247372    , -0.06606529856971086   , 0.10017746440730341 , 0.12791995758747257 , -0.00786406212168566  , 0.01528854845100382   , -0.06219864752040493  , -0.11067334635269221  , -0.018801460838845492  , -0.07093872918332492  , 0.10242040227871083   , -0.05271600617641196 , -0.17759915773755608, 0.05218714393808515  , -0.038706840464637036 , 0.0826712937228655   , -0.08309862869381361 , -0.03608095968637639   , -0.06993589001621067   , -0.020615964742590497  , 0.05941448224958083    , 0.009692803134132837   , 0.03903118630156039    , 0.022153144686575293  , 0.19116334129408946 , -0.06000387467509809   , 0.027860875158072763   , -0.0702461391704139  , -0.14565785061803851  , -0.040726206265849    , -0.12348844609666451   , -0.0858581906590986    , -0.059985651364369744 , 0.02351089994354396   , 0.09023146849033148    , -0.09821055975337845, -0.09032274794881878  , 0.0725555785383882    , 0.1579341599080932 , -0.03332319983379417   , 0.12922065298597527 , -0.08292797285307343  , 0.03747977572522835    , -0.02029508431093833   , 0.0231257161227357     , 0.05052424249673136   , 0.13837586367316704   , 0.2282422492669175  , -0.07109565724382744 , -0.173161847500616    , -0.17764152691062132  , -0.13934777162356446 , -0.10433602400592475 , -0.09277017196024463  , 0.13339165686341364   , -0.20449801976466864  , -0.04036922771371806
DOLPA          ,    2024, 2080/81, -0.06641085379355544  , -0.20936800986905582  , 0.0048671949052723745 , -0.09179294851663135  , -0.18588454739555352  , 0.07438725914653255    , 0.06672274886273205   , 0.036501667895228664   , -0.07669760702142181   , 0.11235765745306904 , 0.1288219895718868  , 0.012586025410691126  , -0.0033302332207238296, -0.0427492389377213   , -0.07784095877067897  , -0.02336094426881423   , -0.09069091291119089  , 0.13639387056556082   , -0.05561896592838036 , -0.1890509154650097 , 0.0672210771244698   , -0.06138991324706289  , 0.06463710715020443  , -0.06816230812420565 , -0.01595869045313633   , -0.07138499027455125   , -0.014423104935043368  , 0.07128216858895374    , -0.0026365490772311327 , 0.019564156504391812   , 0.038878753988657255  , 0.22947343329298608 , -0.05624488769703059   , 0.014827963184744265   , -0.08832926166477881 , -0.15201770273935383  , -0.027120944376503496 , -0.10897377054383633   , -0.07129450514706685   , -0.07634289029518733  , 0.01839783015987334   , 0.05164147473907498    , -0.08272203426546516, -0.06483952195620922  , 0.08550959132191809   , 0.12297220769711002, -0.022146601742703803  , 0.13421442167742953 , -0.05308085097841111  , 0.025317018307327077   , 0.0022812224956429397  , 0.007808493162197259   , 0.0668072876169155    , 0.1151139487830863    , 0.21841873590070368 , -0.04840772383859631 , -0.17328766986309382  , -0.17497480133281326  , -0.1487195600652899  , -0.1405246158571425  , -0.0678323667412967   , 0.13565539748437386   , -0.2207056914137507   , -0.023402244970843693
DOTI           ,    2019, 2075/76, 0.031681688423748314  , -0.1455463025743202   , 0.15165515112339228   , -0.07300456461305559  , -0.019678541781628475 , -0.050646266859919103  , -0.09827617236853321  , 0.18629250716008428    , -0.017456364770225417  , 0.06062115722903522 , 0.06796180708996064 , 0.05303362791014324   , -0.292641382180682    , -0.015397357274348433 , 0.04228326480664705   , -0.041358418021322944  , -0.15251409077083744  , 0.10336917459217713   , -0.09520219578360549 , -0.20158243329112815, -0.10196211667618113 , 0.030552166002476892  , 0.14089143443120453  , -0.10022581809306119 , 0.07568870459870237    , -0.011078734840677977  , -0.04022651608954345   , 0.011350563099864895   , -0.07569144519699322   , -0.02149523186905791   , 0.05463010363839565   , 0.20505316122890946 , 0.08631358508770073    , 0.00870225049438199    , -0.12265564878472077 , -0.020610766753495994 , -0.07872719788852611  , -0.014303490233166473  , 0.01349021493316935    , -0.0620286547580027   , -0.0012748139415213167, -0.027391930870149614  , -0.1436050561510481 , 0.07626168982114895   , 0.10811270205460928   , 0.1589212180516394 , -0.01479347969660778   , 0.24507936223078194 , -0.009869165480135647 , 0.05488611247133011    , 0.05439935687834182    , -0.0038131808646923522 , 0.07885464586327931   , 0.03482312423265597   , 0.1258046082183112  , -0.1086152374525137  , -0.11505609633033628  , -0.04622165917452049  , -0.12457663969794393 , -0.13243707771575214 , 0.16978524301152542   , -0.017522846018400956 , 0.0223166264571126    , -0.11985476151529742
DOTI           ,    2020, 2076/77, 0.03686262437882455   , -0.11392514697916417  , 0.11456401646817599   , -0.08786467015672883  , 0.02232227405036622   , -0.011385769912693128  , -0.09478076241144343  , 0.15511404101679835    , -0.03149378401272186   , 0.06316938368685979 , 0.053397898057803046, 0.05038817746884718   , -0.2815816702326949   , -0.07052233371413621  , 0.04809258728412018   , -0.02197384128149798   , -0.17398354760451556  , 0.06833145549341509   , -0.04204744032852933 , -0.18195564592477065, -0.06547747840498336 , 0.04997951197621069   , 0.0830044338343045   , -0.08971412050762592 , 0.09893074615552627    , 0.009145755404427606   , -0.13072952172734986   , -0.008151585428313405  , -0.09183017904421051   , -0.011925595868658007  , 0.057117166687809015  , 0.15701143110269433 , 0.12013095138497878    , 0.04663241494407856    , -0.1847811544485675  , -0.003749704350062759 , -0.07990566959844898  , -0.04282158712008846   , -0.03922323461220061   , -0.04145424754525396  , -0.015691178763234993 , 0.02550199005030524    , -0.1298339461960675 , 0.009481658899737564  , 0.12193915246773769   , 0.18266290151918937, -0.014135617047518928  , 0.2658523783302439  , 0.004920754021145309  , 0.02652912733841869    , 0.042087345873270905   , -0.02318692182375083   , 0.11429918284986601   , 0.12409408222245118   , 0.11545260695249542 , -0.14316801489210565 , -0.12296866217064127  , -0.043499888794242006 , -0.07873106424960771 , -0.11889039286595564 , 0.18179857412647865   , -0.03374720017764334  , 0.015033203746142351  , -0.09085483960303378
DOTI           ,    2022, 2078/79, 0.08928424767352679   , -0.06683673116212904  , 0.16948492770907278   , -0.06867942790678191  , 0.00546952183430163   , -0.05035810506877592   , -0.12939036528165504  , 0.1587655710042649     , 0.004525496490719305   , 0.03394837028856975 , 0.11084787192692858 , 0.09357530996380413   , -0.2511568595458298   , -0.03653461658185376  , 0.03968607559140138   , 0.01868904676136741    , -0.028686212872693795 , 0.03175067138591816   , -0.10054860865256972 , -0.17797101553192213, -0.11527901045067275 , 0.097303451995659     , 0.13247034392588836  , -0.12133756732017227 , 0.016476040803407924   , -0.053395363698438024  , -0.04368977665931437   , -0.03520612166733477   , -0.06854242723147207   , 0.037842907088841145   , 0.05223511827422954   , 0.11504712831652072 , 0.08764990136032919    , 0.09060906758274583    , -0.14432657823310727 , -0.03903944061304433  , -0.12116891243020804  , -0.06748839108470994   , -0.05727565644233132   , -0.07238507226473202  , 0.048267442425860514  , 0.07977847582214023    , -0.10849083628794455, 0.1747832631259606    , 0.013472772138733767  , 0.1762621791816254 , -0.027914702281170396  , 0.22059460502125663 , -0.015964152308738426 , -0.046505796769251644  , 0.012912411518205165   , -0.07152586200356549   , 0.10713439845913861   , 0.115658174942373     , 0.0928664735833534  , -0.1937439394996959  , -0.04029938242682628  , -0.0644584929674135   , -0.09131339110536167 , -0.24999580322722142 , 0.1283351941732783    , -0.03434313746784885  , -0.01109234181108597  , -0.06625956651469947
DOTI           ,    2023, 2079/80, 0.07228427287320492   , -0.09743496977739881  , 0.16132497730743903   , -0.08760062531385523  , -0.011535371633911428 , -0.036534972178795096  , -0.10940486336290298  , 0.16802472018135683    , -0.008294748283604292  , 0.05627918595575355 , 0.10264730070203214 , 0.06025642947591694   , -0.26799884639221716  , -0.052336510547400135 , 0.040820668768105126  , 0.0021010662942672264  , -0.08832756390872301  , 0.04420249982556342   , -0.09216723951994053 , -0.17171028107436265, -0.09282865096910851 , 0.09447750884009741   , 0.14781955015198645  , -0.13066944261506586 , 0.050354858062192566   , -0.046437858073562474  , -0.03919865171419092   , -0.01595308687831167   , -0.09927288469418764   , 0.028564169265349396   , 0.05179639920197226   , 0.13887708905603724 , 0.08980668899331694    , 0.07559907695895374    , -0.14774476781398807 , -0.030284238681038477 , -0.08599201252538491  , -0.07219013162749471   , -0.008910959697561067  , -0.061567245279500527 , 0.050984556142639414  , 0.06292060765351307    , -0.1353827568970756 , 0.16380380223454744   , 0.06259178511587478   , 0.16939922119383227, -0.025899477897012153  , 0.24722994660301637 , -0.019400157908099593 , -0.01328855858440302   , 0.018581216193369266   , -0.03912424042846107   , 0.11018699400975193   , 0.08849554344951494   , 0.10145184495246647 , -0.168795422328555   , -0.04797113911909516  , -0.06851501598345491  , -0.1057952708740787  , -0.2230651337150038  , 0.13691456954303005   , -0.014788334608115176 , -0.01013127248776353  , -0.0667746656758609
DOTI           ,    2024, 2080/81, 0.05363560256601561   , -0.14838935025663788  , 0.1767305729650806    , -0.0892499516789167   , -0.014549285117632055 , -0.05843533033946798   , -0.10140473528144305  , 0.18627861019361197    , -0.01735375102009281   , 0.06680165274779507 , 0.10214202644154274 , 0.061720029340854535  , -0.2776655172892889   , -0.028463571067096786 , 0.05041290087393928   , 0.010456176754301038   , -0.1257242939076434   , 0.06421540236166466   , -0.10415474786207109 , -0.1728851430062915 , -0.08593065475529613 , 0.07253075533616757   , 0.17715055063369742  , -0.1312426179794643  , 0.05892962856487935    , -0.03806202071404485   , -0.023637841225629962  , 0.025291792105195218   , -0.10671525597281104   , 0.0019895109428090234  , 0.06327257654690442   , 0.1751399783924102  , 0.08703899166455195    , 0.041926577513466616   , -0.12089462875951404 , -0.02716288296580676  , -0.06686408773473065  , -0.026973078484272325  , 0.022156932042143074   , -0.08730311598339476  , 0.026243972795467512  , -0.011079216779980874  , -0.15222252932775623, 0.16396318508397514   , 0.10167413191950156   , 0.15403798164777413, -0.014695141087710901  , 0.24560499345203765 , -0.03524586104679755  , 0.018021764190615734   , 0.0537062358861001     , -0.002813805591829747  , 0.08172321272558226   , 0.035790320763225816  , 0.10962659466655203 , -0.13162101135661552 , -0.09133042248323824  , -0.056347851767326956 , -0.1076758139916334  , -0.18550340093641682 , 0.14865665993275806   , -0.011561687225358441 , 0.0027657338844380877 , -0.09769599543645444
GORKHA         ,    2019, 2075/76, -0.03263390289842747  , -0.17478937164060815  , 0.06695005228599832   , -0.06598591246436016  , -0.05878897524998917  , -0.014838008847492687  , -0.006976917488230198 , 0.10793237346612798    , -0.0004946750494431    , 0.13300108895339782 , 0.05243850072799821 , 0.03100106083897276   , -0.1317623219108047   , -0.000564376887155072 , -0.08732514191162703  , -0.03248147547237957   , -0.10410794180645905  , 0.07347818657373799   , -0.10807111847031958 , -0.15630841546206808, -0.012824659647375704, 0.010969943158293574  , 0.09865066106001416  , -0.0924846726779875  , 0.039895613376096324   , -0.035400548854601     , -0.039071617492573     , 0.03783191170356504    , -0.042308436645054626  , -0.03283285169685805   , 0.022547705018584677  , 0.20729128913454434 , -0.019190913278543865  , 0.01788617884561586    , -0.08221840966383896 , -0.10823965998080705  , -0.05670816097570247  , -0.047203439103877295  , -0.013636398705381322  , -0.02067483379831518  , -0.012864159277738037 , 0.046089041592896375   , -0.15013669546927108, -0.009655217161419764 , 0.04888240428139025   , 0.1463050112422308 , -0.0018784667533035477 , 0.1847137184357633  , -0.043351299239838305 , 0.06997401342265043    , 0.022354641317896554   , 0.012249663310044047   , 0.04601504190336951   , 0.08967113314318101   , 0.21713295288879583 , -0.10813281896611585 , -0.14622885349088305  , -0.1267462057188924   , -0.12197736454900858 , -0.09545806506936946 , -0.008701522117221808 , 0.09355239807552009   , -0.050187595785800926 , -0.05599328074647831
GORKHA         ,    2020, 2076/77, -0.025156806231792096 , -0.17168041215157373  , 0.07309152207877073   , -0.08847679183283985  , -0.04840767788625616  , -0.005839635023742569  , -0.016680343519873245 , 0.08267910577917582    , -0.007361399736786958  , 0.11724840852267832 , 0.07798339964899335 , 0.0420930583228911    , -0.12397127564146931  , -0.02079846204791939  , -0.06422930572998767  , -0.018664484433507024  , -0.11141446407533341  , 0.08131148932415612   , -0.09111608947625928 , -0.1524476036640609 , 0.005214293619634761 , 0.035748550519707156  , 0.06698070292523206  , -0.09158325080384364 , 0.04157643342361469    , -0.04269894911425636   , -0.04191121474849423   , 0.03174550680368164    , -0.054860610882176884  , -0.013891976988993918  , 0.01906660080163701   , 0.2009631651202364  , -0.02189587779966418   , 0.010470629348027581   , -0.09899978117125098 , -0.1170139123729686   , -0.05109040439329672  , -0.07390947455079724   , -0.052279920689191496  , -0.025977504513164988 , 0.014641527612942375  , 0.06142815285323548    , -0.14733998005752988, -0.01622805464187651  , 0.041668717970422126  , 0.15554337048772052, -0.0069404867899796425 , 0.1936553499099926  , -0.03180487432825355  , 0.06602374685837022    , -0.0016847039653871338 , -0.007785637441899807  , 0.07390646303829523   , 0.1348509690061061    , 0.2095523452028333  , -0.12548656607274408 , -0.15821452254475415  , -0.152770246373328    , -0.09262572919377292 , -0.12104542380473095 , -0.007275846359552043 , 0.09586155236356526   , -0.06141248577297416  , -0.022628207450756756
GORKHA         ,    2022, 2078/79, 0.00884783080825845   , -0.11783168200435247  , 0.08822260093933716   , -0.056184253428448065 , -0.035619479400722846 , -0.02970435894656069   , -0.0741159435980687   , 0.08620342225853166    , 0.02232478964594209    , 0.08978474256538968 , 0.06975266668010306 , 0.05314383936082973   , -0.07455514897249188  , -0.03361747906755039  , -0.084557829556679    , -0.015070440611968333  , -0.028598068869758127 , 0.03518995403385067   , -0.11132774027355334 , -0.13607398493792272, -0.02440278566378086 , 0.04349373807349964   , 0.06808740922411614  , -0.08951188407695786 , -0.002033947904629893  , -0.06962803055475852   , -0.02901520090225725   , -0.008726876803221111  , 0.005834030790802065   , 0.035072186845296054   , 0.012820859484328826  , 0.14276754548560594 , -0.02174688236419164   , 0.038015530661883505   , -0.09442355122601216 , -0.1177541935219218   , -0.08950356113457887  , -0.07511444052452868   , -0.09331632787416727   , -0.008067390988149124 , 0.013733517576900065  , 0.10999899171630653    , -0.1271387733820479 , 0.010404325113204388  , -0.02939995562668357  , 0.18759979224765833, -0.018034991225783965  , 0.16845706290623552 , -0.037246148578769206 , 0.01769068446455359    , -0.026583762524963334  , -0.022285077388931217  , 0.07404121549246914   , 0.18047979380908194   , 0.1799006803133715  , -0.16197765931628005 , -0.11228211838710066  , -0.15038263886170197  , -0.09395711354335716 , -0.15985747650081764 , -0.06040051625206323  , 0.06829827291740478   , -0.061017722875568295 , -0.024619825639303643
GORKHA         ,    2023, 2079/80, 0.006384228738642563  , -0.15514451100062152  , 0.07293399793396813   , -0.05949312717469121  , -0.07177123074672563  , 0.0020811233899970505  , -0.022620312534144153 , 0.10479806014274745    , 0.004935966046653142   , 0.09523431677745267 , 0.12234216024087985 , 0.027737939605776786  , -0.1176480708884952   , -0.04768146310640184  , -0.07590897613481468  , -0.033248033995290575  , -0.06479689097685248  , 0.05127055233968337   , -0.1182340193932185  , -0.14456950993696757, -0.03405221099728725 , 0.060204336628992536  , 0.10716460551415369  , -0.08608602434299856 , 0.02427077076627918    , -0.06822032478996355   , -0.02655371595397614   , 0.005174817823469858   , -0.06917654530149807   , 0.008824373712038886   , 0.005652227996173803  , 0.15247341261479563 , -0.008950559955529564  , 0.05343463490888049    , -0.09848121354781415 , -0.11662591521729661  , -0.08239574418929772  , -0.08419963910742895   , -0.020486260189689905  , -0.05916875679994034  , 0.028833977499851775  , 0.09894047917559108    , -0.13227892348527925, 0.052264706756871705  , 0.016292216340271008  , 0.17595403692817066, -0.025994297630249664  , 0.20506104174713516 , -0.06193981194651694  , 0.02467081229079777    , -0.021033427939576167  , 0.013855328342991536   , 0.07386005661881456   , 0.10617311754378304   , 0.1743469249632575  , -0.14572124075923798 , -0.08510317412947406  , -0.14328407689813794  , -0.1337070395874262  , -0.15580250011640737 , -0.020375409851200517 , 0.06805325098299082   , -0.05056224337961204  , -0.06043838125292832
GORKHA         ,    2024, 2080/81, -0.01177370866236113  , -0.18710873925050894  , 0.09380927926689779   , -0.063900859058503    , -0.06959231381642321  , -0.009909953118066151  , -0.030098977940530576 , 0.12880339758136133    , -0.0037315803620594275 , 0.11155634093975061 , 0.10001168346113062 , 0.031369413022931954  , -0.12577918908578756  , -0.02437394341768277  , -0.061210813343711125 , -0.03144670896232397   , -0.07756584460031378  , 0.07553894108028095   , -0.11739712038114543 , -0.158284896144683  , -0.016540491841290073, 0.035355859003586905  , 0.10361114997971696  , -0.08922154561198943 , 0.030787177687992672   , -0.05962443077047631   , -0.01944125016489522   , 0.024358020327331063   , -0.044089697219767104  , -0.0029430492857978165 , 0.03152731998197894   , 0.18072590905817407 , -0.00025899300085020365, 0.031047037123293604   , -0.08113075797614241 , -0.09466993753894518  , -0.06299092060999073  , -0.06756138990215141   , -0.01728652969598493   , -0.0576049165818864   , 0.0019242880017251872 , 0.050990810967118785   , -0.13361502726061728, 0.04160196206880113   , 0.03541104594976971   , 0.15492977656629237, -0.002186463605444608  , 0.19935462230067705 , -0.060485957578310635 , 0.04297476832848224    , 0.0033092862408691513  , 0.01274316389885713    , 0.06569333986627875   , 0.10461550167844956   , 0.1764462482536319  , -0.11282304300426152 , -0.12418280791780338  , -0.1284356217311674   , -0.1356865932806025  , -0.1326002850840917  , -0.003570644223229273 , 0.07038539938234431   , -0.06014185853797167  , -0.06281744204450834
GULMI          ,    2019, 2075/76, 0.007665992359442791  , -0.13217140693581045  , 0.18375638698242902   , -0.0637302246890284   , -0.003977992535197264 , -0.09437688303547238   , -0.12951063401526752  , 0.19761051342061264    , -0.017796928592023708  , 0.060822770015686416, 0.029692375210919487, 0.0101712339169943    , -0.2803785236299351   , -0.014862855480489967 , 0.043939308937787525  , -0.07434918715571502   , -0.14595719867447837  , 0.08472619781082476   , -0.11494715189517668 , -0.14493332139615345, -0.1357933329981449  , 0.04578759800866183   , 0.13251551969508618  , -0.09872765434640618 , 0.08018510354923825    , -0.030518624522517687  , 0.0049880510557803     , 0.04429255190825088    , -0.09724260633043093   , -0.014144787746971761  , 0.05639212916085598   , 0.2346874746036359  , 0.05610964679812502    , -0.00010143373957075231, -0.11661092834929719 , -0.04296168555020838  , -0.047282572853478595 , 0.016692150362853497   , 0.06076353793722877    , -0.023487439854924675 , -0.013400128757880743 , -0.017996165580483604  , -0.16573477783079377, 0.08910136417751648   , 0.12310354926101497   , 0.12233463344987311, -0.003086980042824393  , 0.22038633645507144 , 0.023147108256761542  , 0.08718228930204042    , 0.06985242154452866    , 0.018315137358554282   , 0.042890809596665316  , 0.011530792190529006  , 0.18250009626954936 , -0.1172093090851471  , -0.1352015699211042   , -0.09741979459583028  , -0.153222010392562   , -0.11134392143156172 , 0.1308862115718356    , -0.06143806718327218  , 0.021151163002374296  , -0.11024986502081834
GULMI          ,    2020, 2076/77, 0.013171268270233558  , -0.12141686656984227  , 0.1771497799935072    , -0.06294713824018193  , 0.008471588761515892  , -0.06962606042829211   , -0.13139854000956241  , 0.15772888384017567    , -0.018903334988782015  , 0.07019570067235276 , 0.0431829180539011  , 0.006449501297466437  , -0.30431911738880324  , -0.056724627641881124 , 0.02206087118529963   , -0.05536748750948579   , -0.15328477911482147  , 0.08525884538336792   , -0.10227258060586224 , -0.14512799242864102, -0.11488205839462606 , 0.08860912557569472   , 0.1010075670000984   , -0.10498380994602433 , 0.0893506632894784     , -0.006114130033696852  , -0.03872642210085988   , 0.021707541974269547   , -0.11807480186869637   , 0.0031461678531568694  , 0.05405265018913887   , 0.21248427916126428 , 0.07079392859713197    , 0.01924962300181066    , -0.17250525853622714 , -0.049347817898332494 , -0.05115742552830472  , -0.0359236483865541    , 0.015880175562094354   , -0.013530632805865247 , -0.0101412594887159   , 0.01544760227704636    , -0.18183819223899095, 0.060540533205182524  , 0.13037667132147865   , 0.1222476195827958 , -0.012648901969897756  , 0.25320623696753436 , 0.006014576943028306  , 0.0695012201511546     , 0.034645728807145934   , -0.014552743962312858  , 0.06444822659810798   , 0.06308340211930405   , 0.16545129699818414 , -0.164313933223886   , -0.10555167707599455  , -0.09042078528926349  , -0.12361873396418348 , -0.12153173917634583 , 0.1201603650305777    , -0.03379477541240219  , 0.0038369726092891934 , -0.06842279985358449
GULMI          ,    2022, 2078/79, 0.05749621622008224   , -0.024304776772024313 , 0.20338449281594412   , -0.023177575652808435 , 0.013816352820864991  , -0.09948942518207225   , -0.18695845609973344  , 0.16657530181008992    , 0.012090231394047957   , 0.019164300832999526, 0.05046354504288746 , 0.07141507835994225   , -0.23246761256582466  , -0.03204735900469883  , 0.006979406134906533  , -0.026162032392192617  , -0.024428101824577456 , 0.0414070472614977    , -0.13132209800410286 , -0.12149047266104293, -0.18432805757774468 , 0.11882407657617367   , 0.12778263324427408  , -0.11514296340365808 , -0.0030276535416657873 , -0.05708501980619632   , 0.001938802223603732   , -0.03974851733876665   , -0.056195461741485125  , 0.05031757548421995    , 0.058558013837616496  , 0.15994596201989283 , 0.06835261095691958    , 0.0853766840225857     , -0.14761580636481939 , -0.06431573411008842  , -0.09716424587980445  , -0.01436085295038649   , -0.04582801837353418   , -0.014182837573283154 , 0.039441638762915426  , 0.08813947525525183    , -0.12343857349833834, 0.1595702821806692    , 0.01924054139558835   , 0.1614856320930238 , -0.01372489276851681   , 0.20778871924088257 , 0.019214335163595497  , -0.022576533146195468  , 0.01693646265221971    , -0.07043527197833521   , 0.06522276943801378   , 0.0898744457811879    , 0.13926743258438817 , -0.2243667079137469  , -0.05519699460938228  , -0.10718986991371149  , -0.12108094095791251 , -0.2204124904931489  , 0.08201113133929812   , -0.07719148935285187  , -0.012188722595116903 , -0.060639114585801956
GULMI          ,    2023, 2079/80, 0.05315674491046819   , -0.09238904772697656  , 0.19006338934544809   , -0.06102772980616446  , -0.022126567732739837 , -0.06072172379239875   , -0.1326510437303358   , 0.1916511094527921     , -0.02748515208028084   , 0.04277613927866009 , 0.07291134761866978 , 0.023948038875772352  , -0.2877207389071473   , -0.04070209820667914  , 0.024272231140905473  , -0.02072919695323927   , -0.07861371851878168  , 0.06548375431714841   , -0.13351994101141057 , -0.12975898071419378, -0.15563326877957834 , 0.1249239842336358    , 0.13728217350434002  , -0.1358124779622617  , 0.06282564512055762    , -0.04567432863883416   , 0.04497893386239397    , -0.012999032130304304  , -0.0999062733987377    , 0.03710366862617772    , 0.0486432657203976    , 0.17186501563209078 , 0.07824115500390745    , 0.05069515733160026    , -0.12884263702547538 , -0.051440292503308234 , -0.07928467485713     , -0.037364667078430926  , 0.0018573751039109917  , -0.028789309738330125 , 0.03390592956778622   , 0.06717866038316349    , -0.15204153611776688, 0.18295413495243154   , 0.07788470223337185   , 0.16480960115856805, -0.027580068902518486  , 0.24176403602386803 , -0.017780534468623085 , 0.020391972858317568   , 0.03083876542462991    , -0.01261824758027189   , 0.09677004278717784   , 0.04342592517797938   , 0.1149752798570423  , -0.16076312805514315 , -0.04962119459241937  , -0.1096045662384965   , -0.1320411198743097  , -0.19592857781545592 , 0.1014545011915135    , -0.03687992559222172  , 0.01283124563062542   , -0.0710307122532837
GULMI          ,    2024, 2080/81, 0.04476459719123073   , -0.14324558128039316  , 0.2029683561260514    , -0.058925137650237124 , -0.013593759238995194 , -0.08938555170452832   , -0.12493872198713142  , 0.20021308122182682    , -0.023854094517326674  , 0.06034052498155867 , 0.06639132760410307 , 0.03967647432346091   , -0.2835972114615408   , -0.039245732144897495 , 0.040048587889456755  , -0.02112264422610856   , -0.0895820382138238   , 0.08330085267830087   , -0.13091876069812142 , -0.1422653825750399 , -0.1408790832574285  , 0.11123727978520952   , 0.14652463082904885  , -0.12511661719371114 , 0.06310946621505709    , -0.03925323980145949   , 0.03536753220925664    , 0.01864309412012497    , -0.1082732817457141    , 0.026019703714016226   , 0.07657850606102656   , 0.19178726827261894 , 0.07979105304576328    , 0.035152943028085686   , -0.11115481380527187 , -0.02902190927302674  , -0.06237870854930349  , -0.003739254613831542  , 0.036053868529360336   , -0.054411680456482044 , 0.03106769068261821   , 0.01000923146008681    , -0.16467139114662654, 0.17359129312601446   , 0.10847131839093967   , 0.14351670901451943, -0.00882113585495361   , 0.23324372424751755 , -0.03207971691719722  , 0.03907375325936504    , 0.04893943706297772    , 0.012189245066034513   , 0.05583992923507536   , 0.019625719363068127  , 0.1406424406298872  , -0.14227078447525254 , -0.08440919678277944  , -0.08098947554566681  , -0.1316015159800302  , -0.17224577577343214 , 0.12556578732871868   , -0.036073929367169424 , 0.007382986861964668  , -0.07471266495320097
HUMLA          ,    2019, 2075/76, -0.08335940609302782  , -0.22580384863234862  , -0.04113226686364673  , -0.10117182334466338  , -0.08779668688707098  , 0.039535344692478824   , 0.06292922692749287   , 0.06225859723961023    , -0.042260849100938906  , 0.14057710516714542 , 0.012113708614086194, 0.02684918108945409   , -0.00876007379537277  , -0.02857150503086766  , -0.16597318554136367  , 0.029989491706499134   , -0.07019097540968049  , 0.06886454598024201   , -0.06318884156991918 , -0.17364833292583895, 0.07681165694008947  , -0.033790324969086995 , 0.06573747121196387  , -0.15285453836849852 , -0.03156783393701024   , -0.027285570310916444  , -0.014189701838764461  , 0.07940500613806273    , 0.03202407192657409    , -0.04357342181102814   , 0.030196145713471016  , 0.1931991595361522  , -0.06892911728229426   , 0.0020895263736445666  , -0.055429881387983694, -0.13136819691622656  , -0.041174473525581116 , -0.05073020869102605   , -0.120905632052963     , -0.02584811939247573  , 0.0016056252486836954 , 0.10961741991136595    , -0.14788344372380513, -0.10191216558874898  , 0.06486094231057918   , 0.1959314035637912 , -0.00811231214577709   , 0.058830661146397616, -0.0926146289017945   , 0.050566942846108506   , 0.03720018668560151    , 0.009504327650362692   , 0.007663681768092778  , 0.14149138190841903   , 0.24663165986045646 , -0.04444626334488876 , -0.21644527388821957  , -0.1659349701045609   , -0.09923380299088583 , -0.06593500420758597 , -0.09433134493182233  , 0.14654779030432563   , -0.12325473551415003  , -0.030067449002513992
HUMLA          ,    2020, 2076/77, -0.0686018487758425   , -0.23398175915617284  , -0.01833946757962906  , -0.10353750263053257  , -0.07975023292242062  , 0.07050071580940948    , 0.05969934207992306   , 0.03844454678717471    , -0.05040655328058459   , 0.1216244874221687  , 0.029922941765618657, 0.03451240831046376   , 0.0006564328000888743 , -0.029079548436609877 , -0.12202115145432162  , 0.03585200078729084    , -0.07506862371425664  , 0.08270426048306952   , -0.0534533580596603  , -0.1733549864046066 , 0.08554225430294324  , -0.016532396348686737 , 0.044110951086486196 , -0.14013871152048282 , -0.019434788133797804  , -0.025939287713675933  , -0.023724234304307788  , 0.07734675556393465    , 0.008783736221909543   , -0.022249477240165235  , 0.011870973511579421  , 0.19716063485691535 , -0.07420795923009664   , -0.015781469562022855  , -0.06121819362367701 , -0.15923639853733199  , -0.04805273456048143  , -0.08038935862449291   , -0.1493419541837327    , -0.03917093419805168  , 0.021790848054137814  , 0.10817824384305857    , -0.13381150007871537, -0.11948072080701617  , 0.06036486144948438   , 0.2029687332260263 , -0.008184948732413226  , 0.07527529133815514 , -0.07987397887384233  , 0.06893018436468193    , 0.005225974872580299   , 0.019464251645302872   , 0.042357740930845794  , 0.16902569754050736   , 0.23839008941255543 , -0.05386183240988559 , -0.2193926540163018   , -0.20363260559473248  , -0.06165284718699998 , -0.07082825293871316 , -0.08413132151452993  , 0.13298466680952806   , -0.13633084642907095  , -0.004768078020358087
HUMLA          ,    2022, 2078/79, -0.05180233080571217  , -0.19033134775102947  , -0.013531846170346532 , -0.10101093190374222  , -0.08634633287144225  , 0.021440812517318483   , 0.011602363060587848  , 0.06683108817011661    , -0.01419780457660019   , 0.1071586220455814  , 0.059822495360799796, 0.02732733170600786   , 0.04842987969379002   , -0.044307117999683426 , -0.1376065874805078   , 0.02416131005443057    , 0.012741709224366083  , 0.012037025434802203  , -0.08220862871595913 , -0.16079146142330406, 0.06355493325264625  , -0.0144349259805905   , 0.062345990702089064 , -0.13356465277979657 , -0.04892861930544327   , -0.06892121071474758   , -0.011630059594551597  , 0.03570133215853792    , 0.07695378690541554    , 0.043666049313773006   , 0.01409387910041114   , 0.10730143347857105 , -0.08170778248134104   , 0.022119731430902366   , -0.05321672301646758 , -0.13129475386381273  , -0.09572718648026955  , -0.08484978697945769   , -0.1634220237319345    , -0.025250565308492942 , 0.044708243933014036  , 0.14378342319528212    , -0.11306682329338487, -0.05643056860685281  , -0.01026368095202953  , 0.24228435601217216, -0.02430739935231812   , 0.05813236424273677 , -0.10027094997467782  , 0.019257417404169926   , -0.015077826613778482  , 0.013776858660567985   , 0.026560848795535188  , 0.19731368570294944   , 0.21915765467342552 , -0.11075781084681016 , -0.18424944677602736  , -0.17875943991693163  , -0.06917632792086029 , -0.13114242456345807 , -0.14775321722126597  , 0.15657064211441393   , -0.1496985026716944   , -0.019999026037128706
HUMLA          ,    2023, 2079/80, -0.061044973430143874 , -0.21246147428189355  , -0.027604373801606265 , -0.09477126049987583  , -0.12183876141772193  , 0.055108851434640956   , 0.06315319781884152   , 0.05122617226155459    , -0.04223720875095412   , 0.12001748182946287 , 0.07709286640267594 , 0.0066543625330569255 , 0.0040535275935900655 , -0.04874590589867949  , -0.1312331829107991   , -0.003149381916172404  , -0.08456789750347302  , 0.08067648759251429   , -0.07993097703504323 , -0.18159163088709504, 0.057717162872755544 , -0.01929866420517981  , 0.08009294936684021  , -0.12051727156018358 , -0.02754571372967092   , -0.04555131409213676   , -0.034851918910892746  , 0.05967619614754185    , -0.0023970086701414514 , 0.011683778611213861   , 0.020092298581714584  , 0.17960537526510711 , -0.054118651015082835  , 0.023898304990944752   , -0.06838050229710597 , -0.14061827061457427  , -0.06258614789092559  , -0.09473677978575723   , -0.10360928958249957   , -0.06940266075802236  , 0.04652565339739467   , 0.11387582380583565    , -0.12989612833978056, -0.08973381426552375  , 0.04312102612265203   , 0.1997968877824983 , -0.012985234079814464  , 0.09583498524656968 , -0.0957763631880071   , 0.04198857654692169    , -0.010765542700037465  , 0.02523964109779859    , 0.038710121737385896  , 0.1556698314223892    , 0.21485595772186167 , -0.08978337187105312 , -0.1892066982846485   , -0.18297398711056054  , -0.08849110984561806 , -0.08626084833119098 , -0.10177117988244005  , 0.13429211619162498   , -0.14293897751286544  , -0.03467707518892905
HUMLA          ,    2024, 2080/81, -0.06284267623878259  , -0.20940336676775037  , -0.0026009013077078107, -0.09300434449717841  , -0.1329821852284497   , 0.04896097639283723    , 0.06551618967430217   , 0.044272573654638984   , -0.06007509689406159   , 0.13375406936730286 , 0.09645919009003441 , 0.006158826542140276  , -0.017184891666563663 , -0.03753483688693667  , -0.106759183377538    , -0.023913203760914156  , -0.1066043191066532   , 0.12335552713469      , -0.0816066802744828  , -0.18894506494982138, 0.07198721426327197  , -0.04415730736648499  , 0.0711877308672735   , -0.09871038813195854 , -0.013006210518369726  , -0.06165658627014107   , -0.03460971367523427   , 0.06677285741468653    , -0.022654582271786027  , 0.00026142407184943516 , 0.040941771748855306  , 0.21874195098435945 , -0.050079418543589     , 0.024542494324631084   , -0.09460971323823548 , -0.15086573105652798  , -0.06270685651701083  , -0.08743838921886081   , -0.08723034935342505   , -0.07506380578020364  , 0.03371470575868304   , 0.06156863568336541    , -0.11759522983687154, -0.06572771549862887  , 0.0610134085718168    , 0.1543550723416893 , 0.005628454185948834   , 0.11303000927654115 , -0.06484628529815537  , 0.03008090514194885    , 0.009676446415907921   , 0.012818350932421821   , 0.05390860831771844   , 0.13317746728895907   , 0.2028847067374151  , -0.07555133254326932 , -0.18541138578148428  , -0.1741236028353584   , -0.11431645632718178 , -0.12653159490534638 , -0.08025022448072641  , 0.12388966992771172   , -0.168767555856267    , -0.02369498638687795
ILAM           ,    2019, 2075/76, 0.03170908218984282   , -0.1062925249416583   , 0.17477147857084338   , -0.053270392519499686 , 0.01412327306864038   , -0.0184354134190614    , -0.12516633617093348  , 0.14091623606151324    , 0.0193419448507792     , 0.13995356425120314 , 0.08293002912180539 , 0.020320611266882976  , -0.30918651236265876  , -0.05603119248652654  , -0.019557440243672904 , -0.009468480303098013  , -0.15162668865442586  , 0.06654128767023487   , -0.09737982887153668 , -0.15248290951054058, -0.16950276483107402 , 0.19840252913419854   , 0.11121078766116604  , -0.12377849370069345 , 0.06793148708441239    , 0.0007244631044154168  , -0.010631930813515005  , -0.028127520659583145  , -0.17088425924541398   , 0.05201549604411326    , 0.03915934869316717   , 0.14662047945763865 , 0.057334169829085804   , 0.032008470889512114   , -0.09785880178644932 , 0.023598090293626327  , -0.12539190970090425  , -0.04634661837833019   , 0.0003968375703156406  , -0.06320721837608698  , 0.05705918891459878   , 0.051215711232774436   , -0.17601576014864492, 0.22146550462909198   , 0.05866973524042453   , 0.12808278975299756, 0.011395047543335543   , 0.25082765950039954 , -0.04766692974010628  , 0.04970754952505998    , 0.041150948654404496   , -0.00032048921766619884, 0.09108121258681631   , -0.007992851035913894 , 0.1409199865215762  , -0.193073715512206   , -0.05455205340360967  , -0.03266901073366204  , -0.10107329971187701 , -0.18500684417983468 , 0.06737357468551597   , -0.03398243922277852  , 0.015064047683161223  , -0.056613279141742856
ILAM           ,    2020, 2076/77, 0.04766841941734291   , -0.09273344819205957  , 0.17852569956582218   , -0.06687538849067458  , 0.01883326952039557   , -0.026278452139335225  , -0.12851586702762718  , 0.11778945407777772    , 0.022502134800748096   , 0.13229395599104693 , 0.07319844584192073 , 0.0037121398603324383 , -0.30946096773709625  , -0.05690020036769401  , -0.024675390666935425 , 0.0012207295235169859  , -0.15451068409320853  , 0.0643913856309026    , -0.09546370758843291 , -0.13023220386749496, -0.15931130894086024 , 0.21746736900198238   , 0.08395853663650997  , -0.11349015117467567 , 0.06654936041716389    , -0.003945823452387324  , -0.009173383229091848  , -0.02614390657100322   , -0.1730469701698047    , 0.05853677626559518    , 0.02812346689410493   , 0.14774735644199247 , 0.0557921300927096     , 0.02909767045193472    , -0.12615460951179805 , 0.019379454293715424  , -0.13011113648916608  , -0.05912665035882482   , -0.03275876101107227   , -0.051821216340087434 , 0.06784506514976482   , 0.08043602833509375    , -0.1785171166209254 , 0.20891967761083605   , 0.05124250045346904   , 0.13119863184344752, 0.006129547970939095   , 0.2544289397030742  , -0.04087801996093114  , 0.05849300675464478    , 0.023120894903635093   , -0.028544063504080515  , 0.09738408421173608   , 0.026782102245642852  , 0.1441060861003012  , -0.20903590049432386 , -0.04762328947202764  , -0.041947644942215194 , -0.08462503365133471 , -0.18939267557407993 , 0.05583925963358087   , -0.013545958506470638 , 0.011489096666117051  , -0.029661041871606838
ILAM           ,    2022, 2078/79, 0.06550982247543478   , -0.04913388787866493  , 0.1727318281697257    , -0.06461516768595606  , 0.030742738362499696  , -0.010432142669466666  , -0.14816838177484706  , 0.1071850852012769     , 0.022792695129803097   , 0.11169945964717774 , 0.09391207752033037 , 0.06565586384531473   , -0.2685531063402981   , -0.08760532014745073  , -0.02178371798639819  , 0.030746825475422655   , -0.07906998797629801  , 0.033863903322615074  , -0.0731915932528796  , -0.1362331655129998 , -0.165324471908383   , 0.226720600094294     , 0.07039641794125762  , -0.12632653142940417 , 0.0397735644779679     , -0.022129772985650928  , -0.003405109852204709  , -0.04466702142558191   , -0.16090627964952103   , 0.059655010222130045   , 0.023308609737913634  , 0.10658616110412267 , 0.06531741741472281    , 0.05729816765436107    , -0.13801850789687226 , 0.014592027128877463  , -0.1286623428616435   , -0.08898197294258214   , -0.09608735710241255   , -0.04823528652988109  , 0.10075931815040495   , 0.12388800306133767    , -0.13167959269480492, 0.23431020321915325   , 0.0031764852181611256 , 0.14855277621818283, 0.002793895787855196   , 0.2376069613651664  , -0.012842167926840477 , -0.005672026356129246  , 0.00433738325112334    , -0.06256180396791981   , 0.13582112291183557   , 0.07631778534402626   , 0.11380942445521694 , -0.23213269257087107 , -0.017575728946258726 , -0.05577510845215874  , -0.04850971447220729 , -0.23257609661067846 , 0.06935013259023137   , -0.037401172330486364 , 0.0003883285082483617 , -0.015304110753870556
ILAM           ,    2023, 2079/80, 0.055967791422799604  , -0.07903478442698063  , 0.17217466180892513   , -0.05868423392310234  , -3.395554234615215e-05, -0.023029359420095725  , -0.13580816120129383  , 0.1414358937141897     , 0.006434410304973792   , 0.1095726629782344  , 0.10010850586334202 , 0.035178626695329986  , -0.2844438907945666   , -0.06352785256895478  , -0.02577758636758684  , 0.03659011357212961    , -0.09860887851019927  , 0.02797958343857915   , -0.09843822214728948 , -0.13093518716798744, -0.18833311407175019 , 0.2259506782622868    , 0.10518889536491535  , -0.14295484941509806 , 0.03980636103228795    , -0.038660820652198724  , 0.0505138780504475     , -0.01760645547120441   , -0.16338494038961726   , 0.06532042146928474    , 0.016052939184595116  , 0.11848893881608592 , 0.06089849189176367    , 0.044808518838404955   , -0.10569795435068041 , -0.007164916752579839 , -0.12660055066795528  , -0.07531354787932447   , -0.053663191516374525  , -0.06710811305362534  , 0.08334913777461181   , 0.09859342248035428    , -0.1390132798930908 , 0.2686773298994396    , 0.02210111168583708   , 0.15471463189436588, -0.003991349499100713  , 0.21519851354858302 , -0.0306899911261143   , 0.023332563530519254   , 0.020897956495345805   , -0.024934429086186274  , 0.14016597273381035   , 0.015691881729808337  , 0.10703640440469558 , -0.19277165373197072 , -0.015506617941060735 , -0.07756603817992588  , -0.08333168488248151 , -0.2248055140241922  , 0.07673862812848023   , -0.047166245239166    , 0.023390082248446253  , -0.03178982356320298
ILAM           ,    2024, 2080/81, 0.057348553712119596  , -0.0788530907809475   , 0.1707504973265531    , -0.05996466254656522  , 0.016444212661206974  , -0.029067623301935158  , -0.14723771637938218  , 0.15203831015526634    , 0.007136477003447277   , 0.12784948280379707 , 0.08079405115165628 , 0.015468858025374626  , -0.285649853490357    , -0.051406490863043934 , -0.03051508525316969  , 0.01210217533560272    , -0.11696065586363921  , 0.06621722978964671   , -0.10842326410810096 , -0.1234328182950574 , -0.183371169742763   , 0.20201301244214787   , 0.10569231481295559  , -0.1337834925004768  , 0.04844485363728549    , -0.029497974444700058  , 0.0415294069059771     , -0.016600840204921623  , -0.16014749359968822   , 0.07500674153859979    , 0.046711332663207955  , 0.1273890487188776  , 0.0685896030595948     , 0.025155568625254605   , -0.12835816286342447 , 0.018632740152669535  , -0.13572421274810836  , -0.05078339373004509   , 0.0005220463638424407  , -0.07640212103258298  , 0.07621263354882202   , 0.07170065272384069    , -0.16932415685199712, 0.25014911973784565   , 0.05133029665040016   , 0.133676345001215  , -0.0201292025212375    , 0.21829337375490512 , -0.052144422221030426 , 0.04906125043339348    , 0.03638442208679125    , -0.0205494823411115    , 0.08940655023736188   , -0.0037190020756469972, 0.14825575841113112 , -0.1745257624090774  , -0.050997289349861    , -0.02997050813624066  , -0.1097203298891229  , -0.20612809986515787 , 0.07328537424839045   , -0.05597866027650802  , 0.004985883182551442  , -0.022548467057436048
JAJARKOT       ,    2019, 2075/76, -0.0015746152710189086, -0.1659526372237711   , 0.14555967810170467   , -0.07684121413455529  , -0.04964969127559277  , -0.0804158162162545    , -0.09163573189210586  , 0.1582854814758356     , -0.012606703402068037  , 0.05592880142126844 , 0.03610898274422862 , 0.011664937221064299  , -0.2045854509969387   , -0.01006927363883947  , -0.00623763350267526  , -0.023603941362204204  , -0.15043195265388704  , 0.09653913430263672   , -0.10142703752517537 , -0.1706299818178128 , -0.014723895080662266, -0.008339572518105671 , 0.13667443125186124  , -0.0941772103130378  , 0.032791633928094824   , -0.07412315637403617   , -0.020203971793918085  , 0.03377005024740895    , -0.06663701711589902   , -0.03510582315205688   , 0.054711389617992705  , 0.23025079921960484 , 0.008204045457487189   , 0.03811766711007338    , -0.13589730779016704 , -0.06595190985286103  , -0.029205260776128335 , -0.0026339749403947762 , -0.005920360638290065  , -0.05859104793051132  , -0.03793777639607856  , -0.01257792591652408   , -0.15434650844754635, 0.00044573703068470345, 0.0823561202912433    , 0.14899211426566616, -0.002946175614454626  , 0.18358910915222373 , -0.002841608641176071 , 0.03495213885294444    , 0.05122412648631293    , -0.029989744871342566  , 0.05602536721700049   , 0.09937191889731772   , 0.1481959763812525  , -0.09734509350540216 , -0.1471423674089884   , -0.10535935253928877  , -0.15388394422370966 , -0.13605487098696883 , 0.10924688525206874   , 0.015311203256170766  , -0.021896056313430612 , -0.1067306671885713
JAJARKOT       ,    2020, 2076/77, 0.0038985732009109786 , -0.14691213216185564  , 0.14219689111530395   , -0.07977956882781627  , -0.030784932851924143 , -0.03465599799677122   , -0.08555134138562517  , 0.13216156137316507    , -0.021290591782187996  , 0.0549316291135214  , 0.036314532921974965, -0.0035807432025609415, -0.21133352257463245  , -0.031635876341022134 , -0.01663771171501231  , -0.023360061632301386  , -0.16410211227579     , 0.10407653428481169   , -0.08698549057627966 , -0.1649454508303945 , 0.00848296025284557  , 0.01800276579136955   , 0.11167585444168582  , -0.09020068912288981 , 0.05401378694510813    , -0.061386413109749786  , -0.05802578334906776   , 0.009682393184430007   , -0.07278511319537148   , -0.014355403075056661  , 0.042674215178502464  , 0.20878751950643015 , 0.03240879885235776    , 0.04230132303830365    , -0.17994701648540684 , -0.08194320107548164  , -0.03567805781826077  , -0.04230720565008455   , -0.04260204569476452   , -0.0490785789508413   , -0.037014410337529655 , 0.012128321938369224   , -0.16697277917727882, -0.05342986925207587  , 0.0856163814470487    , 0.16080657973620352, -0.009114210265540231  , 0.21002795817680023 , -0.010089950456050201 , 0.028618105441646932   , 0.029789668092944505   , -0.04263591465844595   , 0.08453098336111058   , 0.14566425702422373   , 0.12151152531838239 , -0.10903862913010769 , -0.12073888022985457  , -0.10173931404149825  , -0.12969055093829665 , -0.13203052781835148 , 0.09268953591522118   , 0.015766188870694527  , -0.02472735074384891  , -0.08313799956023028
JAJARKOT       ,    2022, 2078/79, 0.04358629126898069   , -0.08170583324538032  , 0.1724585356914371    , -0.07355230808222536  , -0.04446297948447282  , -0.07875952975877293   , -0.14171914787314108  , 0.14582970509680565    , 0.005837362420340334   , 0.02124185273858049 , 0.05613898943190667 , 0.024104932657014272  , -0.15840864713829325  , -0.010284195647684808 , -0.004136550628688094 , -0.019922228321390473  , -0.054490781289957234 , 0.04975668567440197   , -0.13472122514880308 , -0.15001104353264233, -0.04243376864859061 , 0.021665766494215772  , 0.11843838561291369  , -0.09349258032671023 , -0.0067446408459766105 , -0.10406662590703965   , -0.02085119692633562   , -0.02821189493827682   , -0.01393162236686902   , 0.038796802027199706   , 0.062425220316386976  , 0.1458068945934946  , 0.02145108056499041    , 0.08427652769194934    , -0.16259265741134182 , -0.08038601910883196  , -0.08278829243027516  , -0.044265606635676386  , -0.06201908675968004   , -0.048341947735880304 , 0.00684055406509046   , 0.07577816352892067    , -0.12683065523151674, 0.05612461585966712   , -0.01282607930301296  , 0.1837856060499221 , -0.01665078287414213   , 0.1599224735882039  , -0.01294163938692414  , -0.03140178858289775   , 0.011297899226930785   , -0.0784435491804931    , 0.07571423670495304   , 0.17064670052698194   , 0.10969761738055585 , -0.1607852339755865  , -0.09611411346890798  , -0.12060255513938752  , -0.14135136528089176 , -0.2231400295681849  , 0.05889946089681516   , 0.009199487612428269  , -0.06214732856587136  , -0.0563561664523422
JAJARKOT       ,    2023, 2079/80, 0.03967431222508809   , -0.13776418798046344  , 0.1551008787948256    , -0.09439884566679309  , -0.06751638307605573  , -0.04394263371744293   , -0.07358556602939395  , 0.17014752162526947    , -0.004813662731458326  , 0.0472049305073177  , 0.08668340652089088 , 0.012599158897815096  , -0.19081429919814596  , -0.0461709394965634   , 0.01636472543516578   , -0.026281847868846436  , -0.12972133665679236  , 0.077225497209258     , -0.11833016377189312 , -0.16157257033016972, -0.02260199681118579 , 0.03154558131526184   , 0.14372493183591936  , -0.1074131925493396  , 0.04133533993500585    , -0.091938717408266     , -0.036169383006458826  , -0.014792122504890962  , -0.07612368912707698   , 0.007695289126317837   , 0.06031327599258078   , 0.15339118929198692 , 0.044481575563289764   , 0.0966049608519093     , -0.15322548414992998 , -0.054112161426776995 , -0.05999486434229052  , -0.059290727935846076  , -0.0042450689426092965 , -0.07703093089603563  , 0.015324000822760156  , 0.05530070896545484    , -0.14177770259483366, 0.05622341436912843   , 0.05463134263776084   , 0.17724323337749254, -0.010881915667362971  , 0.22502634433419028 , -0.04173507649381644  , -0.020985459530980608  , 0.019027189085712992   , -0.02310479404518232   , 0.07523366885558952   , 0.12967319049457068   , 0.08573640357710556 , -0.1278265364938691  , -0.08806181740802087  , -0.09706454620389687  , -0.14303174941417277 , -0.19894510658424708 , 0.07791596136243384   , 0.03828667796066446   , -0.04587943577144499  , -0.09329833768004793
JAJARKOT       ,    2024, 2080/81, 0.013435623598357658  , -0.16305309825692774  , 0.14634072684974703   , -0.08477544478178374  , -0.05293175502065905  , -0.0611055421492666    , -0.06035699432547441  , 0.1798409346925315     , -0.025281837104608896  , 0.056216160794096144, 0.07182371763876427 , 0.019400949305250006  , -0.20725403803199408  , -0.025583192826344147 , 0.020650654163168313  , -0.024988417269403443  , -0.1561338881616984   , 0.11322757722953311   , -0.1304612830840247  , -0.1781895936130514 , -0.025022923774605303, 0.01387534556937271   , 0.13729176014415304  , -0.10980579780166189 , 0.056021963050066015   , -0.07835420326865117   , -0.01448876588211109   , 0.006760387574130459   , -0.07388210284164055   , -0.012200623153935409  , 0.07276221514770946   , 0.19027824915148842 , 0.04035443980619767    , 0.0663634848027329     , -0.138283954626336   , -0.045568861375040536 , -0.05287439043003852  , -0.021540475584784023  , 0.01314766777148255    , -0.08491099609613709  , -0.018404590064350485 , 0.007256822142599285   , -0.15317442934629213, 0.043601837497294835  , 0.07587744442594427   , 0.15378674607972195, 0.009037058591802491   , 0.2073224040454961  , -0.03493564585682083  , 0.004419133412706758   , 0.05448895386840028    , -0.014193543478633257  , 0.059900080979343975  , 0.09412076227796011   , 0.10635170843520486 , -0.09173902682084119 , -0.11762436183020145  , -0.08297257360083918  , -0.1598791798845444  , -0.16821970637734968 , 0.09612215142912453   , 0.01894719072376088   , -0.03584100575146533  , -0.1101523181267089
JHAPA          ,    2019, 2075/76, -0.021947866757977608 , -0.1347281021787898   , 0.18828215880709326   , -0.07579239356524857  , -0.012382580777665986 , 0.0848972031723676     , -0.02266908838002472  , 0.08917362084478683    , -0.02126231146905032   , 0.20543364648796167 , 0.1301589228939546  , 0.022487191633388345  , -0.2688361730927104   , -0.06481840472286177  , 0.06307530740791913   , 0.07019489803033521    , -0.23152007974874766  , 0.002075185764552818  , -0.08947970631645948 , -0.07676197698351855, -0.21305396141595753 , 0.3056351150849727    , 0.01854283231419809  , -0.02818583363089448 , 0.10235588320577482    , 0.13123658330478427    , -0.015370500046743108  , -0.00010436907035040427, -0.1256828294533534    , 0.08783372733940403    , 0.07105217494409094   , 0.05599224543869876 , -0.053451516074931094  , -0.011625780600867015  , 0.09173828779200234  , 0.16934368723432686   , -0.1890763184915878   , 0.03663086116635755    , 0.11540828848435174    , -0.02107972408983543  , 0.06894304745574742   , 0.05678942936077671    , -0.2012977401965852 , 0.23777796589532246   , 0.025474688962649643  , 0.1070634758674317 , 0.10064388634520881    , 0.11096625308683801 , -0.08526576468184809  , 0.08577088919157165    , 0.059122012318083145   , 0.17706406800722946    , -0.011727535657228992 , -0.08407850482544038  , 0.211810884203795   , -0.13106969837895077 , -0.1040645415023491   , -0.012849566986956426 , -0.08316206505197166 , -0.12612421845355942 , 0.0202253778234368    , -0.05076963491562907  , 0.04037647835286503   , 0.059434443966166844
JHAPA          ,    2020, 2076/77, -0.018133972055110636 , -0.13452003492663991  , 0.19620012958798144   , -0.0663379312906098   , -0.006220447542324048 , 0.08078968556595462    , -0.02412455900261245  , 0.07708532861672392    , -0.025019023360089463  , 0.19977824087295926 , 0.11858232497404866 , 0.006668308333506306  , -0.28063771610382354  , -0.051018154050554154 , 0.05380470574883602   , 0.07745651953541587    , -0.23691369613556532  , -0.00965982686895369  , -0.10682811146990359 , -0.0728557404972458 , -0.2011945560844112  , 0.3241074820758491    , 0.010075496226201764 , -0.012300768675351056, 0.10362631950315011    , 0.13802208311332823    , -0.02289026028129661   , 0.02514107315246531    , -0.10814881264022837   , 0.07792333741464548    , 0.05417991405133225   , 0.0762571544207165  , -0.05345641443901951   , -0.028558723676642025  , 0.07100610400448724  , 0.15450758243961185   , -0.2075852226030231   , 0.025740631521475016   , 0.09958071117080983    , -0.02098924726762392  , 0.0684103808175718    , 0.06864707601825254    , -0.20504249341510697, 0.21884792431927974   , 0.048224696018369526  , 0.09538630919456852, 0.10319143528673665    , 0.11820328328359198 , -0.08618443871583051  , 0.1073022588085169     , 0.045490397796600746   , 0.16251092576961607    , -0.01778450777922157  , -0.08067241287472382  , 0.21380135757091576 , -0.14291262897288057 , -0.10901833718447682  , -0.015414296502246906 , -0.08940992204100355 , -0.10694172910852846 , 0.003128067762976664  , -0.051830748141391596 , 0.0540124102249407    , 0.0670933757862798
JHAPA          ,    2022, 2078/79, -0.021138860869765724 , -0.0821167586173355   , 0.17003169042444138   , -0.0859091192236998   , -0.01122325151560962  , 0.1129807264084763     , -0.03648487820506761  , 0.04558608437916872    , -0.03538636180351828   , 0.19298495791416528 , 0.1833049905233839  , 0.07187290904340804   , -0.2480448906589048   , -0.11748246677130049  , 0.05534653826995147   , 0.12953730682760017    , -0.1939171750977867   , -0.0540303921851944   , -0.08419409488872726 , -0.11055832290477627, -0.24623264820341975 , 0.35027808095961677   , -0.006884730973855497, -0.04525568038094565 , 0.07274973820791734    , 0.11366149362233222    , -0.0160887367973329    , 0.03430234440303203    , -0.11920167893964033   , 0.057422159669332756   , 0.059486213836414246  , 0.044066307604674324, -0.029246893092099754  , 0.01505182287297732    , 0.0493552768634359   , 0.14049196482785292   , -0.17441396433368547  , -0.012608813534416546  , 0.027112785286934053   , -0.021344725637816638 , 0.10242325988930284   , 0.10894933585372937    , -0.14880093547458242, 0.2682593420931171    , 0.024582346124934217  , 0.12793641252630217, 0.11302356195231716    , 0.10540703219167519 , -0.036842951193547545 , 0.028510180610259454   , 0.011384096507220267   , 0.11779186986234899    , 0.0637078896944749    , -0.039673722120476575 , 0.17231963989812377 , -0.19480670974880132 , -0.07198120168097209  , -0.043844305592480246 , -0.025299140298946973, -0.16582042603510624 , 0.018253862233014895  , -0.09821539944151696  , 0.04129179763058694   , 0.05644458097276633
JHAPA          ,    2023, 2079/80, -0.022549500585824146 , -0.10246337907496732  , 0.17198329757972794   , -0.0645412051114983   , -0.027783258398952168 , 0.0883002484083292     , -0.035485413171777044 , 0.08326249924752056    , -0.05232207729841863   , 0.15971071569283096 , 0.1734912045291568  , 0.04527201080500467   , -0.27701201035848894  , -0.05575466102629583  , 0.04932668666932633   , 0.14576018057275744    , -0.1943536177544598   , -0.057381683849094964 , -0.10284153863971451 , -0.09590642481235481, -0.24710089272679436 , 0.34768854948026107   , 0.03292431187505933  , -0.04242324593503354 , 0.06563724240613181    , 0.10060102796918081    , 0.03689718353759986    , 0.029071779647904      , -0.11085361947334545   , 0.07090187881490781    , 0.03323119925431925   , 0.047937295985181795, -0.05036404820597314   , 0.00783720447327747    , 0.07887942966323136  , 0.10975760938380316   , -0.18795095198884568  , -0.00226526049916201   , 0.03757906722387436    , -0.03316585746571363  , 0.09376235922521245   , 0.09902393975797048    , -0.14942913760398224, 0.29065965212588685   , 0.02102984590494541   , 0.1386893138025346 , 0.10261609924155199    , 0.09450497280471064 , -0.04774627777859032  , 0.04861448833100657    , 0.024862860172512036   , 0.13946451888158828    , 0.06611215161765238   , -0.08016110964907804  , 0.16387270657088737 , -0.16411892193860755 , -0.07603207075286914  , -0.07120989626919601  , -0.046539149667742426, -0.17531948059442443 , 0.004723859626701687  , -0.07701501343885747  , 0.07543932514891827   , 0.05037190243438982
JHAPA          ,    2024, 2080/81, -0.022678731617327686 , -0.12683395122592822  , 0.17182361986020356   , -0.05458744258553047  , -0.011675945139227715 , 0.07472521374402073    , -0.04647048306649608  , 0.0894592683453811     , -0.05272094795889376   , 0.17736553944919506 , 0.14116559791656041 , 0.03404173540101077   , -0.27902114249882487  , -0.055266768905511555 , 0.048799955768280695  , 0.09732858111513684    , -0.20710348544274976  , -0.027493707790640087 , -0.09766927646200209 , -0.07981896213430961, -0.22616585882829868 , 0.32904194630227146   , 0.02168085737820327  , -0.03403047693769264 , 0.0878507932378202     , 0.13626453596647478    , 0.024607086848579058   , 0.017134081136416138   , -0.10229727863051338   , 0.08406421262692598    , 0.0683468299858663    , 0.0555575292281814  , -0.05505959527022702   , -0.005851257394946804  , 0.07600397293642477  , 0.14556347562469618   , -0.19697900345082778  , 0.02049766792660215    , 0.08918485732272019    , -0.029251650418383273 , 0.08118493679934702   , 0.06999122010468992    , -0.19222966452054252, 0.25520442946139843   , 0.03277986429547008   , 0.1127215814634208 , 0.09260547567518278    , 0.09809457485776862 , -0.07229261833132573  , 0.08633567486844482    , 0.046970072780868226   , 0.15536580603678105    , 0.006911627675876823  , -0.08680713572015922  , 0.20852729762937297 , -0.13787409228138559 , -0.11508387300311261  , -0.018819638367226044 , -0.08512851037780046 , -0.12134438523501585 , 0.02473870769873055   , -0.0720125091778004   , 0.05126670804331757   , 0.08042809931830623
JUMLA          ,    2019, 2075/76, -0.0353887504720389   , -0.23321704406986044  , 0.06333628009608185   , -0.1266021550076315   , -0.09573338092042377  , 0.0004588677921318178  , -0.002232806390621612 , 0.11002528313298048    , -0.011792259658943703  , 0.1378457028658751  , 0.043612351187259736, -0.029337734305909587 , -0.076195371581146    , 0.0006168516828700048 , -0.06915332387335366  , -0.004656352319235019  , -0.14622179409690464  , 0.08668916962232281   , -0.11284679551284744 , -0.19524366241761623, 0.07472752926971615  , -0.06739351783762215  , 0.10488039420559706  , -0.12726367234838776 , 0.0010408912186827457  , -0.05527995070297077   , -0.017589739462548784  , 0.045623557996965707   , 0.01783565197012388    , 0.00045219013199043236 , 0.03486867025387913   , 0.23323647714741294 , -0.06890273178729764   , 0.0651811907184416     , -0.09055637893976558 , -0.10501950666154114  , -0.0009183702563633011, -0.021744829805938573  , -0.05804513999650881   , -0.04833291916676842  , -0.061210037645132956 , 0.03674990832507894    , -0.16212083698384014, -0.05403140510457964  , 0.040511117022890814  , 0.13089153111513688, 0.037145715112581267   , 0.08900887226610309 , -0.054629855759086944 , 0.0026492439129553007  , 0.05720976996358632    , -0.03334534572245339   , 0.03381882100538091   , 0.20409342460749902   , 0.17651941307311433 , -0.050220767493060085, -0.1939896492838927   , -0.14875222574776042  , -0.16457579100774114 , -0.09073906630344687 , -0.02544325558646838  , 0.09672299588059066   , -0.0851528809695569   , -0.034704453401416265
JUMLA          ,    2020, 2076/77, -0.010452158508172067 , -0.22644760384871074  , 0.0852294777470859    , -0.13324029129424708  , -0.08269898392946706  , 0.038663772528314565   , -0.0029429155163880594, 0.07902313170178107    , -0.02124651300217794   , 0.10717645071994406 , 0.05469500523053025 , -0.03165729413057718  , -0.08182983617584631  , -0.007363112691328869 , -0.03828161524014872  , 0.016287012941150408   , -0.15587583507218214  , 0.09885310906371733   , -0.0949499010668636  , -0.1914069040998161 , 0.08782510367205051  , -0.042754153741198786 , 0.08690632329286094  , -0.10878347273071125 , 0.021280041476969776   , -0.04453084856670149   , -0.03811804568064186   , 0.04012883375029855    , 0.006929543378923783   , 0.02658237920414314    , 0.01155907724836021   , 0.23237339823187722 , -0.060119685625612006  , 0.04887239059473975    , -0.11237697198275344 , -0.13295961091163117  , -0.011205209351330073 , -0.06222445491479214   , -0.09929893451950388   , -0.05667492488877177  , -0.043405335885552884 , 0.048712187362491825   , -0.1639878763687604 , -0.09473847858667808  , 0.035745646720247326  , 0.14309493649398783, 0.018737991045013024   , 0.10610621443801897 , -0.0656189491264354   , 0.015319026655798883   , 0.02883146244784369    , -0.02922698083967296   , 0.07873879063797723   , 0.24340004997069592   , 0.15677952483884017 , -0.05817584380835092 , -0.17705880106511057  , -0.1702373298229067   , -0.11850422403512395 , -0.08778199055760863 , -0.025748244351110203 , 0.09023433917118344   , -0.08471549433664034  , -0.0114567672111756
JUMLA          ,    2022, 2078/79, 0.0044772083622808025 , -0.1764164034955713   , 0.11034564839458429   , -0.11975548721480364  , -0.09719354053241887  , -0.018729975590540533  , -0.07138215062584119  , 0.10867449210234281    , 0.013720041675786733   , 0.0773028986475766  , 0.08352680570289822 , -0.02509790211101624  , -0.02138359827725381  , -0.003432775402523056 , -0.03151211746330321  , -0.0019333495612935843 , -0.0699360939905407   , 0.043294469579462216  , -0.12379863780456753 , -0.17790338985578177, 0.06456095645321117  , -0.05335214697847575  , 0.10566011022088785  , -0.10012004235458379 , -0.027207485317643134  , -0.09969710263025199   , -0.021712778884175374  , -0.009064321701337827  , 0.0708821972753112     , 0.08496286549796776    , 0.027087926722435818  , 0.15033717899803473 , -0.07178415864806263   , 0.08786587354564637    , -0.11390792516904509 , -0.11113477947409493  , -0.05520915805388727  , -0.05660250685419536   , -0.11431853418975475   , -0.04762705312947422  , -0.0046193611745834   , 0.07417164701004748    , -0.1360894134427971 , -0.006149577098130566 , -0.04752049822077429  , 0.18150991324850782, 0.007289416828303924   , 0.0878705584535753  , -0.05592782547457385  , -0.037467544386888825  , 0.01868287616879458    , -0.03910378794907676   , 0.059188457473597626  , 0.26430459565806846   , 0.13470511760361134 , -0.11934930900936899 , -0.14963195569925003  , -0.16434646087753887  , -0.13239455448650583 , -0.17986060152955677 , -0.06758253920949643  , 0.1113609629977465    , -0.10934333377557681  , -0.020309209999644952
JUMLA          ,    2023, 2079/80, -0.0014249027325631113, -0.21937312592690777  , 0.0795145455934106    , -0.12096195574675185  , -0.12601150977634087  , 0.020863889802162982   , 0.0034026770644507097 , 0.11613825092769246    , 0.0001885132876081006  , 0.0943025411964623  , 0.11630900310883549 , -0.05550170293846352  , -0.059995459546552894 , -0.03640455440223906  , -0.017074375356371952 , -0.03019699028092692   , -0.15798759099762746  , 0.08818101502719297   , -0.11856291139595942 , -0.19592713358726363, 0.05199458172513624  , -0.05027901388568919  , 0.13731557538973482  , -0.10117681644367547 , 0.016553858962615905   , -0.08090548998846986   , -0.03607670041769974   , 0.026253092306687337   , -0.01745753554860913   , 0.04326892463347556    , 0.028317900639160797  , 0.1890421989500756  , -0.046574010323334254  , 0.10090721652005853    , -0.12224630010046045 , -0.10443652496032871  , -0.029047926203144617 , -0.07231449618089932   , -0.024178258312256774  , -0.09004017202408938  , 0.0007387931759936688 , 0.053675763921455094   , -0.1412145873337531 , -0.02525359027755718  , 0.024377732969340413  , 0.14454966661354923, 0.007960639761691755   , 0.13684357025505547 , -0.07569807927828757  , -0.01674771712694737   , 0.018561215304598564   , -0.01233510351116425   , 0.048490172232476446  , 0.2039126732153042    , 0.1401360275019153  , -0.09291830222185453 , -0.14942770601510008  , -0.14750854457240908  , -0.16197632348519733 , -0.13341940470384175 , -0.03013535274123237  , 0.09065727739897789   , -0.1024073319342053   , -0.05794964875235199
JUMLA          ,    2024, 2080/81, -0.012871883474661752 , -0.22530787263292723  , 0.0733053649550442    , -0.11983903322910426  , -0.1208352962790095   , 0.01012822730965786    , 0.024129379864518588  , 0.13262347719402187    , -0.012138539665638827  , 0.10288010429520866 , 0.11514521879728612 , -0.030942155474634116 , -0.08322420671465612  , -0.03156975527605703  , -0.0018163291676746938, -0.04173519296420364   , -0.1773816106466292   , 0.11747299601339557   , -0.12626295687407416 , -0.21662218666251343, 0.057018177266728226 , -0.07745075641519374  , 0.12184938866461999  , -0.09595226973536555 , 0.03825691332039137    , -0.08538666616433777   , -0.03733976564275979   , 0.029600048589571236   , -0.026241580229850712  , 0.016527696496875823   , 0.04673298788935523   , 0.20971908004240708 , -0.04031629797747128   , 0.09622569637823854    , -0.12571036296723742 , -0.09641991885548819  , -0.02679714040809243  , -0.048260365402578796  , 0.0026083448475453797  , -0.10314211239216743  , -0.012992507952641936 , 0.01814696199322617    , -0.1307235369309844 , -0.009315193779295761 , 0.039787694768959006  , 0.1174553062524419 , 0.033173122588517165   , 0.13543428755663656 , -0.049158116912013654 , -0.03166523945531925   , 0.05072965913018902    , -0.013591189369980801  , 0.04657659334729571   , 0.17086504923189066   , 0.12925482733748098 , -0.07054789485182288 , -0.149878965521128    , -0.13047086105816022  , -0.17317068626320875 , -0.15176890693025682 , -0.006668843146287047 , 0.07968324447192972   , -0.10323327561850319  , -0.06151021045067691
KAVRE,    2019, 2075/76, 0.0057810964320488475 , -0.12954066157497868  , 0.16054015799110832   , -0.07526421160125953  , -0.012959942254139547 , -0.06946756618627684   , -0.11011539280481758  , 0.1718382322205502     , -0.025014845312066797  , 0.09152946787179807 , 0.0781278224849195  , 0.01236156287640094   , -0.29512506430679863  , -0.030278527737078852 , 0.03257090275852288   , -0.06894907334385376   , -0.15181690109996357  , 0.07345423828987704   , -0.12513797919970873 , -0.16240616556709428, -0.15373599847961758 , 0.09238670925844215   , 0.12490803801174637  , -0.11451348301031399 , 0.07349704679874301    , -0.008888990838614576  , 0.005511386041713544   , 0.008870537801409013   , -0.11496173091025813   , 0.0020370756086606134  , 0.04823484435736628   , 0.199489141586718   , 0.07299192082945395    , 0.022469707590264343   , -0.110024527562478   , -0.028644608261699143 , -0.08635170087483163  , -0.01218021620708364   , 0.044571649525264156   , -0.02587131057659082  , 0.0019091336253948459 , 0.0229354810631655     , -0.1874760324578634 , 0.12090941216576766   , 0.08813778551071946   , 0.13589659169164253, 0.009162465833653509   , 0.23363876979462134 , -0.018609718175934445 , 0.05323379194312979    , 0.06691836484872617    , 0.025119210515327207   , 0.06833169511408634   , 0.014710144663222895  , 0.1710994451070417  , -0.1411825720504756  , -0.10844380817051723  , -0.08407453063878143  , -0.13450747141483552 , -0.15687640059546162 , 0.09734065955476898   , -0.03597572908074544  , 0.017076673025843047  , -0.08146946741208606
KAVRE,    2020, 2076/77, 0.018860822725618665  , -0.0943579921524368   , 0.178107188283192     , -0.08670717042142159  , 0.016273657210447053  , -0.054810466710438016  , -0.1298450479415467   , 0.14175107538551637    , -0.026157839557220702  , 0.08112145912013705 , 0.07695575478355234 , 0.013564415686661948  , -0.2924575020361285   , -0.06906727564808318  , 0.009655398136969208  , -0.06543607440413016   , -0.1478526167712857   , 0.08196138388368314   , -0.10465253761927343 , -0.13663051959009573, -0.1283918370277798  , 0.11256730542301854   , 0.09141845994352607  , -0.10987097737269257 , 0.07306636548372714    , 0.0005227244848076658  , -0.02991967034066753   , -0.014934530624079966  , -0.13691338313907206   , 0.024223737688743658   , 0.0502901604030768    , 0.1848541849178591  , 0.0897585504395066     , 0.03502247373799328    , -0.165313638906579   , -0.020633924817379967 , -0.08219651334672291  , -0.052863572167944725  , 0.012277729113310057   , -0.015109520410687725 , 0.023548997459541615  , 0.05422445753494014    , -0.1851933292096001 , 0.0974228255997865    , 0.08317065997073131   , 0.11617363116617785, -0.007580500967659349  , 0.2506671470697963  , -0.006158394864746085 , 0.0600314199937663     , 0.04090817009207773    , -0.01920590038425553   , 0.08013558083878496   , 0.07281577510716673   , 0.16139680020001637 , -0.16679684473038853 , -0.09615247091990337  , -0.07994977649067773  , -0.1328783218301609  , -0.16316991422696672 , 0.08997064243476614   , -0.025659002627461784 , -0.009109015548389974 , -0.0438247312548095
KAVRE,    2022, 2078/79, 0.045289298871728605  , -0.0751483300555797   , 0.18017983622712852   , -0.05842063093176065  , 0.012819815030455243  , -0.06486371036533245   , -0.1500709806022436   , 0.1364075832839751     , 0.0006786788586959229  , 0.058279733441977   , 0.08469871889563117 , 0.04610427968904809   , -0.26666809899335325  , -0.06136894245269206  , 0.021757231948390417  , -0.03791616265002569   , -0.06529795530061268  , 0.03231413327060577   , -0.12545104992871606 , -0.1458818387810466 , -0.1614701509440084  , 0.13386057847997931   , 0.09283337138309605  , -0.12179205575915399 , 0.02977657696242805    , -0.020217224981223355  , -0.011151788956804874  , -0.03999779883600907   , -0.09217953697504631   , 0.045883534078822306   , 0.04233405814454304   , 0.13738303740134017 , 0.07752487458153015    , 0.05206424374843482    , -0.15903158008278434 , -0.0418975550798928   , -0.10914807660992987  , -0.04858097589266758   , -0.028935498062343683  , -0.023633983616577103 , 0.02843871297944856   , 0.09459774351014076    , -0.16162241039524736, 0.14192601253228024   , 0.022941606626669477  , 0.1581198771542555 , -0.010768778516157417  , 0.22795051811917255 , -0.012446130314327774 , -0.010186797938059364  , 0.033489271265955474   , -0.034653665956303835  , 0.09396835511946419   , 0.10538283679046452   , 0.13626002231560871 , -0.20926162719129346 , -0.055811394118333024 , -0.09464457627065409  , -0.12241625055070819 , -0.2157185458643399  , 0.0875832543989694    , -0.06068270757169086  , -0.006422685799916772 , -0.0645062793326539
KAVRE,    2023, 2079/80, 0.03991305558637659   , -0.1185815201621386   , 0.17085481002799977   , -0.06962544027463455  , -0.016601170813986068 , -0.05487528777557977   , -0.11052130896299249  , 0.1771101311418533     , -0.01618106393967932   , 0.0650473494318417  , 0.09847210313925417 , 0.033276289988986046  , -0.29205749048452134  , -0.05250219978029928  , 0.02212955243776216   , -0.008175988131540348  , -0.10268794968966706  , 0.051797888188964455  , -0.13561790971009657 , -0.1455298558171093 , -0.1545221544528059  , 0.13672008143421235   , 0.12816497085252865  , -0.12604212513987803 , 0.058254009026344825   , -0.02473068473139428   , 0.014941545395920137   , -0.018906958086133012  , -0.12475708660716765   , 0.03640807145380827    , 0.0358292983983898    , 0.1498498555163052  , 0.08407167628949473    , 0.04453954573227322    , -0.0947433906628673  , -0.03451854338949937  , -0.0954955747901945   , -0.045523366498770916  , 0.000604341835131404   , -0.054515889966365284 , 0.024600685908912522  , 0.053140417093210386   , -0.16470861413338825, 0.19309439052377783   , 0.0672348975883778    , 0.16387122717064487, -0.009713062300930483  , 0.2452177493076928  , -0.050191094529620825 , 0.00262817594365042    , 0.05215399399826106    , 0.021073822390370277   , 0.10672305459680295   , 0.03458817032212072   , 0.11260023411828834 , -0.1679085440698707  , -0.04366565819041561  , -0.0909117153038441   , -0.11663930614622577 , -0.1980470224952653  , 0.08840733518870805   , -0.025672457800825502 , 0.010755139181957099  , -0.07541853233532586
KAVRE,    2024, 2080/81, 0.03335249231550983   , -0.1499941342799084   , 0.18981420660775605   , -0.07782076188068976  , -0.01422375951473635  , -0.07501860088003305   , -0.11278215419490245  , 0.19449449061582116    , -0.018697586192195997  , 0.07159075159783661 , 0.0955531639892897  , 0.03878859963524677   , -0.27999459499641016  , -0.030421912974125467 , 0.04178225600296723   , -0.021107163363324903  , -0.10376281076580794  , 0.05771393069742171   , -0.13464399645513206 , -0.14491688224870555, -0.14548699610521665 , 0.12337834137795524   , 0.14592393762301792  , -0.1139476787188193  , 0.05270628254009199    , -0.02937971092493837   , 0.017840446957829      , 0.005551636806359949   , -0.10693778563866392   , 0.01814714307254627    , 0.06135835359284214   , 0.17222282127048866 , 0.08105285047719209    , 0.026864668096383434   , -0.08186982616948935 , -0.025723883461797936 , -0.08329779908012588  , -0.019633336327305413  , 0.03742343887777355    , -0.0543271064951806   , 0.023438643904660408  , 0.02595460771777112    , -0.17472406016070283, 0.1848224878124644    , 0.0837867980061702    , 0.14956480628676486, 0.00679886694414314    , 0.2405618442976961  , -0.06305463022591044  , 0.021199478670122587   , 0.059839435430656285   , 0.03595995526132908    , 0.07165242031761941   , 0.023728865912477536  , 0.1339890445904777  , -0.1518994914341958  , -0.07042168582755183  , -0.07881646554423724  , -0.13617633398969084 , -0.17410643288625713 , 0.09310143358300879   , -0.020570329278268344 , 0.009181046142357784  , -0.0937213438018766
KAILALI        ,    2019, 2075/76, 0.03432778648641292   , -0.14595767376496538  , 0.1424288349205283    , -0.038942599079705    , 0.023753222830726513  , 0.0024988968750344395  , -0.05503110091071663  , 0.17355205503294216    , -0.07096738734254984   , 0.09127766844020792 , 0.10888466316829729 , 0.10593828746332289   , -0.31875996003672924  , 0.01542928458649885   , 0.05173929319208424   , 0.04947573159516452    , -0.14365400288546307  , 0.03586278111983754   , -0.07587528168160128 , -0.19177611175170736, -0.17334837753778445 , 0.18378718330984928   , 0.18324431109609182  , -0.06864309052381862 , 0.049808325521491066   , 0.04334237522243439    , -8.982517055077267e-05 , 0.07863311356060405    , -0.02472727740290349   , 0.010669053233094045   , 0.07405237663368086   , 0.16369373207632698 , 0.09080833569546845    , -0.0615654081767474    , 0.006887158403581336 , 0.05738817818315287   , -0.11824010814247721  , 0.027139009823153273   , 0.06724448723022043    , -0.0811443353936242   , 0.06444125916342812   , -0.05216857060469969   , -0.14475824590500658, 0.1976926481272448    , 0.12663617806415894   , 0.12884267692784915, 0.03138957990390117    , 0.15071729511073523 , -0.08230369259228265  , 0.07870222390082217    , -8.795077413837262e-05 , 0.09949887460928716    , 0.020788290721065538  , -0.09036369376021881  , 0.16398910707269818 , -0.11224010297350255 , -0.11872979994265448  , 0.012611547068312315  , -0.10165850787783622 , -0.10811481444335508 , 0.18315767706429073   , -0.0764955510996938   , 0.07185102988041005   , -0.05097283513199956
KAILALI        ,    2020, 2076/77, 0.02526831929029734   , -0.12320512816453241  , 0.13618882072745322   , -0.0370281902410408   , 0.05287727201976583   , 0.03893353481081187    , -0.0901104024817202   , 0.14840491735597888    , -0.05957158589040984   , 0.11589066992742417 , 0.08215244686409633 , 0.08940567641473797   , -0.3082680839640477   , -0.028127963106432872 , 0.04531491639194394   , 0.051344475030360694   , -0.20770116736648198  , 0.012137823103543676  , -0.05163651652865885 , -0.15966365667732021, -0.14841883021389543 , 0.20337437633961167   , 0.11959227950558744  , -0.06556732026822845 , 0.06412480523537849    , 0.09162271336761187    , -0.07957061225282003   , 0.06810088794149159    , -0.027511848425247003  , 0.0059875133641779195  , 0.0771737437402999    , 0.15102400364060647 , 0.07807204692586327    , -0.04711004807055997   , -0.030018858779140026, 0.08539067232706253   , -0.1303211919213312   , 0.009563430597845635   , 0.03034724379040047    , -0.06813841948059525  , 0.031969507340115604  , -0.020787316875638274  , -0.15394519039161508, 0.1395951767590774    , 0.14163628773766918   , 0.1267979317054272 , 0.0361706478068599     , 0.17757614661101817 , -0.04836288851556863  , 0.08645492360808418    , 0.004788401010211227   , 0.06711201083549649    , 0.04071884150781429   , -0.026843715176604    , 0.17585569924954048 , -0.16384702876655818 , -0.16048492438438336  , 0.010346377406557486  , -0.07867892229630429 , -0.06255785491313456 , 0.14554914577447792   , -0.10591086737089463  , 0.08145797697861855   , -0.039612754715671626
KAILALI        ,    2022, 2078/79, 0.06284020104837154   , -0.06927110461774622  , 0.12629961789481872   , -0.02529023194380122  , 0.018521395974338994  , 0.016353678567401563   , -0.0749148299498636   , 0.1242214715751109     , -0.06250491023811623   , 0.08940220710729949 , 0.1653246147774054  , 0.14548389362235817   , -0.3007401885792492   , 0.007044358859163783  , 0.03255413145522917   , 0.12878338920850363    , -0.07720939418997928  , -0.02548368614578735  , -0.07112728262077773 , -0.1773224332947367 , -0.18981926230438173 , 0.25601944231496776   , 0.15298189409160493  , -0.08199696210753789 , 0.010559536837013928   , 0.039800263921273095   , 0.014272860953717064   , 0.04863306807019317    , -0.016207412254423202  , 0.030618464214600453   , 0.08095499344320296   , 0.08853289833315871 , 0.06500983628685247    , 0.007303300155906633   , 0.008919090704744068 , 0.031051797541879863  , -0.17158551378832182  , -0.02381794851305792   , -0.034654225927046686  , -0.07576704194562478  , 0.0654868833100103    , 0.06361845694891914    , -0.07731906039388768, 0.24451437814545832   , 0.046006343742723756  , 0.13966027231862257, 0.043210068744628925   , 0.135878850548388   , -0.05755091418485703  , -0.016285642566171647  , -0.052250461976383805  , -0.0010412712951347522 , 0.06570674043482681   , -0.018989826145325097 , 0.15466903742008112 , -0.19057210821822415 , -0.06608909394525722  , -0.020990829687156622 , -0.032879602265133   , -0.17893685557948233 , 0.13210013901922601   , -0.1044849817220965   , 0.06780952525341884   , -0.006416003492226623
KAILALI        ,    2023, 2079/80, 0.05885255776095804   , -0.086038056275466    , 0.13811820490147902   , -0.044982933155011215 , 0.01919474657715783   , 0.033563241498514466   , -0.07148409524906875  , 0.13922811275350647    , -0.06686436032911967   , 0.09217821725138356 , 0.16280522331847883 , 0.13273959482082173   , -0.30435944133265136  , -0.0005237122179727396, 0.04418184384276343   , 0.11012576551848756    , -0.10237447590897084  , -0.01954443306638469  , -0.06190756364424911 , -0.17383786432197298, -0.1849628383986534  , 0.24498852521000744   , 0.1658256174661655   , -0.09165125492762506 , 0.016873676682430658   , 0.036189765716215495   , 0.018316785828064282   , 0.04827291055947794    , -0.019482654226873272  , 0.03327037233776995    , 0.08581168379595018   , 0.09922064088850811 , 0.06563996445483192    , 0.011887251232064027   , 0.013591433147303931 , 0.03931924269288265   , -0.14814764040705491  , -0.01989446321503359   , -0.0024050140255003007 , -0.07101500752367713  , 0.07207544431915772   , 0.0508088471244522     , -0.10279581327609931, 0.25639524089256577   , 0.06903983340439973   , 0.15081175258156784, 0.04693821309660198    , 0.1433045958277361  , -0.06503255541497231  , -1.2185327521016965e-05, -0.05286953067566655   , 0.02382894663601448    , 0.05965246651545139   , -0.031098574783908258 , 0.14770084322591134 , -0.1707627403928924  , -0.07775007546167695  , -0.023795366256366173 , -0.042198786639584436, -0.17885812840206386 , 0.13083464006618797   , -0.09255862427469091  , 0.07575737055313655   , -0.019513068086782256
KAILALI        ,    2024, 2080/81, 0.03853443250528628   , -0.13064687139321007  , 0.15168486936183384   , -0.03254467800165359  , 0.012282752013552308  , 0.004007214368855176   , -0.06899769835462319  , 0.16547164873277734    , -0.07484697462462958   , 0.09276929621243041 , 0.13187882973649867 , 0.11145434855157205   , -0.33253894317410454  , 0.01566130338825394   , 0.042252485726838505  , 0.0780034472779079     , -0.13553571666400036  , 0.01188420358656991   , -0.07337031766382508 , -0.16395320663846408, -0.16637604407320253 , 0.22332971001823024   , 0.17878547162796044  , -0.09101433536543281 , 0.030768881374752654   , 0.0646605524760145     , 0.023724107319604715   , 0.05341897415582716    , -0.03449987824052672   , 0.04006740169604225    , 0.09014138857460802   , 0.12236684248196958 , 0.06600139550872469    , -0.03230200138793544   , 0.030953638767898473 , 0.06518563127710486   , -0.14242105452671763  , 0.015210801817182236   , 0.03367855753403812    , -0.09056848663602039  , 0.052901411089552076  , -0.00905000486516409   , -0.13647829825233543, 0.22611961098971267   , 0.0893186629362776    , 0.1307940440343258 , 0.03939474949755047    , 0.15252011073449978 , -0.08837376017037019  , 0.04112419053538082    , -0.005281921151986656  , 0.0707410711428597     , 0.022025631568401698  , -0.06985903055531925  , 0.17043707709041717 , -0.13583693847455483 , -0.11970701889059544  , 0.007572612177469014  , -0.06451691890691091 , -0.1240619374538589  , 0.15341163448425627   , -0.08203844376711032  , 0.0667659600548165    , -0.026383867233962712
KALIKOT        ,    2019, 2075/76, 0.009384209416734922  , -0.18711913021104487  , 0.11320177538380255   , -0.08661264339408145  , -0.05679010530109777  , -0.0422459062921201    , -0.06003543103218025  , 0.158205118807933      , 0.0007958873402348704  , 0.08384387546381113 , 0.056788833120027915, -0.009974204953982596 , -0.15572026657434365  , 0.005275323890148073  , -0.016316301632085403 , -0.03137946172728749   , -0.15149254554873456  , 0.112274420208259     , -0.10240287137965119 , -0.18834473567093787, 0.0379592187597012   , -0.0589381630063044   , 0.12436895624972201  , -0.08543296022938016 , 0.04492725887672155    , -0.07337135882706211   , -0.044017647008832     , 0.011851696759102342   , -0.02370803718594354   , -0.027766931219874193  , 0.033415729581071404  , 0.2293174749169855  , -0.018124209311445438  , 0.060534591744904956   , -0.12588768840856204 , -0.0817580270164608   , -0.031797995041632006 , 0.0007125555410107109  , -0.029764577594360846  , -0.06951320722077939  , -0.060928141822100386 , -0.019963980002611237  , -0.13478713468118125, -0.039467500696416705 , 0.053693534793924504  , 0.15018925039759223, 0.0183731472657527     , 0.16867025225392396 , 0.00030211557720973996, 0.03100646260888127    , 0.05038294413386191    , -0.05223652422169514   , 0.06219958768993791   , 0.1659899673188774    , 0.15132848828386083 , -0.06499480777941462 , -0.17676843218176191  , -0.10780051595504363  , -0.16316557211736932 , -0.10849937929694749 , 0.07180263577943752   , 0.05154888975194908   , -0.010338812599846904 , -0.09140797700157634
KALIKOT        ,    2020, 2076/77, 0.026326917113698483  , -0.16915885727181532  , 0.10962343945867184   , -0.09382005787244611  , -0.03707549961933098  , -0.018165200418445115  , -0.04706234443531181  , 0.12596341783197756    , -0.009780893394485554  , 0.07014074936784291 , 0.05578086796451667 , -0.013117351807206403 , -0.17628126095607582  , -0.006302100587563045 , -0.009006353203026524 , -0.010227934064596909  , -0.16238764780211282  , 0.10481956584223173   , -0.07546154482105065 , -0.17992680104511968, 0.0621551964698422   , -0.03571500272545118  , 0.1013562438958496   , -0.08230765071568305 , 0.06528361501418216    , -0.06032787576013119   , -0.07040990042692086   , -0.0055466658007143795 , -0.032810134889029584  , 0.0023057068708974113  , 0.018837812555370568  , 0.20584648305260314 , -0.006720381950126273  , 0.060110283934050796   , -0.16192447400531007 , -0.09204668022658762  , -0.04069268006635175  , -0.03284548333273406   , -0.07453274505091101   , -0.056315302149046016 , -0.05521684231582975  , 0.0023220612528156406  , -0.1481760358450701 , -0.08866588836863146  , 0.056400488110048774  , 0.16596813103009705, -0.003838936442798029  , 0.18947381706729263 , -0.015070184841753051 , 0.032948564308286604   , 0.031014387461026534   , -0.05482792770382305   , 0.09003222089498084   , 0.2121885696000655    , 0.13791593181592446 , -0.07345741595252904 , -0.16062615522231866  , -0.10710102160136398  , -0.11301494864820635 , -0.10970135903371382 , 0.07305939755101719   , 0.0664165004547878    , -0.013303170287865191 , -0.058323089657516924
KALIKOT        ,    2022, 2078/79, 0.052919014862541545  , -0.130734722156109    , 0.1472836882832205    , -0.082590509934981    , -0.046933851606982865 , -0.05567579380093962   , -0.10789462055253096  , 0.14329053336533074    , 0.02499658887949475    , 0.0393930569075045  , 0.08012824253599016 , 0.004632855490518614  , -0.12331717440072926  , 0.003504538207097251  , 0.008747607045440559  , -0.02237069150829988   , -0.0666997166763418   , 0.058053490469944985  , -0.13009211469182866 , -0.16091248262013386, 0.023796589259929484 , -0.03392814729452476  , 0.10758033197297319  , -0.08222083323507258 , 0.004024968266563977   , -0.10802917613607683   , -0.04475468850841938   , -0.04739523988833103   , 0.009436943664279126   , 0.04597113408908132    , 0.037583875898126715  , 0.13552212930959054 , -0.017376961983780716  , 0.09402355920422224    , -0.15556699567628937 , -0.09088358062266566  , -0.08287969663401876  , -0.04177448965899792   , -0.07923543208204133   , -0.06916482336596615  , -0.0035721897664138234, 0.0418238644121541     , -0.12046083414911181, 0.022128283069077933  , -0.03503270473004238  , 0.19460734223044973, -0.007042172716928814  , 0.15640168489949102 , -0.016556229034233438 , -0.037619720706868524  , 0.010766179005407916   , -0.07794232747335121   , 0.08453652205723518   , 0.23083807365595868   , 0.11700766967017427 , -0.12364496908600064 , -0.12868999985656254  , -0.11469612957347733  , -0.13069117475865352 , -0.21199587403162665 , 0.03876170481916059   , 0.05593296252890523   , -0.04226142907913183  , -0.044624992255367604
KALIKOT        ,    2023, 2079/80, 0.04521224985485122   , -0.16475251812166836  , 0.1235006759516641    , -0.0918076481487572   , -0.06830740391918769  , -0.02693676273489868   , -0.04908771234807805  , 0.15298205642789167    , 0.0062679592956243245  , 0.05893192071611024 , 0.10970234890936065 , -0.017607023906809478 , -0.16001073536789592  , -0.0237121671111675   , 0.02054358828198467   , -0.03792398096279277   , -0.1354207088114394   , 0.08387792541711575   , -0.10871760419601138 , -0.17567316219174767, 0.032786135068857115 , -0.028160326626968428 , 0.13800018752235824  , -0.09125477609070803 , 0.044871615066040614   , -0.09897755952112351   , -0.0525515914512712    , -0.02012453230351036   , -0.04972248500275976   , 0.017659584289943513   , 0.034738397779777754  , 0.1589849492421343  , 0.0009443519077062695  , 0.10220380364025011    , -0.15954732953777373 , -0.0766014971980336   , -0.054859887468905896 , -0.04592950962507577   , -0.01619462243599004   , -0.09144502498938763  , -0.0037887440586400543, 0.014837454075081701   , -0.13135252961835842, 0.007900420827419395  , 0.03405613512277719   , 0.17864632463372088, -0.007480406734369218  , 0.2129744160358407  , -0.032852692607903    , -0.007980139788429945  , 0.012292792025101232   , -0.043860244109017274  , 0.08201982764127187   , 0.17879830621247456   , 0.10905384224956531 , -0.09954884024030591 , -0.12700027100892997  , -0.1067331335925078   , -0.1425173847340004  , -0.18911341169572093 , 0.06314129598858255   , 0.06678391140293308   , -0.030340311988140328 , -0.08018997762208706
KALIKOT        ,    2024, 2080/81, 0.027766876735793016  , -0.1818887236557627   , 0.10938123120471256   , -0.08957410433777648  , -0.054988469028332064 , -0.03727409414276809   , -0.020681304138107464 , 0.17089881746923366    , -0.0032831012126678504 , 0.06054690872244157 , 0.10591406938561566 , -0.011158995909348182 , -0.18416792570024854  , -0.019218147381593702 , 0.019827395671266533  , -0.029944093770992563  , -0.1680214872540655   , 0.1033912181313682    , -0.11478208214102266 , -0.18830078766500027, 0.03052400088758511  , -0.04181200033935183  , 0.1374845828137728   , -0.08378989290204691 , 0.07406450250970753    , -0.08881676628771618   , -0.0544362020258399    , -0.0061550389353288385 , -0.06723714911289175   , -0.013460928975752975  , 0.03995698975898126   , 0.185507176972198   , -0.001860863574919811  , 0.0866767631849744     , -0.14464914067077128 , -0.06686505880163315  , -0.05116678847533879  , -0.023533424630518256  , 0.00693878316115628    , -0.10656274572345856  , -0.023670010648181066 , -0.013268856828068698  , -0.1313330934158821 , 0.009144692257314312  , 0.06067942424788368   , 0.16404154216101244, 0.009459252058444884   , 0.20780941950299303 , -0.02652759115093377  , 0.0020441084605629487  , 0.03686945652270187    , -0.03147207434321764   , 0.07017322205149089   , 0.1473937622327329    , 0.12136563082752826 , -0.07385380607779259 , -0.1329926318697616   , -0.09022152271562643  , -0.14782667438071376 , -0.1592709907021528  , 0.07814125874796275   , 0.06353477657503914   , -0.018798987742110543 , -0.09874863402317482
KANCHANPUR     ,    2019, 2075/76, 0.03161945857588108   , -0.17042697511531565  , 0.13190504122061925   , -0.040705858144345096 , 0.009168566702810053  , 0.026759712419177652   , -0.02729710630143952  , 0.18306909990102974    , -0.10020725068116658   , 0.10028294779140608 , 0.12453088175651732 , 0.10969276840355845   , -0.3285906703530305   , 0.029054308036719968  , 0.07718648996870628   , 0.06272227426504791    , -0.1793000822216727   , 0.00021604290199392853, -0.08593278468081494 , -0.18720084917059926, -0.20161070042729526 , 0.23143838381293963   , 0.16655626855489658  , -0.05264778536985402 , 0.04462621892039707    , 0.1023493777397296     , 0.022259078113034583   , 0.06031504288784834    , 0.017121020648298287   , 0.023269309846078116   , 0.06633132398498097   , 0.09903868846366845 , 0.08559072998428124    , -0.07708608509379883   , 0.07782147389476815  , 0.09552545699048945   , -0.1523425760208413   , 0.013635396339249801   , 0.07167088840042997    , -0.07008793234088699  , 0.06337054268180205   , -0.01698569574101107   , -0.16330957450529565, 0.20761346228037783   , 0.07874669945876649   , 0.13184748412055466, 0.04350352457785678    , 0.13607676815486452 , -0.12350242465793704  , 0.061654951342704066   , -0.018929782899118116  , 0.16564681027002393    , 0.022332518645910848  , -0.09747505476499342  , 0.14457161526023862 , -0.1242347882172553  , -0.12046480127125166  , 0.02406940232928238   , -0.10357996387979969 , -0.0731458192210856  , 0.15060353336828536   , -0.06755604303335702  , 0.06228173593539863   , -0.012949434708909791
KANCHANPUR     ,    2020, 2076/77, 0.037484953143977956  , -0.15913745850590136  , 0.1304545906266111    , -0.049947663699166964 , 0.03889209683967233   , 0.06638920003459757    , -0.0459831249816361   , 0.14414458530883167    , -0.08939849009099117   , 0.11758641751182125 , 0.13373924329186368 , 0.09621468944266423   , -0.31315519129587316  , -0.027775643047959223 , 0.08334949141242506   , 0.06767095461979342    , -0.24336644616023045  , -0.034166277038341616 , -0.060588442405956046, -0.1776678984724473 , -0.1768900325462302  , 0.23575610633271915   , 0.09288053566496947  , -0.04668395531505541 , 0.047156425379669964   , 0.15559103517905887    , -0.07671781323754032   , 0.06883368533027576    , -0.004093116402543218  , 0.011783820278546813   , 0.06647580531889999   , 0.06790640127259931 , 0.07981670752945791    , -0.050744654667582025  , 0.032228973198504186 , 0.1310095626732596    , -0.1407465294685454   , -0.015383778047637318  , 0.030765307442259436   , -0.06139757369583486  , 0.03735596052493718   , 0.020042381276040414   , -0.15456560741242698, 0.1522007438525531    , 0.09648971762538897   , 0.13204370026634124, 0.06362475303188027    , 0.15596292957602567 , -0.07865000218592007  , 0.051286739033458005   , -0.044598887862943457  , 0.12304412271553287    , 0.054336326355846086  , -0.01401234734591088  , 0.14284782780382066 , -0.18072992881905453 , -0.1665573294281783   , 0.012656164440301034  , -0.05710435036202463 , -0.03841209624193333 , 0.1253158823439317    , -0.10697913336932041  , 0.0840012528250859    , -0.0023673552717861208
KANCHANPUR     ,    2022, 2078/79, 0.04076940964847012   , -0.11625283752676026  , 0.1153806986080013    , -0.035215598689463154 , -0.01755050175067309  , 0.051897762956120135   , -0.036598914142172465 , 0.12391933695887546    , -0.10402023576005201   , 0.10095455860012485 , 0.19717343610197235 , 0.15598997913292142   , -0.3112383084449102   , -0.02253844808524756  , 0.05888558850008079   , 0.14764587835337772    , -0.13264370543591217  , -0.0776438187363188   , -0.07466232220179049 , -0.1993393295465963 , -0.21003129148685473 , 0.2843019614632848    , 0.14438348825527875  , -0.060867819110797215, 0.03319515798029677    , 0.09658077081449495    , 0.02975780238650624    , 0.06400684317786269    , -0.005460831398301793  , 0.008414294728097666   , 0.061893417262992856  , 0.03504264455262115 , 0.06760436953078626    , -0.022488558305763063  , 0.061331021992856054 , 0.04911967667346281   , -0.16156706253355194  , -0.04368797456574436   , -0.020225164446466937  , -0.08880039712655938  , 0.05149806920621367   , 0.07967749152185799    , -0.08984661287594359, 0.24665282266794508   , 0.05216177013893323   , 0.15075753368107056, 0.05130282957878451    , 0.12453455028207366 , -0.07434733205218028  , -0.019775635014869744  , -0.06405048402879979   , 0.07071089039752172    , 0.10101983067078152   , -0.04263398624827047  , 0.09470725358858242 , -0.17990039442895153 , -0.05478361085136182  , -0.028576745015326057 , -0.03050463947433242 , -0.1329436165265852  , 0.1138133222924246    , -0.0989266149284051   , 0.0755655728736968    , 0.004779768239633416
KANCHANPUR     ,    2023, 2079/80, 0.03543905350676342   , -0.15497573719910784  , 0.14125528410438612   , -0.054679884002276725 , -0.003580318584502867 , 0.049748318415961446   , -0.03460147899457548  , 0.13401050820701566    , -0.09839205501481481   , 0.1113660342492403  , 0.17140091159994572 , 0.12310058870464415   , -0.3264097307918639   , -0.021485938854883087 , 0.06946190048056526   , 0.12210527959553505    , -0.1784572471200962   , -0.06279071074437921  , -0.07110749476697961 , -0.18758256557452427, -0.18440704622913764 , 0.2688556085079535    , 0.13838065161865687  , -0.06532162479031793 , 0.031640225547603214   , 0.09900992171492169    , 0.0031014966374222157  , 0.05896469063450953    , -0.018659227187796088  , 0.023985611077287795   , 0.06030889422143019   , 0.05099552715057386 , 0.0679150290677162     , -0.04170413318424218   , 0.06656636380761641  , 0.07186123874633771   , -0.1342911136753672   , -0.0304590904656565    , 0.013638029743320299   , -0.08576733646365113  , 0.05068820353574744   , 0.043961896030881895   , -0.1399329453353235 , 0.2481445850001787    , 0.07585724198454415   , 0.15802225371002246, 0.05298118948052821    , 0.14758445382580282 , -0.07206244278869749  , 0.016212209006485834   , -0.05313018867871039   , 0.10731501219182948    , 0.0938695245889461    , -0.04018863148364724  , 0.10175072808918494 , -0.16096849003953684 , -0.09640538679668904  , -0.031529730601853156 , -0.04135449897749405 , -0.11780190885231794 , 0.12299136798427222   , -0.08215475494581446  , 0.08836641893023178   , -0.008633075975968622
KANCHANPUR     ,    2024, 2080/81, 0.03016066378837328   , -0.1521044066041183   , 0.1322611635664895    , -0.02080523718686944  , -0.001535010178570876 , 0.04543571942492561    , -0.05599702929483288  , 0.15621130035169364    , -0.0993800825652928    , 0.11648516657935726 , 0.15072760277080408 , 0.12014479218346442   , -0.3377765965432053   , 0.01245864186445348   , 0.04630327643947286   , 0.10411561399360333    , -0.1773195286490362   , -0.030234872246580793 , -0.0698413492604076  , -0.18808546029877252, -0.1907308156842268  , 0.25770922800555773   , 0.15442964405180853  , -0.06696939500956477 , 0.033541348462276625   , 0.11420391599150916    , 0.026414174910892093   , 0.058131165813411836   , 0.0033452467939231074  , 0.040359433083362053   , 0.07956484082293969   , 0.07871651515582134 , 0.060928184490182745   , -0.054564717014464005  , 0.0852269286518518   , 0.09573807614831394   , -0.1584914865028108   , 0.003142572662095005   , 0.034298876944010716   , -0.07840128574621677  , 0.046021186283204174  , 0.024160145217809226   , -0.14055485890983635, 0.22886483730215496   , 0.0781969178469078    , 0.13806746931124766, 0.05380584317833094    , 0.13586578589173348 , -0.106422531246505    , 0.030980658109261452   , -0.024853760207792373  , 0.12047439482691855    , 0.036274855779595314  , -0.08153012952655771  , 0.13625069956202948 , -0.1548187773303369  , -0.11748707597423631  , -0.0007377226402496075, -0.04364052001955205 , -0.08278726542327677 , 0.12081034294147382   , -0.09030028942979991  , 0.08460261246511087   , -0.004553765789979385
KAPILBASTU     ,    2019, 2075/76, 0.0073663356469402695 , -0.12327243904868898  , 0.13961718833310985   , 0.0019284656845378657 , 0.03086581676337955   , 0.027226709485620657   , -0.011984246781889103 , 0.14531735016261865    , -0.07904130545973087   , 0.11294240058088674 , 0.10527930101623967 , 0.0985919575596929    , -0.3215181588955759   , 0.06412758548761649   , 0.059793330544269906  , 0.08340596046157463    , -0.16948118646433177  , 0.03087472171970869   , -0.09264767206387406 , -0.17128436504164207, -0.2005383322633712  , 0.22371602536479207   , 0.16092285057225192  , -0.03299597280064398 , 0.03880187518355697    , 0.0747787578015893     , 0.03351960102695979    , 0.08722476886196497    , -0.01664968517364125   , 0.052877978840764374   , 0.09481859478646838   , 0.12104113176854359 , 0.028452354792778686   , -0.07217168619037186   , 0.07934753432215338  , 0.11969231558797866   , -0.15891578389052952  , 0.051230464809663596   , 0.11990786355395351    , -0.03813326660236787  , 0.08032970687816657   , -0.020920087481116262  , -0.17313874710491428, 0.1930727243965267    , 0.08629530184675384   , 0.10757478749073408, 0.06729264064018135    , 0.08768223160628212 , -0.13583591934070435  , 0.08196589517428896    , 0.00945891375832584    , 0.15961785446455137    , -0.04115487713357511  , -0.14665055994045176  , 0.22581812554795583 , -0.10000107853968727 , -0.120082798107934    , 0.028561882530731122  , -0.11382436803910415 , -0.09236147345564318 , 0.12026880217480089   , -0.08726805246575119  , 0.06782807217354027   , 0.01855789049478247
KAPILBASTU     ,    2020, 2076/77, 0.005836782836673364  , -0.1115598001055927   , 0.17492253802095498   , 0.0022061664769093053 , 0.0468704420539395    , 0.05315696066940281    , -0.05978975079664694  , 0.10556238807732017    , -0.05726533772530221   , 0.1434302271981937  , 0.08942228012969168 , 0.08668933539240503   , -0.3007960595900824   , 0.028436631187853653  , 0.04625130095698505   , 0.08126016077998316    , -0.19288032029702315  , -0.010499507737492027 , -0.09095203317210006 , -0.15794069182841786, -0.18359326454544977 , 0.2509942818063661    , 0.12380128523714576  , -0.015501044962100276, 0.029005677891948547   , 0.11203739666915656    , -0.02112070567557568   , 0.11128679426686004    , -0.00820202092947846   , 0.04407210373816799    , 0.0880561684880071    , 0.12890080188502256 , 0.01623553127465703    , -0.08119529614873743   , 0.03655177552180046  , 0.10887984675448452   , -0.15819038308856795  , 0.034540181840068206   , 0.09308282204521551    , -0.04035751703828394  , 0.07083501858126388   , 0.007676288559655522   , -0.18691862850333335, 0.1681956048192155    , 0.11875835867635919   , 0.07887419257764608, 0.0663932174928665     , 0.09562711489844537 , -0.11833938137953193  , 0.1002897203913954     , -0.010421302850146379  , 0.11977825215122351    , -0.03001912763406144  , -0.11829104280159966  , 0.24512845319835413 , -0.1419201192845426  , -0.15943095332806537  , 0.018512684891187525  , -0.12574874764237184 , -0.07549270478393817 , 0.09292415809691743   , -0.11231867000315988  , 0.09891777380115385   , 0.024511447608828934
KAPILBASTU     ,    2022, 2078/79, 0.03399282992116848   , -0.017198479618820744 , 0.1315786439421122    , 0.0030796543288234206 , 0.01685994043648467   , 0.06336554588062714    , -0.06742327348472896  , 0.07705491593842155    , -0.08589192963001847   , 0.11033217421371665 , 0.15485726047431125 , 0.14061797382374672   , -0.3156497696910044   , 0.05437913822324494   , 0.018946631829677325  , 0.15724823469395757    , -0.0836465890589175   , -0.03122791846025528  , -0.11144801370035845 , -0.16087905404835487, -0.24486545854080344 , 0.2968638219576482    , 0.1384636441830137   , -0.037782462970248475, -0.00026620664763006086, 0.08179962278661841    , 0.07055680553396848    , 0.06284763691792195    , 0.007794317476733728   , 0.06808053832377642    , 0.09893668622870214   , 0.06757775111067219 , 0.009432827842482951   , 0.004586878672423013   , 0.05750754690728653  , 0.06447136432204685   , -0.17968122005067305  , 0.03195559629122254    , 0.028084968881390768   , -0.025425141670374483 , 0.08146104639491411   , 0.09349505865468806    , -0.09312807384698771, 0.24215043296195968   , 0.033992158005448074  , 0.09095467836734351, 0.07746343210324375    , 0.04386566291620106 , -0.0969477845984349   , 0.011029752469874927   , -0.03859797116807455   , 0.020680466924242646   , 0.01012393445646571   , -0.0930637748787281   , 0.2149481355386272  , -0.16387808606791923 , -0.061128013236020524 , -0.01084239939343232  , -0.08700610692922461 , -0.16917239553062471 , 0.061632808988964886  , -0.15495425506589888  , 0.06719875470699377   , 0.05251928729320768
KAPILBASTU     ,    2023, 2079/80, 0.023087032566060414  , -0.03936661236634775  , 0.1368733302349739    , -0.0029325095361397322, 0.022315930065523022  , 0.08746802662866157    , -0.05987510954857838  , 0.10485727292414213    , -0.08255819926162995   , 0.1169059563355446  , 0.15980684731767925 , 0.14215439849212314   , -0.3136153404671968   , 0.055598297756798726  , 0.027904325764436654  , 0.15673125256846915    , -0.11628484276600519  , -0.02773727118119549  , -0.10477655058584656 , -0.16956696548085526, -0.2362930703192635  , 0.2951390046928654    , 0.13418220868662623  , -0.06060707182431077 , 0.009983446969335116   , 0.07010379104603082    , 0.07219931982045845    , 0.06237856571801177    , 0.017096754755412034   , 0.0673482072810671     , 0.09883819555466347   , 0.06648763510740881 , 0.017376498526817264   , -0.004057919222557509  , 0.07485657623701641  , 0.07583063075671671   , -0.17941465795357583  , 0.01775369731829986    , 0.019809190149199764   , -0.013803236201584225 , 0.08391490267443201   , 0.08061620442369753    , -0.0918276586450318 , 0.23896243419184343   , 0.03703740912070801   , 0.11957600717783362, 0.0828467838200239     , 0.06122431519495406 , -0.09513357636564614  , 0.010472587302176652   , -0.050707218876667105  , 0.06090359132132915    , 0.01684689496807574   , -0.09679130459450604  , 0.1896263187646716  , -0.17263138320907606 , -0.05599983706110598  , -0.011611865550042975 , -0.07554946700260304 , -0.1730518130793868  , 0.04970112793257986   , -0.13383091774329722  , 0.08721606264757496   , 0.02694452765930469
KAPILBASTU     ,    2024, 2080/81, 0.029355033260102335  , -0.11461878092606102  , 0.1449741872047043    , -0.006082100991513936 , 0.024462644878155183  , 0.035169329325413855   , -0.03350198703190139  , 0.12139580994384448    , -0.09379533643497671   , 0.10682004500816061 , 0.11992137700753372 , 0.11123938279426121   , -0.3449290688201874   , 0.0584065890671197    , 0.05243260368900521   , 0.09996037167562609    , -0.1386461825718436   , 0.01670889743052006   , -0.09875668487314337 , -0.16339115541078097, -0.18475665982409883 , 0.25004821599230453   , 0.13662952106258855  , -0.03826069677440473 , 0.028233793006366522   , 0.1130010750241765     , 0.06202786046877312    , 0.05195340467289962    , -0.024468831456636034  , 0.07307082665574964    , 0.10937395839607943   , 0.08227592009136835 , 0.014805406275459516   , -0.0511473536852855    , 0.10359466526743268  , 0.1198922105328241    , -0.1753747438161447   , 0.04231203742864456    , 0.07459618017300856    , -0.03489994522877392  , 0.0770024417714489    , 0.015427144688522897   , -0.15540467722647364, 0.20916530930652028   , 0.04998758336762463   , 0.0874843857288264 , 0.061350461398073236   , 0.08825778877509133 , -0.13686796364927675  , 0.05056261810418351    , -0.0012955284094786053 , 0.11235763963962533    , -0.037441447623790376 , -0.11700507146769805  , 0.2296512113415594  , -0.1296436054346956  , -0.10338043016131676  , 0.04115376631569331   , -0.11116036741600248 , -0.11449565656668034 , 0.1012049852791774    , -0.09329252831931363  , 0.04859430889768628   , 0.05277782424927778
KASKI          ,    2019, 2075/76, -0.011876376354525974 , -0.1559945146473955   , 0.10554587342242736   , -0.062055042456146556 , -0.016280444022893314 , -0.03619729692952895   , -0.05996193710473406  , 0.10574221894125899    , 0.02122654617862832    , 0.14700424520444133 , 0.026452872668049132, 0.024932667663154714  , -0.17448044541931382  , 0.011664592917212916  , -0.07288166616482036  , -0.03952140154410509   , -0.13522340531461552  , 0.06367924709031096   , -0.08809543916181055 , -0.16127808725554885, -0.0367858778468615  , 0.041790319755583484  , 0.09726417464312609  , -0.09325341638457549 , 0.043236642555287766   , -0.038346159430113456  , -0.06384979404924832   , 0.02875212997801914    , -0.07574386130666856   , -0.05350153393955884   , 0.020703806030673445  , 0.2108164315204269  , -0.017556292414242     , -0.0008840025041437193 , -0.10331723060015949 , -0.08769364344188052  , -0.07208739812083499  , -0.04150547558552557   , -0.008922477125744621  , -0.00628842580291081  , 0.003323065822130051  , 0.025506075785453195   , -0.16292351881644207, 0.010201534050576316  , 0.04948729465412588   , 0.1405196587325768 , 0.014713747629558323   , 0.19799174245673407 , -0.026978650108579964 , 0.0724178661642556     , 0.038244265805674374   , 0.0011159198770209035  , 0.039498419954410564  , 0.05902595919381145   , 0.18468236899006074 , -0.13351858195035507 , -0.14453313696489148  , -0.08783028026555276  , -0.13582954983790713 , -0.10742164845526159 , 0.03030808482096463   , 0.051303543462162746  , -0.0293689348988234   , -0.07612134658222007
KASKI          ,    2020, 2076/77, -0.013491366518575626 , -0.1534053865409811   , 0.10063974844671333   , -0.08312967356226852  , -0.011589864669958486 , -0.019916867331158064  , -0.054737661404147396 , 0.08117896745869858    , 0.011980723477294154   , 0.13240632178611444 , 0.05886887178927409 , 0.03115158686253287   , -0.17805052021290285  , -0.016623350136472637 , -0.05455452118361811  , -0.025882339282975293  , -0.14714610431797245  , 0.07511137212395665   , -0.07463007431268041 , -0.16741190472910358, -0.021465624657424857, 0.061549883047918266  , 0.071310912534389    , -0.09093362820909391 , 0.05334488077233033    , -0.04075289850283172   , -0.07021534481260931   , 0.022851192547857044   , -0.09595959258597556   , -0.037499122583990005  , 0.02546246400798937   , 0.20057389980363313 , -0.013687380822604815  , 0.0009377621908198029  , -0.1282906413539024  , -0.09123516492504695  , -0.06556526281235815  , -0.0746237969314229    , -0.0412788171687904    , -0.0059908526322477625, 0.02856523464681848   , 0.04409032982964743    , -0.16038148810611713, 0.010734859276386396  , 0.05766260665893822   , 0.1471150276699841 , 0.011093803735322247   , 0.2065370360256337  , -0.014824408087809398 , 0.06637366423416365    , 0.011398638104052257   , -0.014138010221360622  , 0.07101884063244411   , 0.09812207282662773   , 0.17599239989124044 , -0.1554154909000103  , -0.14018711038183373  , -0.10337539605303694  , -0.10596797385522438 , -0.13210685122985913 , 0.03191945466804524   , 0.06612519912230677   , -0.04508081169550601  , -0.04638353406697293
KASKI          ,    2022, 2078/79, 0.022813557392474728  , -0.09956625551332182  , 0.12134307199441659   , -0.04139448723331066  , 0.004255129299653054  , -0.040012581934287764  , -0.1056790621224651   , 0.08123683445085647    , 0.03884356181106226    , 0.10951983767665524 , 0.054253355202029535, 0.06146634486273056   , -0.12689106966788102  , -0.020657649980229804 , -0.08137799051160323  , -0.005414654507180231  , -0.053044729944669716 , 0.025197409035923476  , -0.09056416414802984 , -0.15427335137117154, -0.056106658720429504, 0.09012074990881547   , 0.0785498185376771   , -0.09023903880725709 , -0.0055104139354741665 , -0.06865467629645083   , -0.062094806236503056  , -0.022928377790776226  , -0.042945320390732004  , 0.011672601685103744   , 0.016807056086409058  , 0.14624814994985988 , -0.003736013082655794  , 0.0346338109451311     , -0.11702225682977833 , -0.0934952542411273   , -0.10836739348517882  , -0.08015247392079633   , -0.09213993404265718   , -0.001910651474909991 , 0.039540262145277186  , 0.11131312750394803    , -0.12628728252784502, 0.0533139795786738    , -0.027377336462101293 , 0.17934264661258428, 0.003328940334627087   , 0.18594020101803413 , -0.022568997281970034 , -0.004609089219988349  , -0.02353816538203802   , -0.039015875670665154  , 0.07065642245779424   , 0.14262106384421172   , 0.14236987139164253 , -0.19826037387815    , -0.08603900957660057  , -0.10803403642506786  , -0.09372160267150302 , -0.17919981339240693 , -0.02413717745470165  , 0.03875848075283442   , -0.048715839428799014 , -0.04075589161004336
KASKI          ,    2023, 2079/80, 0.01886985013848316   , -0.14199553063241507  , 0.1072325574461397    , -0.0714306745477357   , -0.025852643194127112 , -0.008262339453020595  , -0.06475136091602642  , 0.09263801953302996    , 0.023411082973470533   , 0.1208129458223076  , 0.08889585980559138 , 0.028413109300751593  , -0.16282347068150535  , -0.040971303777021476 , -0.055786136957605495 , -0.02752857820009094   , -0.08786597624678888  , 0.03750932818817672   , -0.09455452969924825 , -0.15648505991815226, -0.052219297367772394, 0.098302672575823     , 0.08846320704998524  , -0.09745441201432856 , 0.02532486619755717    , -0.06464430203741069   , -0.04356482969539005   , -0.0069405414162209056 , -0.10867136668340224   , -0.022500257571889233  , 0.006369760317368016  , 0.14471255730381674 , -7.137621224426007e-05 , 0.030949276537299533   , -0.1186148626846563  , -0.08797058911168533  , -0.10155943869791055  , -0.08909945968402415   , -0.04948127893550496   , -0.03950536477294426  , 0.05187995042859233   , 0.09731652293565025    , -0.13624151765227233, 0.08846875440594634   , 0.009445202922228467  , 0.18238755236906165, -0.0027047261599721017 , 0.2251470585260592  , -0.034820346820081005 , 0.016252599220264407   , -0.007899525709630548  , -0.007780866381130727  , 0.09265799549686704   , 0.09225138177792715   , 0.13923190841709157 , -0.17224307098423589 , -0.08299940480525508  , -0.11565208687070641  , -0.11798244683857323 , -0.1771064724765634  , 0.013452354263864609  , 0.044852105804695584  , -0.03135145378894364  , -0.0689983867498006
KASKI          ,    2024, 2080/81, 0.02481279943431441   , -0.17519406852549282  , 0.12896149699937992   , -0.06426778890500658  , -0.027891295844708952 , -0.0239879813731123    , -0.07648308874154272  , 0.11590337264994036    , 0.015521847613634584   , 0.13866045547882336 , 0.08205309435426734 , 0.04104628468381593   , -0.15740868295072008  , -0.022151142378683746 , -0.05164985307583305  , -0.027712056416122306  , -0.08525500030385152  , 0.054248309903201744  , -0.10471288713974054 , -0.15913183883680776, -0.04760431208630432 , 0.09154893949039676   , 0.09044860928476438  , -0.10140325766761857 , 0.01879515374867276    , -0.058832458910964835  , -0.027395064350797582  , 0.0013869664180411036  , -0.07726338046147953   , -0.011449365238021501  , 0.040027051513258464  , 0.1609792023518005  , 0.005704346676502252   , 0.020596636405623456   , -0.09194109351585965 , -0.0685977172781388   , -0.08568969228617553  , -0.07659242167687669   , -0.03951596483824698   , -0.03751207097988402  , 0.0435506279916421    , 0.0680656902687418     , -0.1450320693544643 , 0.0882608255638367    , 0.01403183167560252   , 0.15903907770796297, 0.011356931299228877   , 0.20698572971204812 , -0.05707746984554672  , 0.02759902109393976    , 0.00013477987355319627 , -0.0030403028276423786 , 0.07201584149833774   , 0.09462067856224818   , 0.14997171016559113 , -0.15515920337033845 , -0.10233332599631495  , -0.10071084862257941  , -0.12714210470050216 , -0.157383931165749   , 0.022094260875957117  , 0.042126419344684744  , -0.05072611367562863  , -0.05056657998149154
KATHMANDU      ,    2019, 2075/76, 0.015413686436683604  , -0.17139786997751458  , 0.15466303321452182   , -0.08028863669707949  , 0.04097335601599756   , -0.06213116577014564   , -0.08188121676266813  , 0.09163272869289378    , -0.07177263595496307   , 0.12200698568632694 , 0.070965099876409   , -0.04499222457008513  , -0.3047302778852073   , -0.04699977031860084  , 0.015498642339801378  , -0.1305671749592397    , -0.17520764732002195  , 0.05566818351140787   , -0.08232594771118679 , -0.1382592483219596 , -0.13259924357459124 , 0.12227320020032777   , 0.11580602402568012  , -0.11945590468091671 , 0.03378055568595412    , 0.04375004054945808    , -0.029575611044674394  , 0.019922187331678977   , -0.09223656839028285   , -0.038513512466644     , 0.03379709912025248   , 0.18551212423410351 , 0.015801957585741235   , -0.025870030058874165  , -0.015537464859283631, -0.049076181778671006 , -0.11994740417514718  , -0.032017449397277735  , 0.039246681690302966   , -0.008932379795657159 , 0.007060465455014116  , -0.006288361695839265  , -0.22519606876366266, 0.13135146110240742   , 0.09589267693546943   , 0.10290482883910124, 0.03013944112620121    , 0.1919117835899581  , -0.011601251703819954 , 0.03924120287096548    , 0.08863075028766733    , 0.06759253033192468    , 0.050777499216385975  , 0.02323985236241184   , 0.1770775084841782  , -0.17603028734294707 , -0.12934285190610179  , -0.05222086960945346  , -0.1747270198247595  , -0.14828678081294774 , 0.0646494612888048    , -0.06993164018943678  , -0.02536246270737119  , -0.06844287373248663
KATHMANDU      ,    2020, 2076/77, 0.028241031311315067  , -0.14794444180744795  , 0.1714381709523323    , -0.09194299606061063  , 0.050560011857349596  , -0.04534006386526387   , -0.09228114796927463  , 0.06308142856880979    , -0.08240058427469181   , 0.09551053918627063 , 0.0886697839312985  , -0.04092232390818033  , -0.30449290062956524  , -0.08138629283921536  , 0.00016564844984250812, -0.11224553989521437   , -0.16709379358851606  , 0.07607142472639473   , -0.06228699655608721 , -0.12795850237695608, -0.11166481888386794 , 0.1468698123708844    , 0.10046471580187204  , -0.12110394293275575 , 0.028966290995457587   , 0.046755783237536125   , -0.05068840847035424   , 0.004333607820765342   , -0.11376591725446886   , 3.3163354432935516e-05 , 0.04845076684783903   , 0.15690739692019295 , 0.03023369340880059    , -0.0037855933212999925 , -0.06475834567746827 , -0.03877071897741087  , -0.11899950868331048  , -0.06683898407407064   , 0.00845401493999526    , -0.011172160301147706 , 0.023464656520158965  , 0.024646162176945027   , -0.23066645176300968, 0.11569709072061965   , 0.08272275639306166   , 0.0936266210999966 , 0.006975153853930433   , 0.19324817521944979 , -0.018121733502446336 , 0.028935549911916384   , 0.06388681812763534    , 0.03997319143677535    , 0.05645866457018105   , 0.07540574424810717   , 0.1678358891715398  , -0.20131445782592544 , -0.10225695345399392  , -0.04264945908250654  , -0.1628454423481616  , -0.17894357757491158 , 0.06501091950085582   , -0.07295906268051465  , -0.04218142095636517  , -0.040338056469798364
KATHMANDU      ,    2022, 2078/79, 0.06886065713653947   , -0.13169747549071115  , 0.1748439621168739    , -0.06231967710300358  , 0.04469569689826445   , -0.07110025250855674   , -0.10508970909405098  , 0.05199701460529372    , -0.06448688256273505   , 0.0723075323133086  , 0.09408678422430106 , -0.02397899725221521  , -0.2575900860513992   , -0.07972554812137932  , 0.004049800433097157  , -0.09674542177939958   , -0.08143664313645985  , 0.03403494387391142   , -0.08109995449188262 , -0.12306374011613856, -0.14300031051333326 , 0.16140672893098798   , 0.09849264142047455  , -0.12686902375499207 , -0.014426179391655615  , 0.02526150881429565    , -0.015500842399103532  , -0.020745063482125046  , -0.045237987533673474  , 0.0435222159597202     , 0.0548152250594452    , 0.10030634051066466 , 0.009013507894581675   , 0.01958088293428764    , -0.048779596833750015, -0.06377252468923948  , -0.15586877521324186  , -0.06110954782673724   , -0.02790341786334126   , -0.0319476106190652   , 0.028721601626002794  , 0.06777717460200477    , -0.20990715222154865, 0.16479288556991908   , 0.0276238564295226    , 0.13768164829576038, -0.011756807962535469  , 0.15600632401763592 , -0.03162910018360639  , -0.03384532192023072   , 0.03704411172659924    , 0.025535230737353518   , 0.05322910055166506   , 0.11575301992754965   , 0.1450913316166315  , -0.24658554627782328 , -0.06012727325525111  , -0.06959205970863556  , -0.14898765279825005 , -0.24851552742782893 , 0.04531799233527055   , -0.10474663432185531  , -0.05489056059951146  , -0.0487689659505126
KATHMANDU      ,    2023, 2079/80, 0.06497582792476612   , -0.16618432945482267  , 0.1650045035242965    , -0.07949258270945742  , 0.01757435350166615   , -0.06362896652443435   , -0.06731443841559656  , 0.10022770054900888    , -0.07533902300952855   , 0.07763045245670452 , 0.10811880340206707 , -0.024712571373057445 , -0.2939277086991699   , -0.06995610690426794  , 0.012696775036389255  , -0.06387439681346774   , -0.12587484120847747  , 0.04159148839266567   , -0.08519235044914841 , -0.12345981341701238, -0.13476041344665493 , 0.16917098697007638   , 0.12724864813736894  , -0.12685307629618886 , 0.02418314007246107    , 0.022377910401392156   , -0.008494299221928975  , -0.013249456925477654  , -0.09547342318597085   , 0.015063056933268886   , 0.0346652747206211    , 0.1294209648082071  , 0.020573958696379072   , 0.004387598335716618   , 0.013202714694425102 , -0.045809660300961765 , -0.1476669110563673   , -0.06792528087904842   , 0.0009778106024044605  , -0.05367654017255038  , 0.028592170029478038  , 0.0325067382744601     , -0.21569402793296216, 0.20864161793348693   , 0.07022727124958046   , 0.15154014594005077, -0.0006886748677708322 , 0.19766553000120626 , -0.04746847112485464  , -0.020602528627152096  , 0.06767956767521725    , 0.08117590315285686    , 0.08347846795141134   , 0.045818573772997924  , 0.11507460284765375 , -0.21663261099527759 , -0.05745826429689493  , -0.07158734128529816  , -0.1382159427954711  , -0.1981697428885176  , 0.058202973270281     , -0.045993699755419976 , -0.02950711638173742  , -0.06920569897242133
KATHMANDU      ,    2024, 2080/81, 0.06260123857483713   , -0.19098873539596786  , 0.1703436405625557    , -0.07172124959940189  , 0.03098808267705614   , -0.07976890378814828   , -0.07477561914125018  , 0.11304711148764282    , -0.0807622619404871    , 0.08267227023870043 , 0.09596165682808519 , -0.025780082381437024 , -0.29101596030506094  , -0.05043945610448418  , 0.028212646884276025  , -0.08013384352252348   , -0.11243997285068175  , 0.04851503717640325   , -0.08676132294263192 , -0.12655072151244257, -0.1341405681945562  , 0.15067541202232754   , 0.13753655642359777  , -0.12444449878107812 , 0.013448910644061042   , 0.020624504155155647   , 0.006926997630006082   , 0.005196854998460625   , -0.06734668931400879   , 0.012596792523203811   , 0.057577171760194404  , 0.14251882961967602 , 0.013380298498509049   , -0.0061573996677724875 , 0.021318255310670064 , -0.04514060691713011  , -0.12792380549510535  , -0.04118234301290254   , 0.03402518161634107    , -0.057816946838833316 , 0.018767003401377314  , 0.009163231831885433   , -0.22295865078235613, 0.20557490539921133   , 0.08416840451406603   , 0.1236930561485667 , 0.005185533356531247   , 0.1770562386438171  , -0.07504218594882862  , -0.00227743752749821   , 0.07168288782569611    , 0.08024344461427937    , 0.04635013306969164   , 0.038634804371896196  , 0.13472769853691768 , -0.1940642827051015  , -0.07714819901650234  , -0.05329017166073101  , -0.16031102835880975 , -0.19259953165901547 , 0.06677404738843508   , -0.06476382006903438  , -0.035640858517080674 , -0.07699530379942736
KHOTANG        ,    2019, 2075/76, 0.008507159504470256  , -0.13815109177772236  , 0.17156176232452522   , -0.0902922216773023   , -0.05197466924100288  , -0.055129262776101515  , -0.08573978468474627  , 0.1651743105317599     , 0.007436674026835594   , 0.09935922856845922 , 0.07848935487934432 , 0.004648284771916009  , -0.2823964850088531   , -0.05331378883481388  , 0.03205568363786554   , -0.04605914369222688   , -0.1475857395700117   , 0.10195495301803904   , -0.12021058508566812 , -0.189560810711477  , -0.1468108528633779  , 0.11274220315655854   , 0.11715219272989925  , -0.11326093437010294 , 0.08284983154639793    , -0.024831787668897126  , -0.017218678323916395  , -0.0002346678395259078 , -0.13020312763540196   , 0.02069622157686541    , 0.04704348051724548   , 0.1659953310197649  , 0.07961158661120041    , 0.03356427528886821    , -0.12420039394831627 , -0.02171534198939608  , -0.07562268157821846  , -0.0189072544938848    , 0.019125206613608715   , -0.046374946776593644 , 0.022296792038286786  , 0.027066564939408237   , -0.18702500052594703, 0.1251730044139727    , 0.07285169951802827   , 0.14101168217997742, 0.012693383119250176   , 0.24572530128385847 , -0.016484901522684857 , 0.034213534295896936   , 0.06524433832186168    , 0.02400977835503273    , 0.09623615068746294   , 0.022416936935612107  , 0.13511985706882298 , -0.12640952395969157 , -0.08494580143473528  , -0.06645420367746321  , -0.114864960623123   , -0.18647174834101246 , 0.10455383073674174   , -0.021788382306591414 , 0.01432280416462527   , -0.08429433092540099
KHOTANG        ,    2020, 2076/77, 0.03345679897368709   , -0.10375476116758986  , 0.18443280637716944   , -0.10266688114364735  , -0.006419008573024565 , -0.04723618667339133   , -0.1308619386874958   , 0.13128239912285203    , 0.003984635708669681   , 0.0974472958848725  , 0.06869440382222639 , -0.01397228767777062  , -0.2875741986955091   , -0.06825246644768973  , 0.009374954964434487  , -0.03438210717447398   , -0.14217758981967188  , 0.09304586217358007   , -0.10298084500148634 , -0.15236488717332816, -0.12056186848741918 , 0.15172480878301084   , 0.09088856818201178  , -0.11459788023204125 , 0.07300521937686298    , -0.015544882794123102  , -0.02583941491358699   , -0.019335723128282564  , -0.14084942330845004   , 0.05234962944998687    , 0.03653787186354187   , 0.16394373934956355 , 0.07321447460941924    , 0.04319216826401874    , -0.16714423619679164 , -0.02346251824494351  , -0.08637908842777878  , -0.05930002902777087   , -0.005047976499028397  , -0.019368196943448858 , 0.047299088691617044  , 0.0793118553068678     , -0.1968675825401609 , 0.12143629314012346   , 0.0712556218668949    , 0.11633111387812553, 0.001151935702373798   , 0.2640326491965095  , -0.010512678459203645 , 0.04637843615295408    , 0.038744409047680235   , -0.02040647085895157   , 0.09815009093835678   , 0.07102882925924797   , 0.14092036926518253 , -0.17635049458929974 , -0.06671732529096702  , -0.07577796677437813  , -0.11576736174399205 , -0.17412724515948957 , 0.06556876260455573   , -0.001957782869393374 , 0.0001025846208885008 , -0.030705748345619756
KHOTANG        ,    2022, 2078/79, 0.046159075393773716  , -0.06529601563649215  , 0.1741813257108728    , -0.08520721651715775  , 0.004684188352833578  , -0.03079241152705613   , -0.14091414599614863  , 0.12890082467482852    , 0.03002352235596678    , 0.07804191394637813 , 0.09477927269849139 , 0.06034620889913738   , -0.24157080541167378  , -0.08462654304432882  , 0.01771506624314592   , 0.0035539007536307733  , -0.0613929716067012   , 0.04309879274299341   , -0.09809415205601714 , -0.16480200949909693, -0.1440991013973466  , 0.17667834914483338   , 0.07328831389970858  , -0.1152170125551164  , 0.04005494671817295    , -0.035254741626068474  , -0.025123487547289276  , -0.04693567795774666   , -0.11099843431547614   , 0.047126716887906116   , 0.025068129170270594  , 0.10311723337134328 , 0.08653893836376053    , 0.0874724227869658     , -0.15653324856753728 , -0.03042796833135449  , -0.10120708361645511  , -0.07453678225775151   , -0.06704521672517656   , -0.032419857371317425 , 0.06388401707628662   , 0.11551367338882501    , -0.1427711790851365 , 0.16503050269422073   , -0.0067922653336813694, 0.16405733425206487, 0.003566732324777409   , 0.24711707127624583 , -0.012208554043086834 , -0.03894155196646743   , 0.028542069041574906   , -0.032200311148112275  , 0.13420541696647645   , 0.11763432830120206   , 0.10317701806569864 , -0.22079434529633182 , -0.019737221387558405 , -0.07261859510777738  , -0.07950568279200229 , -0.24281631037073523 , 0.07006381005602558   , -0.023973423526415235 , -0.003850019896143725 , -0.049434565824978946
KHOTANG        ,    2023, 2079/80, 0.051794163040489734  , -0.08073544301713834  , 0.17572185231574639   , -0.07402314221074043  , -0.024901663058461115 , -0.037117773205539065  , -0.12971655628328352  , 0.1636104771600106     , 0.018309288917013663   , 0.07279777139868078 , 0.10800275978627025 , 0.040885151844444204  , -0.24688779613861564  , -0.06022817333082977  , 0.009885092849500851  , 0.013510984996972012   , -0.06019917421935992  , 0.03718412941614909   , -0.11466412181734367 , -0.16455752648853336, -0.15929093070851252 , 0.1671960879827585    , 0.11133024995121156  , -0.1342788755303208  , 0.03803850175311098    , -0.05277977826008006   , 0.027582789284998726   , -0.028452465343831057  , -0.11128764260379138   , 0.05196782150922664    , 0.018644830132118793  , 0.10755959063630953 , 0.06353270612614528    , 0.08517513964243459    , -0.11883320921679956 , -0.047782775927477504 , -0.09993520941040326  , -0.07123414066666606   , -0.043415554827731816  , -0.04741436003069642  , 0.05347719154935758   , 0.10556003648911795    , -0.13772815987896161, 0.20773673693663916   , 0.006690049983803116  , 0.1701433225520939 , 0.007669254366771754   , 0.23596770460087965 , -0.02863743019154827  , -0.03431899627301068   , 0.033398637490069376   , -0.012251325104488956  , 0.13672127230474257   , 0.06783140512478959   , 0.08573519982500229 , -0.19198916141058062 , 0.0018364806561413608 , -0.09559080388318666  , -0.09358788950562327 , -0.25755082477696484 , 0.06644979534151814   , -0.0353907582555014   , 0.011667384154157072  , -0.05660570594029671
KHOTANG        ,    2024, 2080/81, 0.05068044756436022   , -0.0962446718470508   , 0.17599488180740988   , -0.08161234109429195  , -0.018772558687209503 , -0.05879008712065766   , -0.1186540257865893   , 0.19494850478191164    , 0.010277841061674219   , 0.07994176296208082 , 0.08746465902633259 , 0.012023907333349014  , -0.26900523741327337  , -0.03670493832890198  , 0.02472376215337294   , -0.009915680566065689  , -0.10660305564674698  , 0.08813037945987948   , -0.12840031083026326 , -0.14751777838425667, -0.15179493543154685 , 0.14915056338028682   , 0.1303039294728458   , -0.12192857991569639 , 0.045735380672954955   , -0.04461609870028901   , 0.028519272604422784   , -0.015204065228211579  , -0.10329614421214567   , 0.06842414255448263    , 0.05267154450691718   , 0.1387850515928698  , 0.06860087188255598    , 0.04917145772339836    , -0.1161394846402267  , -0.026263351471616046 , -0.09084901586055347  , -0.03839200396052242   , 0.03395345381983943    , -0.04952721850019097  , 0.04194821677839174   , 0.07677581006425792    , -0.17745962817277966, 0.1859751622326803    , 0.05850969315047521   , 0.1370458968358056 , -0.01135641318845038   , 0.23988274220479408 , -0.05968424208422879  , 0.017315717103498423   , 0.04711981208757567    , 0.007903523872425416   , 0.08211651988809864   , 0.03726182282381241   , 0.13951612565580263 , -0.16019369334104272 , -0.037794696401591305 , -0.0558146402204551   , -0.12546728679667823 , -0.21001160768448082 , 0.07507752731219407   , -0.04123703344505857  , -0.006024653417956329 , -0.06369055240073163
LALITPUR       ,    2019, 2075/76, 0.012128242730493281  , -0.1336743850645283   , 0.15627250927355452   , -0.06537668362968223  , -0.005722356609888573 , -0.07008004095632461   , -0.09222423286892767  , 0.1489975294229162     , -0.030790207096617606  , 0.11571576716654108 , 0.041310055380022595, -0.01809712412327525  , -0.2901865723752054   , -0.023468693694225645 , -0.00319910350244752  , -0.09971209882622496   , -0.14790828521640856  , 0.08888810545259822   , -0.11543022045235354 , -0.17669527037903715, -0.11832834891923785 , 0.08087113622947856   , 0.09391748627043792  , -0.12646306372230437 , 0.06291055750972677    , 0.005427880528419917   , 0.0005946388887216754  , 0.0031074074084455924  , -0.10342740412508086   , 0.012113324568165725   , 0.03970411314686245   , 0.17670342003116757 , 0.05346167941549779    , 0.016972811642832417   , -0.104875440509525   , -0.0436552586968894   , -0.10504222754373227  , -0.029514017630781455  , 0.0302301596628667     , -0.03058924720871244  , 0.0060625183764622045 , 0.01988084327249126    , -0.20617868161929295, 0.08567620232140631   , 0.0799518546532681    , 0.11138344809004161, -0.008242756374955664  , 0.25773655004009516 , -0.0030125184388036463, 0.04385347464352646    , 0.07061686568287537    , 0.009795138604666714   , 0.05217429124238069   , 0.026062514886196184  , 0.17344237021149633 , -0.15093603514154627 , -0.10551397547799113  , -0.06533392237028188  , -0.14283453160725346 , -0.14987369847379764 , 0.0860758957787945    , -0.04523578962079092  , -0.002306671660821293 , -0.055774513321574994
LALITPUR       ,    2020, 2076/77, 0.027791520976306813  , -0.10633199464052852  , 0.17528223652255426   , -0.07762821747652501  , 0.014361120080294323  , -0.054685728670560686  , -0.10469839527175831  , 0.12291896430868093    , -0.040839080185698026  , 0.09026781133643946 , 0.05760019744972287 , -0.009964430405491043 , -0.2853364168970235   , -0.061757901621102416 , -0.01658763754975522  , -0.08064014539420675   , -0.14368000545374046  , 0.10125166798158251   , -0.08291411483913891 , -0.15438347830719534, -0.0971191641032407  , 0.10791265686829395   , 0.0784984562346151   , -0.12071732626385932 , 0.058921021471572695   , 0.014535473950964592   , -0.04111682997958466   , -0.01676302044806943   , -0.12807468285480653   , 0.0376614709614453     , 0.04311925189047548   , 0.15802451553678712 , 0.076025072263552      , 0.042333816924461184   , -0.14739892064010332 , -0.03644394816378674  , -0.1002678957526046   , -0.06657273313908162   , -0.0050422561639291005 , -0.022587497277497176 , 0.03238087172891631   , 0.046595073264923216   , -0.2035529267039933 , 0.06716793295682237   , 0.07233193346311204   , 0.10380012346546807, -0.02604596171590124   , 0.2747046555291339  , -0.0026180835855618397, 0.04321393499337377    , 0.045695072181224185   , -0.018706073948248296  , 0.06419244365129868   , 0.08131385527231674   , 0.15910151798293354 , -0.17949598888256543 , -0.08370706889476588  , -0.0601091506931147   , -0.12347500243406462 , -0.1586713778603819  , 0.084536287618334     , -0.029006460728682508 , -0.019836856064532546 , -0.028332289689522224
LALITPUR       ,    2022, 2078/79, 0.05621388053660104   , -0.07862184924531433  , 0.18333689601088746   , -0.04890920468616879  , 0.014925839828354446  , -0.07826117038965542   , -0.14482603931065333  , 0.11983219294302523    , -0.011364213679826707  , 0.06004858921216395 , 0.05609503401873719 , 0.02248529361907677   , -0.24418512306666695  , -0.04962504998104236  , -0.0073758222294032765, -0.04661552396910586   , -0.05206591227972576  , 0.052038405886120596  , -0.11127061407957826 , -0.1602521914530576 , -0.13669481951694346 , 0.11517604847629595   , 0.09273458428895973  , -0.11837152735693518 , 0.006099436653462748   , -0.016891641090816104  , -0.004240552989204463  , -0.03641420863231247   , -0.07186987998968902   , 0.06213240919221219    , 0.031161590335589087  , 0.11773495155103901 , 0.05602369443464314    , 0.05397246343008003    , -0.13933472310861872 , -0.07372782740836605  , -0.13444581618417037  , -0.05221718020799732   , -0.04140306496387598   , -0.03832492884866444  , 0.03853243029341147   , 0.08692366664576576    , -0.17526806151885735, 0.11305897831901336   , 0.010555932219902347  , 0.15124275168398685, -0.044200865179222476  , 0.23515998616120073 , -0.004464135575040321 , -0.026566859066454295  , 0.03684943330200478    , -0.03777515661340228   , 0.06771572428782466   , 0.10455973504508631   , 0.13468292281729638 , -0.22698135943257086 , -0.043787704345757926 , -0.08049257207027763  , -0.1230239406413389  , -0.21637312614885687 , 0.07650511545859044   , -0.06592230249978362  , -0.02475731968281737  , -0.05012789925269141
LALITPUR       ,    2023, 2079/80, 0.04988561965585748   , -0.11899691006686325  , 0.16810235136329155   , -0.0656094252209487   , -0.015136663396048165 , -0.0586103649589462    , -0.0866718904647874   , 0.1606176150809478     , -0.0273320397874097    , 0.07666446153148143 , 0.0675404609231309  , -0.0015583646026702243, -0.2848926440832333   , -0.03905824307422851  , -0.008373007966216645 , -0.02600467279650375   , -0.1075306208482744   , 0.07384600255439353   , -0.12195019445949731 , -0.15980429331974766, -0.12102032492457059 , 0.12322999627750865   , 0.12128604444677105  , -0.13248210778299274 , 0.05023373040566027    , -0.01892852772236283   , 0.020005566107494925   , -0.030858067737342048  , -0.11708479733558956   , 0.054139399772565655   , 0.02329600416051108   , 0.1293889400932305  , 0.06363147431964877    , 0.03603936541018172    , -0.07712769168698827 , -0.050228663674962815 , -0.12293665226176959  , -0.055588075461326825  , -0.008570315874006747  , -0.06811779157846913  , 0.033127755842411705  , 0.04656750802003208    , -0.18950724842792768, 0.16720639328251488   , 0.05887843920922824   , 0.1556077756397283 , -0.04011271145910974   , 0.27162771490587223 , -0.039109958680484905 , 0.00034331174950550904 , 0.058578269437543816   , 0.01608054595407007    , 0.09139157822894169   , 0.03043323676879132   , 0.11137170925038459 , -0.1800553939351966  , -0.030763960351455257 , -0.06879610568381357  , -0.1222087542178708  , -0.18943189699023208 , 0.0767594981233492    , -0.019916760685624615 , -0.006837775570789997 , -0.06512033353309803
LALITPUR       ,    2024, 2080/81, 0.04131297990775436   , -0.1579820503649158   , 0.19343049397339115   , -0.07060797976674857  , -0.0022248032377821855, -0.08101628974526869   , -0.10087586997249737  , 0.16890437711932402    , -0.027643484617322557  , 0.0844597470248784  , 0.05359307351643813 , 0.012833008078484882  , -0.27505887380753863  , -0.02446838967470651  , 0.013612453003689844  , -0.04217669862516343   , -0.10014063554648356  , 0.07464428966963545   , -0.12302031183122843 , -0.16001391473177023, -0.10478877864376437 , 0.10664198036122491   , 0.12694249889656894  , -0.11984548653059673 , 0.03978396306740333    , -0.017343232899520583  , 0.006661741017970833   , -0.0012081468479141768 , -0.09210573861038025   , 0.03206780503592484    , 0.052190998795279456  , 0.15328877109563824 , 0.061273350594654205   , 0.021017357165866554   , -0.07675525298025203 , -0.04779367634027081  , -0.09976893618590833  , -0.03719150357931046   , 0.02329914713605884    , -0.06536324467512629  , 0.030921283411347224  , 0.012516218751613257   , -0.19166705974601575, 0.14874610862641158   , 0.08016357291624954   , 0.13081935357245836, -0.018850012780985675  , 0.2650663300454704  , -0.04262413254746972  , 0.007885319070753963   , 0.06632599981536545    , 0.017513254327435047   , 0.05119663436555181   , 0.033038829378052324  , 0.13195998045129564 , -0.165727903139628   , -0.06730568843622814  , -0.05980881586934871  , -0.1401446515454135  , -0.16778418943755818 , 0.08581805020441874   , -0.02563911610882476  , -0.00936409505045199  , -0.07734541927853343
LAMJUNG        ,    2019, 2075/76, -0.003786035195209556 , -0.14969301886709116  , 0.14008198982019465   , -0.07455054994204086  , -0.026720490199715556 , -0.051971578643921185  , -0.0754125231781383   , 0.1343910673578191     , 0.028895760543010147   , 0.14532715188700565 , 0.020188042127433335, 0.02015023182961067   , -0.19649341042404442  , 0.013449456024838276  , -0.04483701426687083  , -0.0479866578683726    , -0.14993995610623773  , 0.08870145283326199   , -0.100886823748265   , -0.17135281553878712, -0.05077477030727029 , 0.03724502840729614   , 0.11196456051104701  , -0.08675168183115223 , 0.06146250863592664    , -0.03941173555115122   , -0.0708426741825837    , 0.018241789862054596   , -0.07805503650703417   , -0.05265181303911296   , 0.018809246528096974  , 0.2181141207815269  , -0.0021753518822599702 , 0.010606502349914122   , -0.11664147310368798 , -0.08753540050166238  , -0.060767899547309996 , -0.03205337559826574   , 0.002116836389308395   , -0.03259551896810639  , -0.003986876810905768 , 0.004470189423748233   , -0.17153027383427533, 0.027426955309111233  , 0.06093604692948063   , 0.13148558844297242, 0.01808206844954305    , 0.2247651788476458  , 0.00039866865423156863, 0.0715476185365649     , 0.044217197709609246   , -0.018293734144431157  , 0.053477465933145604  , 0.06051190348035997   , 0.17044730253087997 , -0.13205263526865108 , -0.13519138283178642  , -0.08803362752139751  , -0.14625414660309263 , -0.112114016429824   , 0.0639325167842324    , 0.03921107012325182   , -0.00787020477707017  , -0.08407506408562898
LAMJUNG        ,    2020, 2076/77, -0.006444479736817075 , -0.14549805427821086  , 0.1338856345183356    , -0.1045094557315586   , -0.012599211197678487 , -0.041123289698291626  , -0.08047986766647587  , 0.10681268075938266    , 0.024974374322960725   , 0.12831443901960973 , 0.050326810271181036, 0.022680301804633124  , -0.1955637281087046   , -0.022268255843591326 , -0.031212629274302517 , -0.030888337060324803  , -0.1546580298859872   , 0.08645942354482025   , -0.07901512023504904 , -0.17301869153688718, -0.02789532166678888 , 0.06841440123528562   , 0.07834180754261179  , -0.08582949820646504 , 0.06546194047950993    , -0.04561313286733793   , -0.07372765300637425   , 0.006924005208178808   , -0.09310448528338924   , -0.03295138870660367   , 0.0228480804512744    , 0.19676871084218173 , -0.0031512576135585947 , 0.01693443296268295    , -0.14442896450098444 , -0.09582540460175447  , -0.05185243960065971  , -0.07247391381317309   , -0.04256898579034      , -0.030253818522514454 , 0.025160293213062495  , 0.03390140032342023    , -0.17289917933089735, 0.022848677989650738  , 0.06003759256523014   , 0.14377349695670058, 0.01735033712340352    , 0.23259989305980225 , 0.0055887688329238835 , 0.06793525433375293    , 0.01357792079393758    , -0.03937737958604885   , 0.08277107705951144   , 0.11122984076001595   , 0.16303515220645362 , -0.16038575681614045 , -0.1271166105914738   , -0.1090086289404113   , -0.11219818234424246 , -0.1417712141177754  , 0.06433768192206886   , 0.05932912170684826   , -0.02871245643019745  , -0.05163016892490851
LAMJUNG        ,    2022, 2078/79, 0.03757553125084954   , -0.08081805501787791  , 0.15871787674753535   , -0.05321195281425036  , 0.00017757989193685567, -0.06295167760669183   , -0.13506822291057136  , 0.10686546103149328    , 0.05744859897488197    , 0.10319165877317588 , 0.04543288457902016 , 0.055418034917014164  , -0.14523590768958175  , -0.022886520900512186 , -0.059696377888219535 , -0.0082664387625409    , -0.06046706758837834  , 0.043360714663885844  , -0.10221152373847053 , -0.1551755118691712 , -0.05688993628994325 , 0.09247293536695737   , 0.09110472535728341  , -0.0822327957872186  , 0.00539959010740471    , -0.07746317831518487   , -0.06160052002225318   , -0.03888182367959963   , -0.04470490835523099   , 0.023222309867520042   , 0.012398834889172525  , 0.1495385153334746  , 0.003009784318996043   , 0.04642517861331215    , -0.13039696700173212 , -0.10360343435194096  , -0.09551325009241368  , -0.078850280261473     , -0.09078542717085668   , -0.02761644409263889  , 0.03506604997873138   , 0.09478176956522327    , -0.13795016096418145, 0.0671254842050009    , -0.028356352629391277 , 0.1733790921781805 , 0.006204006478962462   , 0.21440743722797104 , 0.004311427018863238  , -0.005674767689746231  , -0.024793113157207898  , -0.06814705640706253   , 0.08851252615126311   , 0.15583312303235655   , 0.12740298988879065 , -0.20386739071599225 , -0.07147638476887047  , -0.11425856061589854  , -0.10485454849066159 , -0.19015701933110804 , 0.005218245430205789  , 0.030909844652292705  , -0.027449643087651715 , -0.04483530575360546
LAMJUNG        ,    2023, 2079/80, 0.029894730814397467  , -0.1385179081379756   , 0.14004544985294143   , -0.08189318557168303  , -0.035503904908872404 , -0.023205462309594724  , -0.08488549778055687  , 0.12361841213681227    , 0.030260002348263357   , 0.11492020331983428 , 0.08169894590385124 , 0.021016570597441844  , -0.19724127246767229  , -0.03754925780299824  , -0.035556666319176644 , -0.03127299288105137   , -0.10517071843023554  , 0.055693352751450216  , -0.1104646982467041  , -0.15835729065425835, -0.057039843512717625, 0.09939524599508227   , 0.10852711795493733  , -0.09315343693891964 , 0.044985250355143044   , -0.07029782120083386   , -0.034147874800469165  , -0.015413623262175232  , -0.1122864440431252    , -0.01769762220334856   , 0.003946258874998174  , 0.15613413658360953 , 0.007644172046998681   , 0.040434528484721406   , -0.12360596506388698 , -0.09328171035899777  , -0.0882370947031283   , -0.08042755787829774   , -0.031125294326349046  , -0.07018554581275402  , 0.04343191721708719   , 0.0703528962408183     , -0.14797369928905565, 0.11236218211848426   , 0.02616393652145515   , 0.17248987610126776, -0.0027596541350329968 , 0.2504196429488827  , -0.01726373216390355  , 0.0267105867771593     , -0.0016395876817208847 , -0.030112724313178005  , 0.1010617718857324    , 0.08173693242253963   , 0.1247675353753664  , -0.16372685425135022 , -0.0738305096155708   , -0.11882167178779887  , -0.13982533645821982 , -0.1825616366430119  , 0.05388107992187218   , 0.03526498776817421   , -0.012898645884840592 , -0.07405122259489573
LAMJUNG        ,    2024, 2080/81, 0.030268146585704002  , -0.16459610249093629  , 0.1623157067586955    , -0.07920915155635     , -0.03247026726675647  , -0.038400389889856     , -0.1036316006807861   , 0.15152598294842193    , 0.02920944281443886    , 0.1270118259647552  , 0.07365762818117132 , 0.024721163303714863  , -0.1821478227035407   , -0.022048567750769285 , -0.025097064945033398 , -0.036211040751445746  , -0.09872094290618373  , 0.07110341340048273   , -0.1131326334538286  , -0.1723625842766434 , -0.050304802437834556, 0.08683278416869536   , 0.10589805238276626  , -0.09775443168743009 , 0.0386022330954109     , -0.06796670818373877   , -0.02834732560655284   , -0.0083951335866778    , -0.07933820951804148   , -0.010482637746229139  , 0.033553112828998366  , 0.16314264638017067 , 0.016308066156388076   , 0.03691462325525719    , -0.10417897500884075 , -0.07194388159611026  , -0.06719284537151875  , -0.07135306547661172   , -0.030872756845014834  , -0.07401211993221227  , 0.03794589424162032   , 0.04030327226061746    , -0.15399747333061356, 0.10739888827640869   , 0.024284454836190437  , 0.1535886240048219 , 0.01906070202718497    , 0.23299880727639602 , -0.028479662452548137 , 0.03362923961774638    , 0.00919572617989556    , -0.028483465549322996  , 0.08093545952542221   , 0.09280943544023583   , 0.13473356573361034 , -0.1539990164918835  , -0.09768612936341066  , -0.09852720061392613  , -0.1450546343378132  , -0.16800546889395443 , 0.06273858002523225   , 0.024719043789562887  , -0.028719313526619546 , -0.07042105582489216
MAHOTTARI      ,    2019, 2075/76, -0.003014916649706879 , -0.11682489961353458  , 0.1323779274245629    , -0.009089423148248642 , -0.0015465460799092671, 0.07033564264101383    , -0.021813586403205066 , 0.10474611136522925    , -0.07963893042112094   , 0.1465724292049582  , 0.15804377720073415 , 0.055301750240847526  , -0.32467038939654114  , 0.0009542412673846063 , 0.05396410642569423   , 0.0946039435743711     , -0.1757840803254874   , 0.013422439321226304  , -0.11069256430958042 , -0.12196927076086124, -0.23305253415465874 , 0.2945910569098006    , 0.08779049750411404  , -0.05021594172004963 , 0.06544344821538231    , 0.12777532991063156    , 0.05849075740066754    , 0.02609505189636912    , -0.07357132735429155   , 0.09553564798427923    , 0.08259310353572993   , 0.056066101671298725, -0.013997968919128006  , -0.01563464176063556   , 0.10187578710074968  , 0.13366356968597934   , -0.20016959562847722  , 0.03578134503178456    , 0.09846831650238941    , -0.040086569728837854 , 0.07327775447733013   , 0.05690101723937817    , -0.1721305483113634 , 0.2341218758473068    , 0.025169018991353796  , 0.13554880686786624, 0.07889907944616588    , 0.10165630468404194 , -0.1160598237239219   , 0.06321664420431837    , 0.01649692814300961    , 0.15291696607688474    , -0.002206291381770097 , -0.09757921342696067  , 0.2165660520916038  , -0.1386933777024801  , -0.10021884826843379  , 0.02851194262001547   , -0.08300629609355417 , -0.11487334992372113 , 0.07515407169321915   , -0.07634344206663018  , 0.05734229143880748   , 0.04543467460041779
MAHOTTARI      ,    2020, 2076/77, 0.019981768543134965  , -0.10574586463892793  , 0.16421963874576312   , -0.035683808561419374 , 0.03596768875148471   , 0.08496365938392088    , -0.0655278238288817   , 0.07040600223267966    , -0.08905046350795255   , 0.16286739721765486 , 0.1329306629418308  , 0.042342424988746456  , -0.3133848241875751   , -0.024439017893312327 , 0.03254841857125122   , 0.0769130249983957     , -0.19110266935441364  , -0.0019948051915195286, -0.11559029235434645 , -0.09155208970313303, -0.20607212702588337 , 0.30168518355533913   , 0.0547804643585539   , -0.05049892365477856 , 0.05229667607182903    , 0.16079252644129       , 0.025111143361061565   , 0.04091753171303846    , -0.06761469837552501   , 0.09562071763692107    , 0.09133676351045364   , 0.04246844144522023 , 0.010503866624478159   , -0.01024315426828565   , 0.05032330526624251  , 0.15282385549068966   , -0.20977796962043013  , 0.017010844492519422   , 0.08643201469232226    , -0.03388041556055343  , 0.07352824646463403   , 0.08955484141196392    , -0.18308969049530074, 0.2168684182608513    , 0.032535931633403264  , 0.08088568214145243, 0.061451515601150426   , 0.10843650563437045 , -0.12637745478612533  , 0.06712868635533449    , 0.0017093028180207776  , 0.11332230721161024    , -0.005912101207235124 , -0.07900488282881801  , 0.23049111950038767 , -0.15106056723798397 , -0.11625352936819529  , 0.03992641042169936   , -0.08898479020778884 , -0.09340855218932473 , 0.027999201892678786  , -0.09373319338049028  , 0.06047824776232624   , 0.08828315591484061
MAHOTTARI      ,    2022, 2078/79, 0.012462369251852685  , -0.08820719533933837  , 0.1273166625931022    , -0.0142177768252295   , -0.002242988705797955 , 0.07717981551669359    , -0.06906451011523114  , 0.08552472152072763    , -0.10045570687587146   , 0.15160050628749774 , 0.1857055333359565  , 0.10119205991395819   , -0.3017641592470168   , -0.024142732125958032 , 0.027248056587218857  , 0.12581070566887664    , -0.15700666001599486  , -0.04950485304025834  , -0.10388837578689242 , -0.14897411729739818, -0.24347334069497947 , 0.32738845040371767   , 0.05918387326271974  , -0.060801003446203476, 0.028012828116138516   , 0.15673833736015733    , 0.0407800533547763     , 0.05129393388995269    , -0.03619115518709416   , 0.08766098219638867    , 0.08621558883969879   , 0.029440650361506962, 0.017040030618526884   , 0.009694672579908956   , 0.06343062343690693  , 0.13874597355777704   , -0.18826312699224595  , 0.0008161163629692328  , 0.03804470433760035    , -0.043298036000174685 , 0.08263703816635785   , 0.10889668090930948    , -0.13356179591147369, 0.23057279789814514   , 0.018344945160482497  , 0.12003207591215084, 0.08634994595654011    , 0.10165795831318736 , -0.1119174491556547   , 0.031496506275381836   , -0.02125458524869402   , 0.09607343928188253    , 0.03528031236718515   , -0.07632371235316456  , 0.19312283416859258 , -0.1901611961497474  , -0.08864903269650269  , 0.0013681733637382358 , -0.05974891037334382 , -0.12097186360509442 , 0.06471014967071499   , -0.1203310909255201   , 0.058804055881839463  , 0.04819360608521136
MAHOTTARI      ,    2023, 2079/80, 0.02422101517034948   , -0.09113341286929277  , 0.13629321034282296   , -0.009203934798862586 , -0.015160384595945911 , 0.07575446690447987    , -0.06664651692861474  , 0.09994506655950097    , -0.12977344427694898   , 0.10738097102134567 , 0.1954287224826691  , 0.09445871210343705   , -0.3328678863466266   , 0.003941804150088812  , 0.02316306653292179   , 0.15675009408073087    , -0.14237169021347093  , -0.043861049195260265 , -0.10580423475172374 , -0.13354096040101318, -0.24320374023606062 , 0.3304202352325967    , 0.09078077975906879  , -0.08459440214409515 , 0.03316324208903355    , 0.13972180290216057    , 0.1002439216461994     , 0.048303759190686996   , -0.04480783526947761   , 0.07977610545511887    , 0.05563047907291992   , 0.05128746179237341 , 0.009577053837913293   , 0.014752370253232384   , 0.07469858841004433  , 0.09902232164490045   , -0.1888036223236147   , -0.010816698970310373  , 0.010292513985900158   , -0.039948806468337344 , 0.09091828307473881   , 0.09968426878703117    , -0.11293634596344405, 0.24276555708501274   , 0.005542683154225512  , 0.14012469586971177, 0.08918558767324015    , 0.1006353835538551  , -0.09222266131361734  , 0.007171826191530543   , -0.014200591842006708  , 0.10726472497202683    , 0.06942702560378797   , -0.07343261523408183  , 0.13961796278557373 , -0.18250420005572857 , -0.07177564375259401  , -0.013630229007284231 , -0.03318704571306188 , -0.13355318771094377 , 0.060643434608525656  , -0.09830805852616889  , 0.08356270393703986   , 0.04637866927809666
MAHOTTARI      ,    2024, 2080/81, 0.011892377228159133  , -0.1281423609951689   , 0.1391941883027376    , -0.006959989231139175 , 0.007514070502912505  , 0.04560247919900622    , -0.06160982311867661  , 0.13901461369223278    , -0.09458512178658371   , 0.11987712122939156 , 0.14799276175146092 , 0.06653048719840816   , -0.3267215253718996   , 0.016725905302446727  , 0.04129343417638855   , 0.08974380081979269    , -0.17780110638627702  , 0.00790484897752216   , -0.10213971887279352 , -0.10575522570149075, -0.21077938038197688 , 0.293136843410387     , 0.08884773073601858  , -0.05860007359617442 , 0.043006343292121336   , 0.1502041002999442     , 0.06961460721608807    , 0.02106838922642162    , -0.06401208277144435   , 0.1149500448107155     , 0.08660687315453675   , 0.03816606759070601 , -0.01091689812499689   , -0.025544046206018935  , 0.1133242682464262   , 0.1463428232662048    , -0.1989136754749444   , 0.02986044456424952    , 0.08697775398251521    , -0.035870011774340606 , 0.06499008554680442   , 0.05409136971918729    , -0.16647783010853484, 0.22485056380171312   , 0.015158519345820583  , 0.12086381467936891, 0.07179268518832972    , 0.11423088776669402 , -0.1255100707611894   , 0.05203748996019887    , 0.014675533041454096   , 0.14962837086063271    , -0.022025596622304917 , -0.0876282940799217   , 0.211316063629863   , -0.15272057073086254 , -0.1120154422794778   , 0.03188545517902226   , -0.07901542205961387 , -0.09688147925054508 , 0.06250740644474592   , -0.08494319927336279  , 0.06207559719115035   , 0.06131491018318502
MAKAWANPUR     ,    2019, 2075/76, 0.04095697652097212   , -0.12837599121876134  , 0.1586154235025622    , -0.05509678902942411  , -0.009668098398062791 , -0.050144582367589834  , -0.12766590847238302  , 0.18396381670410902    , -0.014157033964371131  , 0.1129032774233452  , 0.07836042757888356 , 0.04877026663214641   , -0.31704108011173454  , -0.014600205762083504 , 0.013715795537013983  , -0.018446751686070507  , -0.12739892001984507  , 0.05910395887185144   , -0.10336120207527602 , -0.11038062558195215, -0.16453354554558153 , 0.1378821405197454    , 0.1508886575370882   , -0.09152369253807993 , 0.06487188562550701    , 0.019641320011067876   , -0.010762229282697176  , 0.015992518127285534   , -0.10786529686784835   , 0.026786844702362228   , 0.06142878310999436   , 0.18003051226684347 , 0.044033035006721274   , -0.013816853625094964  , -0.04752123838237811 , 0.012337521654406965  , -0.1296875805089239   , 0.0018841124032459948  , 0.08165374861053915    , -0.05931668833175295  , 0.033974136176157646  , 0.012039404350920503   , -0.15802950241698557, 0.19590546129742673   , 0.09710732177535554   , 0.11139656054319873, -0.0014893828249018112 , 0.23512094986393886 , -0.03317291634895567  , 0.07728200061297848    , 0.0464687132970586     , 0.03056018208178076    , 0.05361026657027071   , -0.022192346605621287 , 0.20600621934743038 , -0.1439008906272454  , -0.12257456014007016  , -0.045913643170861766 , -0.11174738850701146 , -0.11097435456255887 , 0.12506267275476296   , -0.0492488888343214   , 0.043505698324437216  , -0.048472776331333456
MAKAWANPUR     ,    2020, 2076/77, 0.03678488843508667   , -0.11276781367908031  , 0.17231595120288593   , -0.056063210317981    , 0.028107083818376004  , -0.037341740794126214  , -0.15630615663918368  , 0.14756285521760454    , -0.008069872375996339  , 0.1166351010503105  , 0.0822119136494637  , 0.058386714132304     , -0.31813810654213553  , -0.045939739006546666 , -0.01182894706266989  , -0.01909369438318577   , -0.14823211636406103  , 0.07080701590458875   , -0.08860955596894929 , -0.10982079138324419, -0.13880553337941764 , 0.16239482533182947   , 0.12316350832753246  , -0.08340346363730372 , 0.07075295285715688    , 0.023797043661819936   , -0.056096322490091464  , -0.007940076200846797  , -0.11506293985417197   , 0.028507243623454658   , 0.06336911661757481   , 0.1707584473588369  , 0.06314369951186827    , -0.0037952975045341254 , -0.09621693459914041 , 0.006036610431471048  , -0.12459356880651626  , -0.030354223918257456  , 0.04758633283348693    , -0.04888582914903847  , 0.036304341639470925  , 0.021693267124212802   , -0.17002824373808986, 0.15917491367476733   , 0.09470491659668734   , 0.09047221366763047, 0.0018279219893322617  , 0.26145044783797916 , -0.02529745764342366  , 0.07265915347091695    , 0.03233075934835774    , -0.007349127133181954  , 0.06239597805260523   , 0.02577545737794441   , 0.19275832397788958 , -0.16885338475566494 , -0.11482365823555789  , -0.043422781358997305 , -0.10066587914829668 , -0.11002261339826072 , 0.09585029269277051   , -0.03923866999474163  , 0.03852742078182133   , -0.020790627369540352
MAKAWANPUR     ,    2022, 2078/79, 0.06977222767316282   , -0.05459082299568979  , 0.16977982583843873   , -0.029766700268432995 , 0.009958145832917018  , -0.039938745850896684  , -0.1761257393994704   , 0.1495952914023247     , 0.008386181557323819   , 0.06942842005825427 , 0.10054231795352316 , 0.09635832752490603   , -0.27808651333103945  , -0.04913987691704543  , -0.011285812183925586 , 0.03344722812421883    , -0.047400435050933096 , 0.020152925423096116  , -0.09051014710268993 , -0.10970571751651986, -0.17797100133480673 , 0.1865106215000371    , 0.13719102566609592  , -0.09098057881206802 , 0.025065457062181256   , -0.016088215057577376  , -0.020277986219965606  , -0.027094953978797874  , -0.07871851348260711   , 0.06162708773533566    , 0.06075988064371814   , 0.12128192922236314 , 0.051254926999134996   , 0.026377702037102387   , -0.09561885328734179 , -0.00927680444444054  , -0.15182859551524447  , -0.036452831884909866  , -0.01419025237820134   , -0.05927544831885842  , 0.04886471804170421   , 0.08537421818788819    , -0.10478403739085546, 0.21851644470236328   , 0.03342779495355367   , 0.14043712560172905, -0.011292313939021697  , 0.22221318220794598 , -0.0037564717307295493, 0.0026501360800527535  , -0.0042980745807643566 , -0.05324138761906585   , 0.0793981470858732    , 0.05329305448556636   , 0.1667874001754101  , -0.20604045365811138 , -0.05179753154259455  , -0.07575209010245379  , -0.08528416836062558 , -0.17706326746483567 , 0.10436079746903375   , -0.08883010469285903  , 0.03525062834334174   , -0.026576626532815402
MAKAWANPUR     ,    2023, 2079/80, 0.06486536580878433   , -0.0977281066156093   , 0.16459528012477181   , -0.0487412348524349   , -0.024618675711047856 , -0.024578673102428058  , -0.12754496638709495  , 0.17990572054117562    , -0.014960182113876673  , 0.074911147080661   , 0.122411634878516   , 0.08275928127517522   , -0.30914018065325555  , -0.02886367379885616  , -0.008221675850895099 , 0.06447929803507582    , -0.07371652209741782  , 0.022656158298318633  , -0.10907610188365788 , -0.11031620191783122, -0.16947136756261955 , 0.20407389140819876   , 0.16107739908325774  , -0.1065750106247142  , 0.045891824255593454   , -0.010955562934922213  , 0.03695133963641616    , -0.00910518349807096   , -0.09554788408127397   , 0.05260031949638333    , 0.040266233763314556  , 0.13253946059064772 , 0.05913365716174063    , 0.02300001111873161    , -0.03251633159092972 , -0.014700866322907218 , -0.14756754630560598  , -0.038919943581796734  , 0.010134030323123263   , -0.08626242494006278  , 0.05096393930761565   , 0.06236471566157487    , -0.12114771800818644, 0.26800003851952525   , 0.05781628648520842   , 0.1592205508107775 , -0.013967526938152444  , 0.23381389142793862 , -0.04754970643174187  , 0.009605154032217317   , 0.008299635069660541   , 0.009301225136997972   , 0.10944061102915358   , -0.008167553580158573 , 0.1332096954840038  , -0.1732903390725696  , -0.039566428229307476 , -0.06714013738760453  , -0.08403197911561305 , -0.1704873148403299  , 0.09901068433740019   , -0.04149481181472264  , 0.0493904472931395    , -0.04200799229200659
MAKAWANPUR     ,    2024, 2080/81, 0.0594610721838585    , -0.13747264643660534  , 0.19000757515797564   , -0.055040173398210726 , -0.015264966255317862 , -0.043534250990813296  , -0.13715782969451923  , 0.19450430323283907    , -0.008413885122176373  , 0.09718907139134225 , 0.09272055205603161 , 0.08024775868431513   , -0.30290523292115284  , -0.017518731353593883 , 0.009933649884822007  , 0.02767408174018457    , -0.085090674289706    , 0.04398008842003342   , -0.1026234262788939  , -0.11226003828866704, -0.15964542168924245 , 0.17130720759990184   , 0.16702700320720718  , -0.09527741510299866 , 0.05537917098919748    , -0.004442241967506267  , 0.004783731727165938   , 0.006825719408271056   , -0.09906429741075094   , 0.04041372737388662    , 0.07499357827939765   , 0.16020637745076718 , 0.059888289916271244   , -0.005850015123789485  , -0.02982995436966912 , 0.008852241288636334  , -0.12197208061977885  , -0.008063821704823497  , 0.05586122636362075    , -0.07928103371698124  , 0.04613819192517553   , 0.012492146811137339   , -0.13777569135732567, 0.24584439479540626   , 0.09002437497079425   , 0.13042553866198606, 0.006424004286855452   , 0.23695181895166967 , -0.04253160957504047  , 0.05012094962948264    , 0.038524982740351654   , 0.018662317246047663   , 0.06131072436836762   , -0.018628133510677016 , 0.16096204860220234 , -0.151707620887296   , -0.08560948888351973  , -0.04845253923326917  , -0.11181991870302758 , -0.12720291234916914 , 0.12002570780480502   , -0.04488255090188064  , 0.03849656854777935   , -0.049187209223403694
MANANG         ,    2019, 2075/76, -0.08121464999323597  , -0.2104406583793241   , -0.043736221139016075 , -0.0603111726344797   , -0.12954314100917422  , 0.0644779736240291     , 0.08795501348836676   , 0.027496791253041216   , -0.041840100696297025  , 0.15255189955194218 , 0.06783083268128533 , 0.020002182917991416  , 0.01673473152958867   , -0.010815440052210596 , -0.18692500645175272  , 0.0011933603256932457  , -0.04915461415216801  , 0.06671461997453376   , -0.06659179619703433 , -0.18121942878431746, 0.07989935522313418  , -0.04729974916441144  , 0.07792259060219238  , -0.125525605043751   , -0.012740312325953218  , -0.04541630288210016   , -0.018589768077549498  , 0.08720169242759031    , 0.012645495618345395   , -0.022781082544588046  , 0.00943827779521202   , 0.19962070646838465 , -0.08014748525067764   , 0.002924707813567475   , -0.06332980665986353 , -0.17897525525150854  , -0.03957374717360334  , -0.10367929551547667   , -0.0916654418752974    , -0.008124110182627525 , 0.0009152572830718976 , 0.09751248488868507    , -0.1195717856849897 , -0.10475810244373492  , 0.03389924428021099   , 0.15457776999959869, -0.04316453957257657   , 0.10877365102330225 , -0.08408890689536097  , 0.05652937368816591    , -0.0020780782557073933 , 0.021112176591081538   , 0.026969840736106903  , 0.11302967530175179   , 0.2656254031486438  , -0.06915534354834237 , -0.1725853721961131   , -0.1600604212375059   , -0.11937958898332532 , -0.08775062721107174 , -0.09379820782355996  , 0.1663394565068574    , -0.16103394219924472  , -0.02212276282247095
MANANG         ,    2020, 2076/77, -0.060145191446513195 , -0.21971990336324831  , -0.03233288440047137  , -0.07281554413604713  , -0.12405259012297964  , 0.07631156827178817    , 0.08855125311966454   , 0.005024051005034081   , -0.04743892487070519   , 0.12890232479905353 , 0.10095682517533353 , 0.04872413122948497   , 0.007148509715319612  , -0.01104614193501646  , -0.13694581272202067  , 0.02244042912439963    , -0.0627834912568051   , 0.07717883510022405   , -0.058811954264298257, -0.17972912963486476, 0.08457608298704875  , -0.029287096809584506 , 0.0504562956908752   , -0.1189588174485913  , -0.011142767636259123  , -0.051250233041210874  , -0.016799040291703003  , 0.09441774864961966    , -0.016384219517866266  , -0.008498818929209308  , 0.003011193196337814  , 0.21458894689704894 , -0.08170057915349177   , -0.02164231432438839   , -0.06683461090473122 , -0.17744554835899046  , -0.043111319450082335 , -0.11576806198530536   , -0.11165128863502743   , -0.018786515227175088 , 0.03270869419478305   , 0.10244072904816       , -0.10671924760644802, -0.10346931473847845  , 0.032227159879937906  , 0.16368940172162572, -0.04820902097433191   , 0.1209842466007667  , -0.06969858693238745  , 0.06128237006454101    , -0.01369182192481396   , 0.014292618254676693   , 0.0724856265570636    , 0.1432513686675279    , 0.24641679183442497 , -0.07334055545084418 , -0.19077718262019824  , -0.1947383000953825   , -0.08501778800261842 , -0.10554241584855954 , -0.08750391465677804  , 0.16106611956252678   , -0.16364390920939653  , 0.00010639080862082544
MANANG         ,    2022, 2078/79, -0.04340045320434035  , -0.1722754148970056   , -0.014950175469392136 , -0.06488560740279149  , -0.10674907910900179  , 0.035850484308258886   , 0.013310784177696747  , 0.03418857743861723    , -0.01271889715896119   , 0.11570241927445817 , 0.0908618898168786  , 0.03786596462313209   , 0.08925008767153346   , -0.03831048309285438  , -0.16210113387191752  , 0.029224704230126807   , 0.01429361784531317   , 0.021656019948089425  , -0.06927910045147569 , -0.16657288361558809, 0.07000826800672492  , -0.03270115824922792  , 0.06662001038513873  , -0.10939864962374064 , -0.039888069450293925  , -0.08929019768488496   , -0.017143691391334925  , 0.048287558249892074   , 0.07683383152284122    , 0.04779374503116788    , -0.0016438750575053962, 0.1367151594571074  , -0.08206530164441993   , 0.0034234052733259942  , -0.049690999022880676, -0.16398958968391686  , -0.09237859071255504  , -0.10556323296112757   , -0.1391528601494221    , 0.0149031305062709    , 0.014624177646415439  , 0.1439805564389677     , -0.10639310327845716, -0.09157904337087272  , -0.033594041634009655 , 0.21494785275075332, -0.06815407881877324   , 0.09754742538773853 , -0.09546959252156523  , 0.026166305898016932   , -0.022061122984317342  , 0.030683736786423135   , 0.04900579097125835   , 0.18545128077730508   , 0.2196460451097706  , -0.12092587601286163 , -0.1445338445417214   , -0.1668118550346164   , -0.09064829459627056 , -0.13321802288058585 , -0.1785980502484789   , 0.16166337396728062   , -0.16317124314375134  , -0.023206327091590404
MANANG         ,    2023, 2079/80, -0.05129862691150967  , -0.21155947385386845  , -0.03438809080615495  , -0.06448707995935449  , -0.15287379691667755  , 0.07350999147026747    , 0.07891346863903381   , 0.03210905304173856    , -0.023354781703538986  , 0.11856507103045769 , 0.15466823176099592 , 0.018476394821302523  , 0.030918515059697452  , -0.06637607153846185  , -0.14499576681503015  , -0.03888324873831329   , -0.03292634447688868  , 0.05200011699861851   , -0.06764372129169148 , -0.18158286177398889, 0.04750262233954546  , -0.013888005030107486 , 0.08709723947762392  , -0.09217359565277075 , -0.02258704544352804   , -0.0670715302551222    , -0.0554529160571187    , 0.05952173681076845    , -0.03571681130073521   , 0.012073507613142867   , -0.006024717235955945 , 0.14397166326810754 , -0.05258606118126576   , 0.026358832277776335   , -0.08215673930747211 , -0.1610398747941476   , -0.06266795290469583  , -0.13667560343129104   , -0.062212286634685914  , -0.05890994209431784  , 0.046558648680777366  , 0.13675803848075163    , -0.10611692048081318, -0.07203441851984796  , 0.013859959487183366  , 0.17868637556555966, -0.060997602803935326  , 0.15689258205810702 , -0.10212983530143485  , 0.027718521665470352   , -0.04476775066278547   , 0.04842061264251364    , 0.04582202523905309   , 0.1274476965653666    , 0.2328640034802497  , -0.10839950907163301 , -0.12929421067063418  , -0.16175607100666625  , -0.13282360350498126 , -0.1186010863965245  , -0.10790157526477018  , 0.1463847356271117    , -0.16642443671405882  , -0.052487294664516286
MANANG         ,    2024, 2080/81, -0.05690949357152497  , -0.22843034465875564  , -0.0033408048933947225, -0.07756394077980566  , -0.15555709039815813  , 0.07836258917402605    , 0.07669740853762068   , 0.04159021185815102    , -0.04948935123215593   , 0.13718437557024174 , 0.13785882479112924 , 0.020714673659035128  , 0.016457042549871865  , -0.04293077536966321  , -0.12380266050178368  , -0.03569633445988134   , -0.06141274828697947  , 0.0858852699703114    , -0.06833574182857168 , -0.19255864920848   , 0.07396979243755675  , -0.03866159525013056  , 0.0700490375606183   , -0.08766382849213143 , -0.0022602650136748803 , -0.06297935832257895   , -0.037339977736423446  , 0.06776853318992195    , -0.006393245853376061  , 0.006977758685243642   , 0.01121171094316738   , 0.19271864095547372 , -0.043039107800387236  , 4.576713558170193e-05  , -0.0783012166630317  , -0.1502789037116252   , -0.04367724045147188  , -0.13296379473051356   , -0.07382673279301631   , -0.051031283298259004 , 0.024247921245930122  , 0.09156402658355732    , -0.10047926880696888, -0.07318849000972583  , 0.035101905242041     , 0.14440708070025599, -0.04995514256151855   , 0.15864215230789197 , -0.08194687490423531  , 0.03352685463052479    , -0.02124095150555159   , 0.03587302813255959    , 0.06619564158533088   , 0.1272074003060274    , 0.22256483244998418 , -0.07202812761717468 , -0.15315105975734375  , -0.15687922498789417  , -0.1419221377399496  , -0.11255316151264758 , -0.09403895634811738  , 0.1513331216643511    , -0.18345709954988634  , -0.030706029927084055
MORANG         ,    2019, 2075/76, 0.006278875374948485  , -0.13489265187991914  , 0.17977229388084903   , -0.058061647715177245 , -0.0033187728606104178, 0.05886054894415613    , -0.03418970601467371  , 0.08982921492947346    , -0.041063802015925126  , 0.18402463186875703 , 0.1200666302050037  , 0.037663198124432674  , -0.28820197747349796  , -0.0488892652896266   , 0.03880160057860621   , 0.0535100658633904     , -0.20203682514178964  , 0.01233000907348884   , -0.09568059079499158 , -0.08902004573038477, -0.19953714957989288 , 0.26909300387390245   , 0.03721281092448064  , -0.031000521281360938, 0.08972778663879137    , 0.12107853580397199    , -0.006372103445936872  , 0.002352614126977047   , -0.1160793920622634    , 0.07023497734319689    , 0.07835154991074864   , 0.05888052202402531 , -0.02048294430062239   , 0.00011220668347724094 , 0.0617444150768936   , 0.14810149462217292   , -0.18726397030881414  , 0.010819619398434696   , 0.11319146149466208    , -0.03477277199764602  , 0.05745613086112222   , 0.06859459458047938    , -0.19436376955908394, 0.22381594364335733   , 0.04066049705621596   , 0.1013976280230196 , 0.05702119230955633    , 0.1500892317598925  , -0.094404738364108    , 0.0924901791188178     , 0.04122383098468745    , 0.13055601709166853    , 0.0020869993444212137 , -0.07815209647121117  , 0.21954091739119738 , -0.1350969881082839  , -0.09693417109862804  , 0.00532836866964366   , -0.11240806860768203 , -0.11437478504399952 , 0.05195128958961853   , -0.0485417093176371   , 0.02857633008029064   , 0.04933404554283642
MORANG         ,    2020, 2076/77, 0.01778221051163726   , -0.11729443385849439  , 0.19347993649677128   , -0.06944655920080019  , 0.008639149662518778  , 0.05654064929210929    , -0.043208032014949965 , 0.059793091974570035   , -0.03981041266635986   , 0.1746369074693991  , 0.11413399110564494 , 0.03506620714700711   , -0.29848844158104626  , -0.053998750118733126 , 0.03218698529141822   , 0.06914436342967634    , -0.20067249700383769  , -0.0025181651847551233, -0.11340006780525037 , -0.08426168279991943, -0.18847997361859598 , 0.29531494214226883   , 0.018167121061526764 , -0.028026780057409526, 0.07853667331525692    , 0.11904834657427792    , -0.011011522940822128  , 0.019065002718684238   , -0.10784243732784016   , 0.07205882418390934    , 0.06294172107057758   , 0.0692352709424424  , -0.01853041898704222   , -0.010994843144764843  , 0.04456588943588931  , 0.13171049604432097   , -0.19712857625358648  , -0.008925567415050623  , 0.08085826794522587    , -0.025329393365220464 , 0.0621433524491902    , 0.09467965059730483    , -0.1881329725098176 , 0.21813954693745002   , 0.045460571549185994  , 0.08545126235287626, 0.06183829921080901    , 0.15529393109283518 , -0.08343661122181903  , 0.09352070123831685    , 0.016655419169881315   , 0.09816051689027191    , 0.019210685688681804  , -0.05907889943113849  , 0.20626220793911895 , -0.15796802956048991 , -0.09396755044165252  , -0.0147271146131      , -0.10297956204220884 , -0.10849125411216382 , 0.020837024660030627  , -0.049325755069135994 , 0.038819569220789676  , 0.06390294253303071
MORANG         ,    2022, 2078/79, 0.03041033453106491   , -0.07510560454126618  , 0.1595076000353494    , -0.07176567069865931  , -0.0013219928264834894, 0.07315396049840477    , -0.049921492661044474 , 0.06068705644928877    , -0.05542290862229875   , 0.15816403968730158 , 0.1624609781374556  , 0.09600899329849168   , -0.276412601793826    , -0.07408748035080241  , 0.030345522279321028  , 0.11510450846909114    , -0.14763823177098387  , -0.05100050205456407  , -0.09465171787764237 , -0.12316960257426136, -0.2204423049866908  , 0.3150348168545202    , 0.011523100496251822 , -0.05648230401098154 , 0.04900042620407101    , 0.10565616324720274    , 0.004085258413882474   , 0.021969232348020607   , -0.09370767519556875   , 0.060894833169088995   , 0.07860180652637906   , 0.035678990489957076, -0.005634581071716985  , 0.02123442695195042    , 0.04725822728652794  , 0.1112381281211717    , -0.16673620825754618  , -0.028490960911347424  , 0.02865977903054076    , -0.02683983355233854  , 0.08382020637440668   , 0.12098014577607502    , -0.14076966953745315, 0.25801180093936193   , 0.029449638575834325  , 0.12478709790098508, 0.07100808727919741    , 0.13452596183964105 , -0.06964914766236635  , 0.023007074065863026   , -0.0026436781647939758 , 0.07626611651820488    , 0.05868085821376754   , -0.0372232955843239   , 0.17690471566609828 , -0.19598971419281094 , -0.049811417454350124 , -0.033860389016698196 , -0.06255859694639633 , -0.16816272121836318 , 0.04829619190819365   , -0.09157878101830337  , 0.016139907648076133  , 0.054663097547815384
MORANG         ,    2023, 2079/80, 0.017184818824522385  , -0.09387153552740203  , 0.16810138240255154   , -0.06178869165236989  , -0.03129670221919274  , 0.06063912899161557    , -0.04785223903492716  , 0.08158208833834298    , -0.06356407014900967   , 0.13126650322754427 , 0.16541629867853497 , 0.08608901087454231   , -0.2930437062253177   , -0.042047608306248554 , 0.02509702268949334   , 0.1428770902631359     , -0.15015757265941215  , -0.054412337079556394 , -0.10413696449595579 , -0.11549338540064367, -0.2306092414996151  , 0.31617896725837824   , 0.048641741397839944 , -0.05109632915304565 , 0.0512538551075425     , 0.09342299418161208    , 0.049790483657631175   , 0.03095887912550646    , -0.0893575439427049    , 0.059127647963867394   , 0.04521269748343831   , 0.05209605138434442 , -0.022078461347349195  , 0.008812489912813375   , 0.06648518666540669  , 0.08640610016215572   , -0.18328556807507004  , -0.034800907602316786  , 0.021495224613036996   , -0.046794317902842233 , 0.07644739184288406   , 0.11070684097544033    , -0.1293295247876002 , 0.27198305171990644   , 0.026676025315267648  , 0.1378809953198232 , 0.06625295714699428    , 0.13733920125275945 , -0.06833741028110088  , 0.028902319064604005   , 0.006172858406670688   , 0.08903565599212848    , 0.08603677464391837   , -0.06722488792553895  , 0.14925853134000913 , -0.17609599006151533 , -0.054828267107611545 , -0.056117115769545534 , -0.062276001024201603, -0.15665178940471558 , 0.04041656339960956   , -0.0748687644172731   , 0.050542061527901375  , 0.03730526485460316
MORANG         ,    2024, 2080/81, 0.01724049029880604   , -0.12219768531992305  , 0.1737759974991969    , -0.03587739326270497  , -0.0009264672071852958, 0.03640018983921149    , -0.05608311503055216  , 0.09928691083401052    , -0.0611863328372495    , 0.14691559213125996 , 0.1148179041723478  , 0.055498326776040004  , -0.3062279641541582   , -0.022553237264799617 , 0.02649662791007579   , 0.07127230367461132    , -0.17039543401540877  , -0.014417217004385745 , -0.10528164971703276 , -0.08522107105213188, -0.19333826787499075 , 0.2874827362982985    , 0.046548873575742895 , -0.041653750321737855, 0.0650545284801019     , 0.13931476232248804    , 0.03766403101612067    , 0.015259498800039286   , -0.08191362831629061   , 0.08764237869671489    , 0.07440040159852354   , 0.05560738948694223 , -0.032637243959120835  , -0.006634244677111805  , 0.06646075080983269  , 0.12364113207021633   , -0.20056338277326724  , 0.0028021372549750065  , 0.08786464257970245    , -0.044930038606778924 , 0.05038318067573072   , 0.07503457855805236    , -0.18455954956908335, 0.22763027260189345   , 0.037731358289660184  , 0.09578472182658979, 0.05056575143070422    , 0.13945903574977792 , -0.11250616141668891  , 0.07645114291248277    , 0.03212819365458696    , 0.11323988584482046    , -0.0032994300537790536, -0.08396991488112643  , 0.21269490434594238 , -0.13886151317342185 , -0.09864151659640326  , 0.008175437857118174  , -0.11091296528174012 , -0.10313189584946719 , 0.0452163613572158    , -0.06674564371472802  , 0.029340990999138457  , 0.07234786244294872
MUGU           ,    2019, 2075/76, -0.052432427920895246 , -0.22659616510489325  , 0.014744020210938817  , -0.09179450179551714  , -0.09060371718402531  , 0.017670156447636264   , 0.024099892913410324  , 0.09833043499202886    , -0.032601349963170205  , 0.12380144680080442 , 0.03991396686457334 , 0.0013462782822000656 , -0.03344675516462461  , -0.019703793234291122 , -0.10521025569686782  , -0.006292110078715252  , -0.06975761262665375  , 0.10230127634713758   , -0.0963918242224223  , -0.16771424346595526, 0.07768821522781821  , -0.06139439211249732  , 0.07284243901527035  , -0.11994099733161104 , 0.0007509200800601865  , -0.055777078867590583  , -0.0051613076292872815 , 0.05911277059450053    , 0.02507906423710916    , -0.014979258484319247  , 0.0329682770436638    , 0.19550621325056483 , -0.057974236530733275  , 0.03941951556346137    , -0.09415167027921893 , -0.1290845671081107   , -0.031513548598383775 , -0.04904086167814711   , -0.07300940415379747   , -0.0282487134416498   , -0.03285239239199318  , 0.06881466697692021    , -0.1347866359363459 , -0.08583075453849745  , 0.04789479665268564   , 0.17105584974388535, -0.005472201602440067  , 0.1051152387997554  , -0.054934722431116946 , 0.04867229536680249    , 0.022636084566202013   , -0.016004219435569695  , 0.018085114127365947  , 0.163837701927346     , 0.22906682534494524 , -0.036073373289570033, -0.2000873073920973   , -0.17676527411017462  , -0.1289570282520264  , -0.08131677610233352 , -0.0465580576613003   , 0.12190298659279261   , -0.08614999837395479  , -0.025130203765337818
MUGU           ,    2020, 2076/77, -0.032973840117738185 , -0.23104260901573853  , 0.032661494560919574  , -0.10220722586459213  , -0.08293764109165438  , 0.05445249701327751    , 0.020294909755490448  , 0.07188687141326713    , -0.03460501543876265   , 0.102409094479926   , 0.06179499889823899 , 0.006063390263565836  , -0.020021781829209887 , -0.02950346517507753  , -0.06568263330326064  , 0.003792975404536566   , -0.07859094374451028  , 0.10961765880467485   , -0.08031224310221086 , -0.1602597908308951 , 0.08297732248911445  , -0.04038469575049392  , 0.04979541313419954  , -0.10685684667119016 , 0.015042601059467996   , -0.05345376876180476   , -0.021463643012227224  , 0.052082034793762784   , 0.012345075254995634   , 0.004997967314589301   , 0.012675892561083766  , 0.19759344913685914 , -0.06391155561281402   , 0.025757644253568062   , -0.10739956267146214 , -0.16008707636519973  , -0.04180567565705156  , -0.07940764431622917   , -0.10924987834157186   , -0.04383119196853662  , -0.008982585099252286 , 0.07549487985876431    , -0.12393452375276692, -0.10469094191957859  , 0.04304814277865301   , 0.18294556166064968, -0.011120954777226166  , 0.11856502353169787 , -0.050879496868529286 , 0.0557140308853463     , -0.004023392606480084  , -0.005265560976231231  , 0.05267330923435273   , 0.19665791228861987   , 0.2139849098095508  , -0.050734005682278975, -0.19394706269415005  , -0.20205265142414183  , -0.0902206823838973  , -0.09321064701375999 , -0.040599011050782466 , 0.11103426501204695   , -0.1083587114856748   , -0.0021706146472872177
MUGU           ,    2022, 2078/79, -0.018315999085175234 , -0.1801783830572787   , 0.04679312446955228   , -0.10204936239536927  , -0.08822270552473915  , -0.0004405885721198741 , -0.0377791588178769   , 0.1029116838607553     , -0.004768603240531416  , 0.0809277896833334  , 0.08597815155210353 , 0.0048104464418729665 , 0.02396417486393237   , -0.03857508915317132  , -0.07175203192885142  , -0.005779086497764798  , 0.013121672541244774  , 0.043966475433454895  , -0.10362725470296866 , -0.15324515158883298, 0.05939224387165718  , -0.04414211724002812  , 0.0730357691904754   , -0.10159031992543449 , -0.01940451030502617   , -0.09765501747049513   , -0.006154029756883378  , 0.007374504559917797   , 0.08151520486728138    , 0.06594988626887124    , 0.015414314690626535  , 0.11484961954976736 , -0.06836697306932671   , 0.06470476066951796    , -0.09307600223794738 , -0.1329436735208671   , -0.08425238091050054  , -0.07136499148338066   , -0.12055286626882361   , -0.03101886545549096  , 0.017878582672093277  , 0.10156419467547312    , -0.1035497074978331 , -0.03248101632230389  , -0.020204155967384327 , 0.226317801108629  , -0.02473063313370539   , 0.10280577063889768 , -0.05740369050326907  , 0.013999721967282186   , -0.013344359193293392  , -0.013639489217279324  , 0.0349477980441361    , 0.21749915807010764   , 0.19280680357413854 , -0.10683525422058028 , -0.17060562922170658  , -0.17961290777115813  , -0.0951002920698564  , -0.15684836272668828 , -0.08854326138071109  , 0.13447267671628388   , -0.12299067316319458  , -0.025444744864802547
MUGU           ,    2023, 2079/80, -0.02430938170171731  , -0.21696929156990372  , 0.027043632409512797  , -0.09308684122112704  , -0.11878918465157773  , 0.034670426208450546   , 0.022949044601752594  , 0.0937854906406113     , -0.0364652178159103    , 0.09447194845140891 , 0.10243069412319591 , -0.012147649935585002 , -0.02274110710235395  , -0.04656551835605635  , -0.06762909113244572  , -0.02553702140252976   , -0.0786840521650681   , 0.10451244893657424   , -0.10311075799951286 , -0.16723123305622042, 0.05437372420237609  , -0.04782585587838843  , 0.08759415405254763  , -0.09403878771812928 , 0.009708150970871085   , -0.07368502395085351   , -0.023544550102623494  , 0.043257791540880906   , -0.0018705812695513622 , 0.025816191357839496   , 0.018349936255388985  , 0.17782552721677847 , -0.04397243083057205   , 0.0610398303252652     , -0.10886331351678538 , -0.13760997606361358  , -0.05156791130255963  , -0.09022841772157796   , -0.05534732790911679   , -0.06755698979047033  , 0.0175044162718193    , 0.08028188679390234    , -0.11530308580057357, -0.06688307024523846  , 0.038083331526003274  , 0.18106055766160445, -0.02039294883142015   , 0.13732037030858668 , -0.0681579220673564   , 0.038300757823441806   , -0.015409171039576139  , -0.001648422420403516  , 0.039039728348734884  , 0.17254787644921873   , 0.1943325359109737  , -0.0716721385519537  , -0.17524549914688264  , -0.18930380869422261  , -0.12104267349527781 , -0.11038614938321414 , -0.048091056631150514 , 0.10870609288722773   , -0.10712537688124268  , -0.03441241153334517
MUGU           ,    2024, 2080/81, -0.030897146057189954 , -0.2206678285539311   , 0.03842272767952125   , -0.09295090945275639  , -0.12373642671513979  , 0.02708908138952502    , 0.040214808460881886  , 0.09575888870506892    , -0.04695628680699191   , 0.10391822628939541 , 0.11780303329562782 , -0.0011353673918187157, -0.04904359818492871  , -0.03441760084737268  , -0.044506879133900765 , -0.04275983421676591   , -0.09737010907103215  , 0.13805267237926688   , -0.10638071556667072 , -0.18440297979672476, 0.06250992352778642  , -0.06318186206681099  , 0.07640840385817027  , -0.08014989609265284 , 0.02920861940449893    , -0.08034139112362168   , -0.02371152928587063   , 0.048552410207224804   , -0.020699309645242976  , 0.00511648510522921    , 0.03585424589299355   , 0.20440833647318915 , -0.039963432117009846  , 0.05654917693299406    , -0.12466681599580487 , -0.13703763323042417  , -0.050261371776869186 , -0.07356939846585475   , -0.034967135236605974  , -0.0807718387778474   , 0.008865233423825286  , 0.038455164706360366   , -0.10647982930710692, -0.04149838326873252  , 0.051532577853819574  , 0.14341198996252574, -0.00039613860469926156, 0.14974105942906563 , -0.04308461570215014  , 0.02437090626477933    , 0.008399940883690254   , -0.006115595748069363  , 0.050916044415700704  , 0.14443515920802996   , 0.18564751503599114 , -0.056364806759570424, -0.17010238174664105  , -0.17490296790731105  , -0.13587409910243442 , -0.14457503564594507 , -0.024484291733340567 , 0.10702305724236952   , -0.11458876144090586  , -0.03491114131762671
MUSTANG        ,    2019, 2075/76, -0.09906984772238105  , -0.19542937570135574  , -0.02074017287662375  , -0.08132352757844852  , -0.1508966323172477   , 0.11008026186158741    , 0.06793477666801469   , 0.023236013648132284   , -0.08947478841350845   , 0.1479237556485983  , 0.08625123582895584 , -0.004750595744974687 , -0.011066026079487874 , -0.016807925635472513 , -0.14080891860791717  , -0.003303187129084369  , -0.07130365085903424  , 0.09361323976886533   , -0.024213126806704316, -0.18581472147317554, 0.07620662644750117  , -0.05425724753347638  , 0.07901561792538522  , -0.1201740239464771  , -0.05623521240660577   , -0.03516644633317105   , 0.009755378848620204   , 0.07558267642879679    , 0.016091425875010622   , 0.025107320245402024   , 0.0355145584275358    , 0.2296481259757465  , -0.062100346356655844  , -0.04127871306252738   , -0.051239106998464595, -0.16488725496724024  , -0.01654705501511362  , -0.09604477832681789   , -0.11312455232891343   , 0.0004063760793009583 , -0.004547452660400537 , 0.06850067157295545    , -0.09221257763823797, -0.11045612135513126  , 0.09523646332014422   , 0.12002155806106703, -0.014962979702636535  , 0.09140440468428433 , -0.06731305660566457  , 0.03982435669050636    , 0.018337605044601614   , 0.0265820492145339     , 0.04590759598420482   , 0.09907655864412507   , 0.26995138487162235 , -0.0253710532166876  , -0.20241719401321953  , -0.16170704544873332  , -0.14517705609726272 , -0.06784315599932422 , -0.09241034862649256  , 0.1321044394960349    , -0.2236721675427314   , -0.02806976296865547
MUSTANG        ,    2020, 2076/77, -0.08571907766336095  , -0.19971850400800323  , -0.010789901431964068 , -0.08342129209060362  , -0.15073840236278485  , 0.11973527713376976    , 0.0663943805080928    , -0.00031375523744184194, -0.09381505363180104   , 0.12609159939567066 , 0.12156077365653119 , 0.019268032724075932  , -0.023494362864310142 , -0.025078185758783317 , -0.10037962510912382  , 0.004126629846563833   , -0.08340590093825696  , 0.1093918223115903    , -0.006945056482769503, -0.1881413977197575 , 0.07170006070615553  , -0.03506496606149656  , 0.048135977458858704 , -0.10750082327357331 , -0.04336539730508151   , -0.040797943893314724  , -0.005747636663374344  , 0.07825647998669538    , -0.00456999409451652   , 0.02859566705016508    , 0.03320752981026509   , 0.24007970009600035 , -0.056951487551847355  , -0.054603435023041484  , -0.0633489552385917  , -0.16160274655290408  , -0.01719538295806111  , -0.12150835714599792   , -0.1328105661674883    , -0.01423659020947777  , 0.026378824432767144  , 0.06856406787885409    , -0.08328082244159977, -0.11997401055440204  , 0.08842065717759462   , 0.1185787347847785 , -0.018909941662831962  , 0.11242678239246241 , -0.05232360368441952  , 0.038551773754795696   , 0.0030550652172576026  , 0.01845071986827816    , 0.08978296198335224   , 0.12314782662512072   , 0.2521387275665609  , -0.02860728612708568 , -0.20250657182450554  , -0.1854110541518555   , -0.11639913283778192 , -0.09129298587170027 , -0.07747170383097923  , 0.12282056208958186   , -0.21852947512028625  , -0.012655147630256484
MUSTANG        ,    2022, 2078/79, -0.05771645850681982  , -0.15892243751323168  , 0.016794608587994145  , -0.07983823536599084  , -0.1281609819216849   , 0.09090790480682419    , -0.017999074666461636 , 0.027630169631787695   , -0.06654272493777229   , 0.10496574067898641 , 0.12017829769870522 , 0.0075236964368654725 , 0.051223659463729455  , -0.0407402445289553   , -0.09640770667915828  , 0.025911439751767348   , 0.001695000845235545  , 0.06453533620469067   , -0.020984064289898453, -0.1718510677783959 , 0.062356343368883835 , -0.035132476948507844 , 0.0623357824500508   , -0.09147947481266248 , -0.09214332138568408   , -0.07620783268361032   , 0.005843107497195772   , 0.02946079492346694    , 0.08382449918392909    , 0.09409187917985787    , 0.028103985100442343  , 0.15830494981935497 , -0.0589104745413588    , -0.03797871616610334   , -0.05011055083654957 , -0.15961868445456104  , -0.06494108042737033  , -0.1164606215292448    , -0.18577985705817093   , 0.026226024593766797  , 0.025788892739069574  , 0.10628309974583428    , -0.06565620814430545, -0.09214694611456417  , 0.019393120884722344  , 0.17943898966557256, -0.03247521384638085   , 0.09119830255899743 , -0.07801807082616796  , 0.00480459097481754    , -0.019615680099935733  , 0.03213050999839611    , 0.08719227205749425   , 0.1775694202321064    , 0.2180693358814777  , -0.08036951949074778 , -0.1673304091084146   , -0.18138346726942     , -0.10069290909791183 , -0.13961386364104844 , -0.17114606605525204  , 0.14142216386846174   , -0.2189499721221755   , -0.019991597461638796
MUSTANG        ,    2023, 2079/80, -0.06586552429174064  , -0.17907143449664978  , -0.004598498484004416 , -0.06801287470404672  , -0.19154463022292564  , 0.10701259998457657    , 0.04699084913366535   , 0.030108240634432168   , -0.07273421265068834   , 0.09999454166897521 , 0.18517796796323674 , -0.016585194483202136 , 0.0059917000207805006 , -0.08236263702850471  , -0.08411253012940492  , -0.05366743686764516   , -0.05304515537634254  , 0.08874649210045585   , -0.011989345852603094, -0.18609130921479414, 0.03562452870650076  , -0.02682330914915641  , 0.08545770315782948  , -0.0842444487490661  , -0.06782869402562045   , -0.07065167992100811   , -0.03726317634453586   , 0.04311530040475871    , -0.015065837637275373  , 0.054109520801825524   , 0.029446240323424737  , 0.16882339764088306 , -0.034467957710060754  , -0.007898729819467694  , -0.08353876972022523 , -0.14057395708636428  , -0.0471289804340684   , -0.1436935959729152    , -0.09383855385581219   , -0.03847604916059995  , 0.05077988828936617   , 0.09354777840276109    , -0.07767812457338408, -0.08135544318123655  , 0.07440478209248393   , 0.14438143679117485, -0.028440471018554184  , 0.15549838507886232 , -0.08006414578458254  , -0.00367005525466308   , -0.030289333864783812  , 0.058890723576550105   , 0.07131216776724547   , 0.10539099877673412   , 0.23615465730942267 , -0.06006384225783804 , -0.14536980919741507  , -0.14391391390565228  , -0.1633677617415401  , -0.12225180670173726 , -0.08887765030403375  , 0.11515362570993294   , -0.22445307771963666  , -0.071484000877159
MUSTANG        ,    2024, 2080/81, -0.07200687262602701  , -0.2042151280616075   , 0.012177885331905707  , -0.08400942088859246  , -0.18923074715012686  , 0.10313036640497424    , 0.05512448258235354   , 0.03587818186333526    , -0.09909444330585467   , 0.11156844170561223 , 0.1684645472735702  , -0.009928628008409964 , -0.012499114884732583 , -0.060841895190721855 , -0.061274260223305704 , -0.04214456851904101   , -0.07309382309202282  , 0.11211387299081013   , -0.01890412577502255 , -0.19750656047696874, 0.05555681214603294  , -0.044144905782381984 , 0.07382251920089464  , -0.07742520926001187 , -0.04607705933172392   , -0.06344039310649052   , -0.013655340191519972  , 0.0644567496624525     , -0.007935659918215213  , 0.04339532423918662    , 0.035061936823748086  , 0.21918101633460002 , -0.04174344917537941   , -0.022728174643807386  , -0.07503927629264484 , -0.13819469106623794  , -0.02424229875179865  , -0.13393096582444364   , -0.087423706832332     , -0.04998064659497632  , 0.04703080054327412   , 0.06053017833555141    , -0.06668441599547134, -0.0581506452599404   , 0.09492423187479565   , 0.10689747887072862, -0.028766820277393388  , 0.14803067769984388 , -0.06655691242927131  , 0.007265957069129689   , -0.007892183648761318  , 0.043256813247103766   , 0.07584526602100863   , 0.08317652657338204   , 0.23187670462207227 , -0.03463707567938539 , -0.1547523025917613   , -0.14551534593210633  , -0.1717817411218375  , -0.1296757831471652  , -0.07059711971788019  , 0.11614335996598633   , -0.2449453280561536   , -0.051572925837429694
MYAGDI         ,    2019, 2075/76, -0.038426910843665986 , -0.17241731854946998  , 0.07338176496580484   , -0.05783352530970787  , -0.06698479454656123  , -0.020022246893503123  , -0.012308062856306467 , 0.09915072379769818    , -0.01487841418211932   , 0.1233857377185901  , 0.04117163545839664 , 0.0011847491958170225 , -0.09714965934482922  , 0.0010630650860537958 , -0.10536174529077746  , -0.038971676745912065  , -0.10576788773319577  , 0.08026815325743661   , -0.09654569017301667 , -0.17200772708295792, 0.039171478683785926 , -0.030285814975741527 , 0.09687889148837356  , -0.09784674981254728 , 0.05401848125030627    , -0.07543973208914814   , -0.0247795427576997    , 0.039040521825796384   , -0.04517134463053645   , -0.044162945408349114  , 0.013131768344675259  , 0.21731780936501033 , -0.030657972509449155  , 0.013902382508966287   , -0.11377828302325725 , -0.1351530871785388   , -0.043501444332112206 , -0.0653436387927036    , -0.04321611868299536   , -0.025634969820235165 , -0.026369387701526414 , 0.03617976284782341    , -0.14867009839685472, -0.05958663758277721  , 0.0329740958637073    , 0.15517072595512948, -0.015402079661487968  , 0.16464979240135377 , -0.009644953618499099 , 0.07811720115514159    , 0.015118377347703507   , -0.018953976431746462  , 0.032885284210077845  , 0.11650537471562823   , 0.1901378409260479  , -0.09772771727533146 , -0.1453580393115479   , -0.14496746706056138  , -0.15684079099405462 , -0.11395928758247334 , 0.0025633838341371992 , 0.08880274835779367   , -0.06770963337814395  , -0.06738764452490291
MYAGDI         ,    2020, 2076/77, -0.020027369323979013 , -0.1756443284155757   , 0.08036085650262328   , -0.08452083430812816  , -0.05814606155638544  , -0.0055629348292280684 , 0.005114328210942979  , 0.0748229127345419     , -0.016461357060839153  , 0.10689742226849328 , 0.07384334642356837 , 0.013463074883233101  , -0.09988761130650899  , -0.02288696747503253  , -0.07538859613174588  , -0.027830715529167657  , -0.10579849292890772  , 0.08720322772920565   , -0.08272875758801462 , -0.15720373503641277, 0.04283819060087091  , 0.0026801224315083486 , 0.07473764082051176  , -0.08946999856186334 , 0.054425299090533015   , -0.06775333178763465   , -0.043355750742258975  , 0.02382118550956305    , -0.0739256357018136    , -0.02403891699698443   , 0.010441781760844634  , 0.20453143004569355 , -0.027780704636136622  , 0.0192237285473176     , -0.1280448089879201  , -0.14059201177696798  , -0.04889903699375277  , -0.10009404604160116   , -0.06815078281813032   , -0.02840524070167997  , 0.011940350437608318  , 0.059985357638604      , -0.14827003800219152, -0.054415146829737235 , 0.03045180728977589   , 0.1680987669744691 , -0.023787214491087907  , 0.19030071034221765 , -0.02375966313660773  , 0.06722477474035059    , -0.010377977797497053  , -0.023468190453764765  , 0.06854961582316137   , 0.14932074782872004   , 0.17946242748908492 , -0.11812719111409357 , -0.1290146063978425   , -0.1591535481921394   , -0.11799444759550716 , -0.14541369924169578 , -0.0006888236031676128, 0.10941834687528022   , -0.08476771240650727  , -0.03958083120579576
MYAGDI         ,    2022, 2078/79, 0.0045961013475309944 , -0.11525113085232126  , 0.09490501359737376   , -0.056484561763438294 , -0.04382327083185993  , -0.03913346829133698   , -0.06393160707300245  , 0.08231156465267844    , 0.013251318184618808   , 0.07891627841569793 , 0.06900414772895096 , 0.031014379347675872  , -0.04332274671897343  , -0.022776080940451734 , -0.09834269807651703  , -0.01900329900943805   , -0.02049829194387953  , 0.026340743834281973  , -0.101343426209874   , -0.150070153470541  , 0.009768671277331798 , 0.013400077845998004  , 0.08078827834130811  , -0.09203737565145481 , 0.0062251572629241775  , -0.10446204814105244   , -0.03112672476722404   , -0.01564103679654026   , -0.002629278950898004  , 0.02111316724120761    , 0.002731550148931315  , 0.1475528395613441  , -0.02991094329820025   , 0.05396259876389359    , -0.11555870053643405 , -0.14621164588704738  , -0.08835205606017651  , -0.09025415097860881   , -0.11215841562686152   , -0.02088152787940867  , 0.020483159808559658  , 0.1072230658649278     , -0.12988197790848566, -0.015514960858539824 , -0.04781323535943843  , 0.20291465204787132, -0.02935440392536362   , 0.1596456083127523  , -0.02869894658485832  , 0.011075361725820774   , -0.029905087776937848  , -0.038182357878815645  , 0.05962405352839811   , 0.18770425075283173   , 0.15007214165385338 , -0.16978427179456154 , -0.08907852595231093  , -0.15504495054718415  , -0.11600334611094953 , -0.19804943094589647 , -0.05594509868670248  , 0.08971010651328289   , -0.0933109777956884   , -0.03700695104789258
MYAGDI         ,    2023, 2079/80, 0.0016229534280644674 , -0.15570285912729262  , 0.07371538028683677   , -0.07057111682844135  , -0.07844306606820559  , -0.002025226026513127  , 0.002642264534363741  , 0.09171459693631182    , 0.00401317514762256    , 0.09579447592068994 , 0.10590286554492284 , 0.0056147579214627435 , -0.09330590746869351  , -0.044824664202356916 , -0.08202167161700187  , -0.046550123894908715  , -0.07627919402050339  , 0.05798039036519183   , -0.10011869888424282 , -0.16456796742174107, 0.010592154868027288 , 0.02347211991030105   , 0.10069695394051503  , -0.0882827603714449  , 0.0437457182078545     , -0.08789032471750728   , -0.03532394211014786   , 0.0036336519392782167  , -0.09770218928202279   , -0.014982682878497253  , -0.00798877499185663  , 0.15583709696544273 , -0.007468073608827996  , 0.05207321040358387    , -0.13081637748256864 , -0.1305930181606035   , -0.07633526910545797  , -0.10962747870567165   , -0.03500350497574121   , -0.06741232791467332  , 0.0387902992448478    , 0.092446909065432      , -0.13699432716198787, 0.00450200440559413   , 0.009030958755624414  , 0.18757259533983245, -0.038201092309364394  , 0.21507154914829799 , -0.04966006614100319  , 0.032780515799874434   , -0.023637211802064673  , -0.004602958869982402  , 0.06545694327535485   , 0.12055389494902911   , 0.14848868311111618 , -0.1388675683315253  , -0.07845342240775505  , -0.14292147747268247  , -0.14084761555891345 , -0.1780170835051062  , -0.009150260854478627 , 0.09515277571247126   , -0.07640711192517305  , -0.07026291590952892
MYAGDI         ,    2024, 2080/81, -0.005257595046786143 , -0.1877691819016623   , 0.0918700266474348    , -0.06651366982101534  , -0.0773382537104285   , -0.01942741116925947   , -0.01624377642542071  , 0.10749225904396396    , -0.012025068922402692  , 0.11767782311278943 , 0.09047220245178275 , 0.006007385188280053  , -0.10057752151329907  , -0.026388831667498686 , -0.06951532800653613  , -0.042425698561846414  , -0.09034570684834145  , 0.08999511872595899   , -0.11529118883929713 , -0.17825969011693424, 0.024885212084412398 , 0.0016814190140016477 , 0.09624276256801402  , -0.0926360285453385  , 0.041276485554804225   , -0.08737282986134569   , -0.007688346609999108  , 0.018359725658373703   , -0.05879320225758357   , -0.017976618963082766  , 0.02455695178008563   , 0.19209731023227516 , -0.0040403840436505755 , 0.03170049189138141    , -0.11841705244987533 , -0.11598360153098804  , -0.05708261026455018  , -0.08729768151036217   , -0.03733435828072398   , -0.06477866099399762  , 0.0153702769701423    , 0.04223336140646469    , -0.1411048674573758 , 0.0049289288933985495 , 0.025186401399449318  , 0.16073247822928968, -0.024554832186626966  , 0.19673153460742324 , -0.044909617857978076 , 0.04131795440623125    , 0.00019157737130884485 , -0.013661563153366934  , 0.057861599162990975  , 0.11012540766425175   , 0.15304250372707773 , -0.11267868327128068 , -0.10805244690167697  , -0.13151928500059812  , -0.15380548310227216 , -0.17032540728283826 , 0.0029266822992316233 , 0.0881482873374891    , -0.0893035394624783   , -0.06100849170919487
NAWALPARASIEAST  ,    2019, 2075/76, 0.046514984717259865  , -0.11579251809646493  , 0.15744252890120164   , -0.04056984826350118  , 0.012458536046408281  , -0.02652431813762579   , -0.12360275531668617  , 0.20275703341020684    , -0.02966226545314998   , 0.11408155217011275 , 0.08712782416005772 , 0.07221012255397935   , -0.31138483763532215  , 0.0028823864922143    , 0.022489305883133078  , -0.0035286728364490438 , -0.144134993478699    , 0.03162435258710309   , -0.09706554256482151 , -0.09573506372960364, -0.20599446797145213 , 0.1820031510025215    , 0.15039178357102345  , -0.07889233455337531 , 0.04347366362389583    , 0.0673398001887568     , -0.0035949306488705143 , 0.03460615721141035    , -0.0638689627425371    , 0.03252246174986526    , 0.059554603526706815  , 0.1819929222578722  , 0.04173523993681373    , -0.01772578612467946   , 0.016647859475083224 , 0.0574546201386502    , -0.13918009588693572  , 0.01475172565485711    , 0.10549116961262357    , -0.04386397171487971  , 0.04420406435739706   , 0.011280492018395457   , -0.15049799768754285, 0.2052432724170665    , 0.09693912739285074   , 0.11296913259347295, 0.035680432979684394   , 0.19212598952564774 , -0.07514292533706422  , 0.09350801512946152    , 0.04876499751509801    , 0.07740990770820498    , 0.02649753745107404   , -0.0677338827442123   , 0.20531815561255637 , -0.13736781815436433 , -0.14299709049547663  , -0.007465908401766455 , -0.1124156815039026  , -0.04790988448012125 , 0.11271699787958157   , -0.08253150787616766  , 0.057303453870653595  , -0.03874212048086228
NAWALPARASIEAST  ,    2020, 2076/77, 0.03166036996796541   , -0.10891092759795597  , 0.15569672030979284   , -0.031544670033459836 , 0.0470259107295959    , -0.016872475046915924  , -0.15342029447179475  , 0.15279065837298422    , -0.011783766937324282  , 0.12936906223273073 , 0.0839904520914487  , 0.06624571616878082   , -0.32542928942442517  , -0.019149916524580236 , 0.01189541411325993   , 0.0071602245928237196  , -0.1732887338338594   , 0.0419601011487803    , -0.09297358826259552 , -0.09691594571695965, -0.17097665898192776 , 0.19749924842337518   , 0.11223286327882526  , -0.06226720453990228 , 0.06692323848580128    , 0.05802566708066032    , -0.04521725877772945   , 0.031060695587433507   , -0.06881550720177736   , 0.02881833014289753    , 0.0653957938933384    , 0.18350502648370265 , 0.02853785691262149    , -0.03858807413667678   , -0.04276326739254886 , 0.028963435544660254  , -0.14044123314763865  , 0.006836363718525011   , 0.07566223258569117    , -0.027379332613997134 , 0.03601943689306496   , 0.012012553134049156   , -0.16534417282987285, 0.182193198946579     , 0.12189233327675911   , 0.08763162277449155, 0.03307878113734304    , 0.20184001447617927 , -0.041832948689413146 , 0.09249204216035042    , 0.03281754636908189    , 0.03282284670019145    , 0.03425176176487498   , -0.023402729821075958 , 0.21033838435339597 , -0.1703505729665624  , -0.16525720742594358  , -0.029568578874383807 , -0.0938978167142187  , -0.06234382396694697 , 0.08044377624261105   , -0.07927323862390614  , 0.0688333846542962    , -0.006751040657126265
NAWALPARASIEAST  ,    2022, 2078/79, 0.06093530693464418   , -0.035082100284525436 , 0.15209546868197282   , 0.003445787067053389  , 0.022491113730226237  , -0.017870461790110235  , -0.1711799042562508   , 0.15081259648344855    , -0.0012203419537943957 , 0.09577150410956166 , 0.11279289920758447 , 0.11937361445420347   , -0.2831144595419055   , -0.019635148373036124 , -0.009718884350337699 , 0.0674718740961019     , -0.06116262326639382  , -0.005365545526382463 , -0.10256158605448215 , -0.09605828288840004, -0.22431645723679705 , 0.23632869467425308   , 0.12581325511081823  , -0.07766521735207026 , -0.0044051087679315565 , 0.02202780445450291    , 0.0008019778833833981  , -0.0008577673695446488 , -0.038820315396944416  , 0.06678086031265883    , 0.06886867497897534   , 0.1298173211396141  , 0.028983432124991403   , 0.017185149233366233   , -0.022412019628016644, 0.02549356511820774   , -0.16596146659851102  , -0.009947169766601791  , -0.007839767510405502  , -0.02978017844182941  , 0.05207029277297074   , 0.10035960530175209    , -0.07604396732987276, 0.243930060403076     , 0.03532610463426811   , 0.1241855702847904 , 0.03277425413135845    , 0.16216066666892662 , -0.014240856760082047 , 0.007519076613098659   , -0.01660582592577285   , -0.028293081926321694  , 0.05815884773588858   , 0.0028909031003512627 , 0.18144373739198796 , -0.197295487578249   , -0.08564785227207138  , -0.05488896079732159  , -0.06154620768663512 , -0.12672445169950436 , 0.0757305753979762    , -0.14298399170448212  , 0.06309933137514664   , -0.010008841936541708
NAWALPARASIEAST  ,    2023, 2079/80, 0.05901386466937448   , -0.08075835154612179  , 0.15195484333292705   , -0.023070478945809093 , -0.004292811875616302 , 0.008307959490369455   , -0.14009948236974842  , 0.16742633031533205    , -0.029610276661454743  , 0.09090815265450386 , 0.14663952814233838 , 0.10391103419979562   , -0.3070125743810754   , -0.01941730578257775  , -0.0004883820582301458, 0.0826856716540451     , -0.06259123246435079  , -0.010414328893757173 , -0.10782459890949415 , -0.10177307881551889, -0.2152990763611697  , 0.2509874468710123    , 0.1432018708024262   , -0.09271486449492013 , 0.01990061858923454    , 0.014812848566164466   , 0.05840463414582977    , 0.009650993638903281   , -0.04176864288753288   , 0.04380572494273913    , 0.048118005973501105  , 0.12857775335244534 , 0.028962715315258653   , 0.0076428971668929865  , 0.0031504897316832936, 0.008065319705240223  , -0.1658197629082024   , -0.022926401057468074  , 0.0029329892781986065  , -0.050033595975615366 , 0.05747235655914504   , 0.08281527708341423    , -0.0919410914448403 , 0.2859938359240557    , 0.050577936403652     , 0.15961690525767883, 0.027564638230944443   , 0.17482592342456993 , -0.04849403995351178  , 0.014478220439022135   , -0.019133702206712535  , 0.021174790444458986   , 0.09999082841944283   , -0.0305147941996298   , 0.1467832616499138  , -0.16587080162769777 , -0.06504396876400682  , -0.06226042850915327  , -0.06405448159629044 , -0.14742291917772363 , 0.08452706825455049   , -0.09508276842863154  , 0.08683129602369756   , -0.029012027201954012
NAWALPARASIEAST  ,    2024, 2080/81, 0.05726904533695574   , -0.11617272492723207  , 0.17087588640602305   , -0.031155808318019243 , -0.013848763525212018 , -0.01966783101080682   , -0.14357112661683788  , 0.19382642461061686    , -0.028266496126638528  , 0.1094524118330534  , 0.12969618126074892 , 0.10165764222213676   , -0.3029395693710803   , -0.01817743670272248  , 0.0019771476728717586 , 0.04462095328014302    , -0.07755896534214043  , 0.019085370107164594  , -0.10044611099328701 , -0.10124312259514331, -0.2208137952828171  , 0.22937925970613765   , 0.1432300511378064   , -0.08637668363910121 , 0.030711977526079164   , 0.03888673469783562    , 0.04060494323585528    , 0.02261521798313109    , -0.05599753543973229   , 0.05494726323096978    , 0.08172932452262381   , 0.14451339589514473 , 0.04691364343142416    , -0.004263879055220396  , 0.02074319085806578  , 0.05514632372404877   , -0.14358403837260042  , -0.0010125695942403334 , 0.057099044334084775   , -0.04275283115630614  , 0.058749875575746256  , 0.051144109984995294   , -0.1134658526701282 , 0.26462024761602665   , 0.07017557193493565   , 0.12859569160443501, 0.0374205307934912     , 0.1786545792729266  , -0.06342559644740185  , 0.05411532522412658    , 0.022922525001416505   , 0.04878580860478477    , 0.04542073527624778   , -0.0487217103989424   , 0.1798965288129455  , -0.15336196791910076 , -0.09363287795872484  , -0.030823616878679252 , -0.09200209042837618 , -0.10418943428303519 , 0.115402739407378     , -0.09352776613084922  , 0.05084943723254528   , -0.014064840013957376
NAWALPARASIWEST  ,    2019, 2075/76, 0.030041076933237675  , -0.11642862917426015  , 0.14817435811598317   , -0.01382774849964003  , 0.03416220221758622   , 0.0419778243416735     , -0.02393455289011116  , 0.14773155115146824    , -0.08663281906581219   , 0.12337123664735744 , 0.10214283511296228 , 0.09614985674227329   , -0.3139909651252656   , 0.06599056779605446   , 0.05523247768892436   , 0.05591443420301921    , -0.16482701010162412  , 0.019755895834713637  , -0.11171103652996818 , -0.14595554752685405, -0.20491318322835939 , 0.22415913504589244   , 0.11220178159163648  , -0.039813713205703774, 0.024956956637590257   , 0.13176208772518247    , 0.035878875648476735   , 0.06265469990019669    , -0.007895704050764752  , 0.04380527409022839    , 0.08439475544041715   , 0.10992033587475077 , 0.01638340813634753    , -0.03738181742449234   , 0.10174648821463078  , 0.13378442215203443   , -0.17058176546337672  , 0.03355753570268269    , 0.11697522859699008    , -0.02065449456191025  , 0.08561925791176668   , 0.01413425691286198    , -0.16691146503334142, 0.180668986757241     , 0.058589497099919854  , 0.11334661499562643, 0.07783983992356353    , 0.12352150273008905 , -0.1483434251879434   , 0.08004952584092852    , 0.019202198263192326   , 0.15035598303867928    , -0.043133537786189426 , -0.12785036741080746  , 0.2358856203398367  , -0.12262039083895879 , -0.12738274487807166  , 0.039764157411545445  , -0.12116591363682842 , -0.05972198304578267 , 0.09446214646695875   , -0.07771079157812402  , 0.05167617841041706   , 0.026595165686371002
NAWALPARASIWEST  ,    2020, 2076/77, 0.014654912899872186  , -0.11205705969809662  , 0.17726312666586147   , -0.020288106873168683 , 0.050135436045296515  , 0.05701876282631171    , -0.06570843212374326  , 0.09108783810472583    , -0.05937906132572782   , 0.15314345350863523 , 0.09869320112401066 , 0.08500532750167235   , -0.3005819943654224   , 0.024731480197199722  , 0.046441104419128784  , 0.06923620611643164    , -0.19661514770640334  , 0.004775911365859567  , -0.09947622423538716 , -0.1399898382575297 , -0.18769322319666276 , 0.23388899679833394   , 0.08258925922360255  , -0.012145828132041927, 0.042035610904336974   , 0.14117584384388476    , -0.030145041014462397  , 0.0762347870594906     , -0.0288053241025929    , 0.02814382119143159    , 0.07499078789557144   , 0.1272582047966887  , -0.006643844912332236  , -0.06072837202307012   , 0.05404407402873962  , 0.11037004831474609   , -0.1720365657267763   , 0.024226509547700625   , 0.10542775312977139    , -0.010595332139004524 , 0.07258985554756392   , 0.02151265404407972    , -0.19533128893387067, 0.16234625661158997   , 0.09846164581570908   , 0.08110986601865874, 0.06844593007103918    , 0.1324109407888219  , -0.11592515633563104  , 0.0995029998433382     , 0.016690421321992756   , 0.11172023067998427    , -0.024342623511953168 , -0.10151769685479828  , 0.24946476376279506 , -0.15304197305758876 , -0.16272453587745878  , 0.016553443561947084  , -0.11677896124482737 , -0.0585493694406019  , 0.07671947574675061   , -0.08856188562874222  , 0.07843384455401183   , 0.03547865363118927
NAWALPARASIWEST  ,    2022, 2078/79, 0.01424229631359705   , -0.02004733562829472  , 0.1493956263430208    , -0.0037318968781391904, 0.02006147877804652   , 0.07035850542238689    , -0.07250987465690716  , 0.07608236492538105    , -0.0744569540059742    , 0.12640143001534673 , 0.14122134288123925 , 0.13180242465226263   , -0.2906047198072271   , 0.030420736303303768  , 0.021579708855139358  , 0.14149438861353755    , -0.0933951462008618   , -0.04048813072969491  , -0.12715438547419397 , -0.13782946917146618, -0.2545602660083434  , 0.2930437532417084    , 0.09252495281752206  , -0.04171236199689626 , -0.0031101038563913614 , 0.11404542526943186    , 0.03924652684403883    , 0.04473757285953908    , 0.008520927762585737   , 0.07326914796119008    , 0.08212530067933294   , 0.07825970036489253 , -0.010424980431276149  , 0.005722383546162509   , 0.06142771508940163  , 0.07270370910372696   , -0.17273386649121625  , 0.026259899483882722   , 0.038348635439482484   , -0.008496056025173133 , 0.0801815635452493    , 0.1050054789677191     , -0.09878493638074717, 0.2339088883419377    , 0.030650431305388474  , 0.10147404762197744, 0.0732188742019174     , 0.07797403591163489 , -0.08924798788217857  , 0.01670056272845994    , -0.028645721246645543  , 0.03715046929536537    , 0.01691980467677244   , -0.08668803683212543  , 0.22219666763872742 , -0.184892135689998   , -0.0698620961151829   , -0.019760903808071384 , -0.09464075845053702 , -0.13907382274910482 , 0.049843571570657066  , -0.15537071415467535  , 0.04766904201002627   , 0.036984045572825815
NAWALPARASIWEST  ,    2023, 2079/80, 0.022249632248348368  , -0.03561405184627536  , 0.14765847785703223   , -0.0003480220230344959, 0.009992672892076686  , 0.09562891977693237    , -0.06755689649025941  , 0.09838184871308009    , -0.07176503481194559   , 0.12216818594502588 , 0.16406302783114649 , 0.1179346273409032    , -0.3110652493437327   , 0.04318741436023542   , 0.014643129384312644  , 0.14610168014656705    , -0.10280838361626778  , -0.0392479567636767   , -0.12419839473484276 , -0.1454582777926529 , -0.2525528169910029  , 0.29882634820655984   , 0.104185946931521    , -0.05291074687861984 , 0.013085321298830069   , 0.08812648256405498    , 0.06550362943413203    , 0.04429395613702754    , 0.004887516438320306   , 0.06586203600368087    , 0.0713350662468054    , 0.07639356111371652 , -0.010139020024542995  , 0.004543328146527083   , 0.07437453402632105  , 0.06967546323806559   , -0.18103879038968512  , 0.010435177493657669   , 0.032032201073129526   , -0.002641328199272627 , 0.08722943801354174   , 0.10042086338742315    , -0.09081232713777948, 0.24497486757662915   , 0.038517608087331685  , 0.13554163036381703, 0.07935096302517039    , 0.1002819907448721  , -0.09519460684128055  , 0.022581409981043663   , -0.04054940755153985   , 0.06357390008680558    , 0.030994147819950944  , -0.1004376528082663   , 0.19119856100324464 , -0.18303688372488813 , -0.05083407072121902  , -0.026230888249438783 , -0.07194392341771315 , -0.15080061937940528 , 0.035036401465688025  , -0.11849376052080463  , 0.08846247581061803   , 0.021793048410527056
NAWALPARASIWEST  ,    2024, 2080/81, 0.02002589318170847   , -0.10405204345306171  , 0.15411859596234412   , -0.009049221698868053 , 0.005626711571412063  , 0.04942495016499037    , -0.062346211957482224 , 0.12420401381446888    , -0.07462595803269605   , 0.12417170091965377 , 0.1328254805915567  , 0.09516561973428549   , -0.31829356019664806  , 0.027840580099857053  , 0.033096222200414006  , 0.08661801157692776    , -0.139807288467619    , -0.004992757994835301 , -0.11230388019205928 , -0.14466690214912126, -0.22847565082525154 , 0.2678756557345609    , 0.0841015952533724   , -0.04428639032073933 , 0.02250586127305337    , 0.12916775796994326    , 0.04861669843249856    , 0.0362767320356512     , -0.01706988797469034   , 0.06844526291288013    , 0.09052877806396285   , 0.08402165081349214 , 0.009905507662673427   , -0.02733495331309443   , 0.10464000839152587  , 0.13172591219317328   , -0.1630272973125774   , 0.022939470429646357   , 0.06283842836461352    , -0.013591539141847131 , 0.07577417713094077   , 0.0519457552828896     , -0.1435988607451569 , 0.2183437037513806    , 0.035403807567024805  , 0.10568163264061894, 0.07102804750819125    , 0.10933087145922807 , -0.11483452128797429  , 0.06370431966573042    , 0.0053834731265009345  , 0.11160236922914167    , -0.009462115403080718 , -0.10610990697550855  , 0.22564661035621686 , -0.15186811401307496 , -0.10475135211322202  , 0.009542464224706787  , -0.10020270073791716 , -0.09275846316999145 , 0.08767124896518184   , -0.11423308084487256  , 0.052922294684500354  , 0.03342137706992538
NUWAKOT        ,    2019, 2075/76, -0.005364542375577253 , -0.14253267444798648  , 0.16696404189787498   , -0.08360135632297863  , -0.02060426903961718  , -0.06504519745555264   , -0.10737315983396117  , 0.16570732144181       , -0.011426676991254369  , 0.11330825021132904 , 0.048117615283170004, 0.010087933897140787  , -0.2719218210712564   , -0.014248681655685689 , 0.03498122530158074   , -0.07537581113447638   , -0.1575218726977214   , 0.07704807451427126   , -0.1307687451753965  , -0.15889707426474775, -0.13635817808200507 , 0.07645498978949851   , 0.11424052590828244  , -0.09004689866892938 , 0.07451203505655722    , -0.00042994735580827756, -0.02958964989032616   , 0.018454592091746436   , -0.08550587565215849   , -0.022234698434694427  , 0.03407055998826655   , 0.21441342153988632 , 0.03014933887555675    , 0.00790745500012806    , -0.09202505713583681 , -0.045419558864959235 , -0.07033282197232824  , -0.004578360249216262  , 0.05240203718112244    , -0.006040978186516313 , -0.0058287056112461206, 0.018236731574567195   , -0.18465590956515684, 0.094929107882107     , 0.09801072194931668   , 0.11756683025474338, 0.02618191933283153    , 0.2370989600781193  , 0.000550688146594955  , 0.06716088302526513    , 0.06494834752914354    , 0.02721197165505158    , 0.07156072253022648   , 0.02719650984913032   , 0.18416157468896976 , -0.14489537428380644 , -0.13290044290911887  , -0.08373014469355888  , -0.1570502906336452  , -0.10890115830326032 , 0.07879355452076447   , -0.03009033394655471  , 0.016498433572237195  , -0.08796463281466078
NUWAKOT        ,    2020, 2076/77, -0.00595701908403747  , -0.1270738287406686   , 0.17785527027490874   , -0.09953559772593826  , 0.00019961947251899648, -0.05246904322059663   , -0.12827793147783242  , 0.13615669650914042    , -0.006172055922008962  , 0.10450795104941556 , 0.06762096948008571 , 0.012057773063996968  , -0.2653757179458464   , -0.04822198274987708  , 0.018496250603259167  , -0.07286111441739976   , -0.15694007502645194  , 0.08810443275980169   , -0.11161977608688825 , -0.15919363694578317, -0.11267523895562018 , 0.09815191653966583   , 0.08968978390375136  , -0.08987700654791074 , 0.06826190924764176    , -0.0078115003024231125 , -0.0567591008663113    , 0.0032910393967156915  , -0.10530746144051566   , -0.007061948438244347  , 0.04633344176011061   , 0.18979046105114022 , 0.05117190095135462    , 0.023936245165283986   , -0.14153275568108656 , -0.047772646386115385 , -0.05713158101060834  , -0.042046618533814556  , 0.018310421892427365   , -0.008352291004200464 , 0.013558257493730424  , 0.03455593476454584    , -0.195596517815806  , 0.0785035245371635    , 0.0796449708589118    , 0.10901608894802484, 0.022355617307703097   , 0.24358576253924952 , -0.003149719676853783 , 0.05553167228395689    , 0.039536060646249524   , -0.010056663437495783  , 0.0822892604505786    , 0.08167191687812367   , 0.17854196926443888 , -0.16877148508683473 , -0.1227533471487478   , -0.08317353564234171  , -0.14184927100287767 , -0.14045061589302926 , 0.07298457990674209   , -0.027107466387462767 , -0.00350735882746586  , -0.05591427929204165
NUWAKOT        ,    2022, 2078/79, 0.03599903172147453   , -0.08606376345203307  , 0.1908092467328262    , -0.06712753961552263  , 0.0012445924114532524 , -0.07147110115025379   , -0.161867374241979    , 0.13099610744438905    , 0.016513572823033968   , 0.06618489286267049 , 0.06028558056042995 , 0.037247844459470277  , -0.23230731246935749  , -0.0521975110756988   , 0.026005768356024455  , -0.0574219428873387    , -0.06143232799611488  , 0.04194243015840609   , -0.13469130083161687 , -0.14110815846593291, -0.154946411368525   , 0.12656533287711366   , 0.08892661489844181  , -0.09782573962380592 , 0.011785573144580142   , -0.03257867830872766   , -0.034728173659502565  , -0.04001192350336567   , -0.050366663294074264  , 0.04043779125040867    , 0.04201670772367291   , 0.13668863816504456 , 0.04165637850357466    , 0.05055250840290246    , -0.14065254608131023 , -0.06382236333188811  , -0.08865144690701526  , -0.034330322091430915  , -0.031281999230508555  , -0.004109582882261179 , 0.02675162628124355   , 0.09660137569508258    , -0.16231859099055027, 0.1317232799024731    , 0.014774993468801097  , 0.15377554799904117, 0.010934497736789896   , 0.21178005259699717 , -0.005303785554897284 , -0.004895457474022877  , 0.015818160867502828   , -0.036204527295090966  , 0.08777852654798408   , 0.12283493867103012   , 0.16168436600514247 , -0.20712065125661197 , -0.0765210483718986   , -0.10642749806994571  , -0.14759000383836315 , -0.1959290085191337  , 0.06043513135431175   , -0.0647097239177136   , -0.008221188671705829 , -0.05657648752516684
NUWAKOT        ,    2023, 2079/80, 0.03438929485977238   , -0.12932468061712374  , 0.18078718084250864   , -0.07996440039238786  , -0.02350964105829782  , -0.04902893714653815   , -0.115640529898773    , 0.1774023134588592     , -0.004079755946809058  , 0.07997059389820414 , 0.08704505274420013 , 0.023566693457683925  , -0.26696101062363464  , -0.035819585643392944 , 0.036628718868844     , -0.025499410413422196  , -0.10131012708869463  , 0.04704931245381462   , -0.15090104025041887 , -0.1386652169708783 , -0.141738338902336   , 0.1366744235077376    , 0.12641070768489443  , -0.10469765994128255 , 0.050016112522045617   , -0.03702220417456999   , 0.007232864516020927   , -0.021624562447561467  , -0.09437562924917654   , 0.02140141974161418    , 0.02688320612232337   , 0.15029114733780224 , 0.04977979412895343    , 0.04255936769969891    , -0.07908764735208722 , -0.052877656387154345 , -0.08718584070896125  , -0.03010351407935831   , 0.00966169846932955    , -0.04681159911297155  , 0.0272304960555313    , 0.06537574792690487    , -0.17128182068307754, 0.197941161126282     , 0.05696294561289284   , 0.16510955087341708, 0.0035579990727139894  , 0.23787774138292672 , -0.040479066572992176 , 0.00834347806452227    , 0.04037270863915862    , 0.029398136066882834   , 0.11138621481102619   , 0.040613474524684175  , 0.13254720384377944 , -0.17161869952462439 , -0.06451985203711764  , -0.0989027995623881   , -0.15568411833389972 , -0.18159891227729308 , 0.06672774217563442   , -0.027222997112922098 , 0.01262233398542234   , -0.07786253438497535
NUWAKOT        ,    2024, 2080/81, 0.022078916558754273  , -0.16175869638961388  , 0.19419912323066005   , -0.07232951034249528  , -0.025809539690803414 , -0.06837354243126154   , -0.11976214611265473  , 0.19598627886745076    , -0.003060396530852534  , 0.08337302228286503 , 0.08609882199765627 , 0.02790407454413554   , -0.25577737213601953  , -0.02367539626474581  , 0.04830862114052713   , -0.0337552050662066    , -0.10614135416345552  , 0.06595288079931953   , -0.1407525897916349  , -0.1627344677473013 , -0.14292030632760847 , 0.11190641894536217   , 0.14129402176668207  , -0.09991791048475863 , 0.04709573423405984    , -0.03425561537334988   , 0.004966064615287402   , 0.004277787075193208   , -0.07834513840448878   , 0.013300772326171245   , 0.05279803740347079   , 0.17381437236035657 , 0.049256996773744      , 0.02773255337050557    , -0.07068274578509752 , -0.03974828691416276  , -0.06361468491628176  , -0.009101465739268332  , 0.035831633561308376   , -0.05242222456209339  , 0.016115569864430586  , 0.01950489565886775    , -0.1808805133353714 , 0.17506608922813657   , 0.07781545340828315   , 0.14912925227613177, 0.018973776743415872   , 0.22553527573165358 , -0.05277656379027254  , 0.033424758361070006   , 0.05177583107276844    , 0.03884120429002778    , 0.0760628304349713    , 0.030137263463315352  , 0.13854425532141704 , -0.15274454250160113 , -0.08803566382307718  , -0.0761072001764086   , -0.16118711697420968 , -0.15965060972911466 , 0.08602409403905839   , -0.033646904148988896 , 0.006255691953255985  , -0.09950804010548348
OKHALDHUNGA    ,    2019, 2075/76, 3.391331835470122e-05 , -0.14022766407363457  , 0.17134425196402273   , -0.08406102901346724  , -0.05853352170003014  , -0.05844050080260161   , -0.07967006885456734  , 0.16654647510416454    , -0.01095113187494946   , 0.08749209387193953 , 0.07619414278553062 , -0.005276156325259041 , -0.2734622889734498   , -0.055447682513388115 , 0.02806153680443675   , -0.06180017822023108   , -0.1437011957102784   , 0.09615415543491018   , -0.1275553057737364  , -0.18562304065372384, -0.12817924279832318 , 0.08780821003302279   , 0.11190742564646752  , -0.1199827299516788  , 0.08934516196922401    , -0.028809632498462138  , -0.011543638281427517  , -0.00025720024283519126, -0.12447646648345091   , 0.023734489426719012   , 0.0543988348648666    , 0.16989762262958938 , 0.08685529055749898    , 0.0390851909183707     , -0.14357333281984377 , -0.032872159459216364 , -0.06230520761738024  , -0.026954761310282415  , 0.01854302284910147    , -0.03946262370832538  , 0.0022145661573747984 , 0.029196778206913663   , -0.19130405614520804, 0.0936901233601646    , 0.07662319373071297   , 0.13776962682490776, 0.007133181648285229   , 0.24428382549395544 , -0.014023891991144365 , 0.02512116178740039    , 0.0645767513598273     , 0.014563342090837043   , 0.09411044824150265   , 0.041396711641249216  , 0.12720306837519432 , -0.11446192648121266 , -0.08266135574153198  , -0.0782080576076412   , -0.12242466455187634 , -0.18549910335998213 , 0.10227062780197925   , -0.019003945436034005 , 0.004643651727334197  , -0.08711306263681624
OKHALDHUNGA    ,    2020, 2076/77, 0.018914481633331665  , -0.0992951320257183   , 0.18275550831216184   , -0.0951711008119449   , -0.015601253925499136 , -0.051035312856284765  , -0.1222344719384187   , 0.137561148395493      , -0.008084428655294667  , 0.0809322335172142  , 0.07054695669870437 , -0.017562153672672977 , -0.27670109723385666  , -0.06867057787592525  , 0.0005764511052878424 , -0.05322810102542381   , -0.13978686841388918  , 0.09607828126662607   , -0.1104021055324501  , -0.15642327597460062, -0.10836193241368651 , 0.11965044864762715   , 0.08894169061587585  , -0.11913748977293429 , 0.07605964737796413    , -0.01776137520748766   , -0.0270035460803311    , -0.02415745336044558   , -0.138376729731371     , 0.05394040445796956    , 0.04183544322523217   , 0.17547057230498644 , 0.08295486308453145    , 0.05432018855415087    , -0.18427260602150725 , -0.029308852968027616 , -0.07506503872131998  , -0.06184486474394035   , -0.002861917871754132  , -0.014601177102063432 , 0.025038343992550317  , 0.07035463025287747    , -0.19936841397056612, 0.07912678229287498   , 0.07537077671407054   , 0.1164400482583395 , -0.0017933218907601588 , 0.2623606992972833  , -0.011208141339664105 , 0.03701679739592653    , 0.04400102443992927    , -0.02003023129054914   , 0.09386263062995788   , 0.08705523017231331   , 0.12695071165235017 , -0.16175877631834973 , -0.0654849412528499   , -0.07711198778796087  , -0.12258199137909831 , -0.17091837634704407 , 0.07081807807316919   , 0.0031354941220203348 , -0.014488731827602366 , -0.040922479709578574
OKHALDHUNGA    ,    2022, 2078/79, 0.029076825292875558  , -0.07107856592790678  , 0.16866038674781617   , -0.07787105215080435  , -0.0011318763930871804, -0.03436388465638671   , -0.12959960988666588  , 0.12639464981592935    , 0.015386964840758625   , 0.0673297804904759  , 0.08915787708162767 , 0.0523165369645671    , -0.24004093102074117  , -0.09530429463331747  , 0.01142144402399729   , -0.024096015291419796  , -0.07500008848096501  , 0.04842860489121754   , -0.10855305254535152 , -0.16628733401093485, -0.1327474941427426  , 0.14942593409916313   , 0.055522096898572626 , -0.11960688821983584 , 0.04924297549338055    , -0.02516221059548592   , -0.030644844286499634  , -0.056962874038359326  , -0.10998521595458847   , 0.0451796712510375     , 0.03206497058135879   , 0.10988499437127866 , 0.0996147004245712     , 0.0914359132013382     , -0.17909274159065003 , -0.034890955010351936 , -0.08927438677152455  , -0.0759146338804024    , -0.06319526451772423   , -0.025831586588264177 , 0.03759136835005873   , 0.10482466482907433    , -0.15734051064213678, 0.11204161376907379   , 0.004607859021524971  , 0.16820075185371244, 0.002709413405089035   , 0.2517942221607614  , -0.01151055096275092  , -0.04541806631261261   , 0.03987891324440919    , -0.026598172027832944  , 0.1365079365922627    , 0.14316450148122373   , 0.08724745848968508 , -0.20745185479125292 , -0.028506430339624772 , -0.07872299855462432  , -0.08225488946365796 , -0.2333937793249549  , 0.06804838895982468   , -0.021491066422183295 , -0.0063176538705705144, -0.06161140720882964
OKHALDHUNGA    ,    2023, 2079/80, 0.038185152384378154  , -0.0914167287866631   , 0.17259531630395683   , -0.07650145573918546  , -0.029594288886556103 , -0.039971005792519075  , -0.1152938911877902   , 0.17038357820371025    , 0.005013073099777212   , 0.06242384390927067 , 0.10677937354890639 , 0.026966048253410438  , -0.2387081396017673   , -0.07160205073585368  , 0.012800300678585537  , -0.010882241527626636  , -0.07081498707128434  , 0.0400793668647806    , -0.12458714419193252 , -0.1629525493731821 , -0.14308947797119329 , 0.1413725294583618    , 0.11066940135886855  , -0.13778229642733958 , 0.048234419679804824   , -0.05204743158061097   , 0.019210306741262905   , -0.027283497500799964  , -0.11214686560585775   , 0.04861858639432282    , 0.02978143155941096   , 0.11761170344287504 , 0.07105859119518851    , 0.09051448485077274    , -0.13578814646536605 , -0.054176790092886895 , -0.0875616687718453   , -0.07456933615778054   , -0.025134210186886278  , -0.04261451618540945  , 0.037058311392304796  , 0.09450141409258926    , -0.14869353035586375, 0.17169470971827736   , 0.027633225941729286  , 0.17069274080419292, 0.007257959676159361   , 0.23976083068676332 , -0.038147019010583844 , -0.04164385184526541   , 0.041802317535104036   , 0.0002140125976988204  , 0.12636025163754339   , 0.07867620707832211   , 0.07873550024831537 , -0.1792419313132666  , 0.0036268548249844316 , -0.095759508843135    , -0.10335274720362982 , -0.2536041035670344  , 0.06231166634227993   , -0.029727563989377464 , 8.874844028991905e-05 , -0.06825763949353385
OKHALDHUNGA    ,    2024, 2080/81, 0.043428968352679044  , -0.09996825686530764  , 0.17740804199513238   , -0.08117697388733844  , -0.025498183913246784 , -0.0630474641333793    , -0.10860758239968651  , 0.199197256832444      , -0.00347001795769951   , 0.06905749992947562 , 0.0878978258317787  , 0.000813445910673852  , -0.26085776715303427  , -0.04050706524433906  , 0.021537008503804012  , -0.024806458042198727  , -0.10719237736746443  , 0.08798001286230502   , -0.14131713793856526 , -0.14019477939724756, -0.1347017489651327  , 0.12553436472253324   , 0.13023078010693945  , -0.12972732135030374 , 0.05435353010744415    , -0.04922724530012857   , 0.033351052021680594   , -0.013784268285623812  , -0.10417042976882854   , 0.07115495649005144    , 0.05856471666027083   , 0.1481931511516405  , 0.07290105101451344    , 0.0579896995924672     , -0.12750933581211724 , -0.03740417635609742  , -0.07879750778336467  , -0.04240482457449438   , 0.03544474245798122    , -0.04320530675914072  , 0.02325008315121272   , 0.06652531045674034    , -0.18014821361550942, 0.15857836970681194   , 0.06535900947913287   , 0.13623611630969534, -0.015096355402661696  , 0.2397502743225162  , -0.06350461320700147  , 0.006277727093964736   , 0.05580898748242303    , 0.011353387926292216   , 0.0792264174103897    , 0.05017850300884878   , 0.12342300482154953 , -0.14911876974358404 , -0.030744014828669466 , -0.06679683216057385  , -0.13198828652171413 , -0.2133577416280411  , 0.06521819613519543   , -0.0371396220348449   , -0.012596903853030732 , -0.06810107522338157
PALPA          ,    2019, 2075/76, 0.03829242335822754   , -0.10439617180652123  , 0.16949776849753892   , -0.05014661223356183  , 0.00785842683951927   , -0.07174601163529218   , -0.13432151325159422  , 0.2115718595322988     , -0.011640557815009665  , 0.0754128530660061  , 0.04607115370371752 , 0.04330874980402501   , -0.3155352238843819   , -0.0027591259265841795, 0.032250518247447214  , -0.052245004145684566  , -0.14597177016312954  , 0.08279351686752526   , -0.11943679026110644 , -0.1260495980787887 , -0.17591529931537586 , 0.08528741491791224   , 0.15392272709784635  , -0.10909092209428346 , 0.07444679076280533    , 0.015974219531864106   , 0.0039904663446450475  , 0.028733557477398145   , -0.095459533805993     , 0.024718403337867085   , 0.06137638781291477   , 0.239270757678249   , 0.08648781453386226    , 0.011313106918399329   , -0.07708416617937966 , -0.004410696371606795 , -0.09056448805033639  , 0.020600628995593326   , 0.07868264867133583    , -0.02016079620524652  , 0.014095275686846799  , -0.011261809184493203  , -0.15858822902990843, 0.14302966339661236   , 0.12373078990853448   , 0.11686761978339717, -0.0005027321367968491 , 0.2343527743160837  , -0.019559891926157705 , 0.08543778679663097    , 0.08330101193670329    , 0.029817354065470862   , 0.03585890646510699   , -0.015909037338508673 , 0.17925363331032554 , -0.14407221744309714 , -0.12675157837554316  , -0.05306173230382276  , -0.11821780475202873 , -0.08693523401521336 , 0.10737127952915079   , -0.060553909507892405 , 0.02745648776938144   , -0.07704390157890544
PALPA          ,    2020, 2076/77, 0.027052307140746155  , -0.0962909903643953   , 0.16205013994521578   , -0.0402219789961689   , 0.020724556250971145  , -0.06362610855212983   , -0.1457787224653058   , 0.16453154375130447    , -0.0049121740083736785 , 0.07633027834247214 , 0.05748023998928475 , 0.04205220160522543   , -0.33394260771446643  , -0.043009549698280386 , 0.01352878610776622   , -0.03073681731009125   , -0.1518463006875232   , 0.08852092504839978   , -0.11562106895792777 , -0.1292007231195206 , -0.15060040294857302 , 0.11016749289469656   , 0.11251612071761713  , -0.10440387771932881 , 0.08815133576091741    , 0.028005168344448425   , -0.03401059595476046   , 0.00903753416242011    , -0.11428738276264501   , 0.04162535130087772    , 0.06199668075579075   , 0.21256452610380583 , 0.08384746200642346    , 0.014904665113690341   , -0.14082847709083254 , -0.02121321453894813  , -0.08692696543208189  , -0.021333078274896076  , 0.03528660279453769    , -0.013728791105860054 , 0.010562404185238477  , 0.007128681310821565   , -0.1740478126436907 , 0.11900949998013442   , 0.1359917411684332    , 0.09737456733329981, -0.009398401652148964  , 0.252032557692845   , -0.011032655010241643 , 0.07397633725231584    , 0.04719319706665812    , -0.01478933518354357   , 0.05801960658146863   , 0.04048325354547099   , 0.17836224639827017 , -0.18327709839045447 , -0.12362108674999048  , -0.06578491038786703  , -0.09395593525063735 , -0.10709455099729852 , 0.09745474400475566   , -0.0369815534752455   , 0.013320932311201673  , -0.03457615373749935
PALPA          ,    2022, 2078/79, 0.0647515325657648    , -0.0047870043922661   , 0.17961428370815297   , 0.005968938034488203  , 0.019071597648625475  , -0.084387173337032     , -0.1887828910787855   , 0.16974846658392836    , 0.02287574615066095    , 0.028680320023306314, 0.06299618505410551 , 0.09944995348270042   , -0.2729832661690897   , -0.026210537931599342 , -0.01354716582314375  , 0.012311440000165009   , -0.03478253881090488  , 0.056161256726872666  , -0.13221023493170264 , -0.121630658262994  , -0.21463303109929335 , 0.14144687188044902   , 0.14294959606168609  , -0.1096067200427036  , 0.003690066194965823   , -0.015422996374198092  , -0.00022138995559404875, -0.03707551893777569   , -0.07015142498113715   , 0.08760029350252559    , 0.060613781863786416  , 0.1768106330988639  , 0.09236830293499003    , 0.0762855956323214     , -0.12044194268124196 , -0.02362435416338251  , -0.12113613939578242  , -0.007190145252158299  , -0.04032500647369267   , -0.016778932643647982 , 0.04566214737817245   , 0.07828262304941924    , -0.09934753597851823, 0.18731821092733913   , 0.037219962998078955  , 0.13823811534381195, -0.015786582860957514  , 0.2087643498969614  , 0.010970971064603322  , -0.017812327713349483  , 0.0259596142442937     , -0.06960166264946971   , 0.055139920116091444  , 0.061051846091845864  , 0.14732061923027043 , -0.23699742492775344 , -0.05851941624661916  , -0.0738309281328509   , -0.08098392231682869 , -0.1828233213481277  , 0.0771644301177868    , -0.08889256524264853  , 0.001537200496253307  , -0.03594198643211634
PALPA          ,    2023, 2079/80, 0.06802408679052113   , -0.06165540837498987  , 0.1690151207519435    , -0.02865516961685925  , -0.005436260505180616 , -0.039498417144212046  , -0.15125515071377554  , 0.1877961347685496     , -0.014870629350828607  , 0.04626199276085515 , 0.09388739654422194 , 0.058436215565285075  , -0.30808997110646863  , -0.026525480489965027 , 0.0027975826664522994 , 0.026197373710689077   , -0.05817078356484324  , 0.05540689459107135   , -0.13651508795558642 , -0.1234507835126017 , -0.19058128701034677 , 0.16161012045409687   , 0.15180917681467918  , -0.1335545913922411  , 0.049113062541456004   , -0.026377465302538785  , 0.05473462137980676    , -0.019688316499674206  , -0.08996837848118366   , 0.07290922779658898    , 0.0493873596613009    , 0.16731568922464438 , 0.08510387471533798    , 0.055469038381215335   , -0.10232738125042984 , -0.03160979910042426  , -0.12176926194038469  , -0.02376797023704269   , -0.005402560694165399  , -0.0313968074613842   , 0.046775129454216184  , 0.06888702971182838    , -0.1256485603925833 , 0.23858988743967569   , 0.06926164339970099   , 0.15776438548300006, -0.026261252604117297  , 0.22909742506788044 , -0.03545628889826191  , 0.00588191410265183    , 0.029265587798707773   , -0.01468061710172229   , 0.09707914410514092   , 0.022010750443496485  , 0.12225145134999504 , -0.1845005854307464  , -0.03610843986021567  , -0.08116038785895686  , -0.09627090596448025 , -0.19665687672641935 , 0.08286672031067134   , -0.058811893295659105 , 0.038945754736035294  , -0.04637219938575428
PALPA          ,    2024, 2080/81, 0.05503028320269886   , -0.115301235976176    , 0.18862576567379455   , -0.030790346547751025 , -0.006968761464311588 , -0.06436291743324726   , -0.13424774053147592  , 0.20797515427052388    , -0.014103017110707014  , 0.05935455208571909 , 0.09744587709782251 , 0.07320506085149071   , -0.3085809187011995   , -0.03479168079152697  , 0.01820201765139969   , 0.01811509523597423    , -0.06922687964937399  , 0.07710057267632424   , -0.13588982496086774 , -0.140845061751984  , -0.18541523507853186 , 0.14884893771995353   , 0.15697116503378092  , -0.12166761566619463 , 0.05977336879897049    , -0.013378469311506732  , 0.043285073205784765   , 0.012333013209111579   , -0.10875899572534396   , 0.07333738024986737    , 0.07854833319287535   , 0.1840478429321054  , 0.1025026800419571     , 0.039438905232396224   , -0.08013133631045559 , 0.0032268200997208397 , -0.0994455849911282   , -0.005449800269814362  , 0.0396006873883388     , -0.05068403678321367  , 0.048622494447746134  , 0.017027681897758398   , -0.14036672306723386, 0.22859657900902491   , 0.0998437325805127    , 0.1402763953025343 , -0.004131791661162748  , 0.22800313545443443 , -0.052897453624283275 , 0.031920807246411116   , 0.046893375247922406   , 0.017745044463224807   , 0.05554300326647185   , -0.003107518983237967 , 0.14167900174567913 , -0.16420048227810402 , -0.06499101258804649  , -0.05998858863408197  , -0.10006782708892453 , -0.15456966365673783 , 0.11335586298177994   , -0.050132202915388155 , 0.01918502382887962   , -0.04155435779907432
PANCHTHAR      ,    2019, 2075/76, 0.01704997721240295   , -0.13663313203462016  , 0.15443902379505678   , -0.08984838869751575  , -0.03190646505025595  , -0.042046356272459784  , -0.09850409301796027  , 0.14762008347705483    , 0.029257787040068015   , 0.11381979682402953 , 0.09931853179048482 , -0.014696537349440385 , -0.2762789525285871   , -0.04135168678890163  , 0.024951423254297955  , -0.04141241476793294   , -0.13455207504754169  , 0.06447333574807411   , -0.12439646856809572 , -0.20728402681151314, -0.1286028579111026  , 0.10195092091392162   , 0.12528470923296917  , -0.13557671382816625 , 0.07330982821967384    , -0.01889881639021301   , -0.02510551242127092   , -0.019569881985043974  , -0.12688455924640812   , 0.03977210171521411    , 0.008460855025662411  , 0.16354209436514838 , 0.06831048805443221    , 0.0450721477919673     , -0.12264995256297236 , -0.0456890765076373   , -0.0797220572997607   , -0.02611190863330523   , -0.0036937749986006322 , -0.049099824655007916 , 0.03517827423378935   , 0.03215930206946549    , -0.19080454399504326, 0.1388538009028815    , 0.058297164983713616  , 0.12477546734934633, 0.011624119025304948   , 0.26947308670654513 , -0.008534808354156449 , 0.04764496618298687    , 0.05940695136895344    , 0.0056652469757638     , 0.098666286674708     , 0.05456974127980297   , 0.14101883045614008 , -0.1609494305852295  , -0.05494064976770489  , -0.08190346793783061  , -0.12219387207224444 , -0.18996733095170593 , 0.08519616323261016   , -0.012337191214191691 , 0.016172792845298576  , -0.07466120668536894
PANCHTHAR      ,    2020, 2076/77, 0.041368272328906774  , -0.1159072867690767   , 0.17083184299679802   , -0.10455962428256377  , -0.013944269227517413 , -0.045310875505174736  , -0.11994810890125096  , 0.11823790933153143    , 0.033815281934321054   , 0.10398226627300568 , 0.09342740331818683 , -0.019712359198189963 , -0.2654197272314837   , -0.053827093985102374 , 0.019234245573642048  , -0.028853365374530482  , -0.11669696230184314  , 0.063969076092891     , -0.1132106729544658  , -0.1772909823767983 , -0.10817550010056744 , 0.12089217780826829   , 0.10581305625475694  , -0.13158370716144266 , 0.06665703016959154    , -0.027160961636159192  , -0.02730382187222613   , -0.024350693371206628  , -0.13203033666989214   , 0.058653620798163275   , 0.006701952753899796  , 0.15676912897216536 , 0.06850679246068005    , 0.050836370952370924   , -0.1524213028898519  , -0.044690993206082934 , -0.07596328657030409  , -0.04492725835219358   , -0.047194870759616654  , -0.03195197374445026  , 0.059415349656879904  , 0.06970499516961673    , -0.1876737239104102 , 0.14380869245613753   , 0.041567098507805565  , 0.12073871442959046, -0.0022158351677327077 , 0.27440758776450114 , 0.009445388428620341  , 0.053140001639012974   , 0.034489570166364086   , -0.036059491681261775  , 0.10488134638686372   , 0.103675423647177     , 0.1516578027300824  , -0.1920939321430072  , -0.04199507432995568  , -0.09176445501323091  , -0.11794994926588763 , -0.2105107990378367  , 0.0754890949360161    , 0.010945888610229736  , -0.005310578951793263 , -0.03508550086840823
PANCHTHAR      ,    2022, 2078/79, 0.056440446581008795  , -0.07935822350248004  , 0.17130810915747666   , -0.0947718182655864   , 0.011293360451198189  , -0.02553765434774961   , -0.1403647660653786   , 0.11839812795347962    , 0.038899336263608725   , 0.08267772063366315 , 0.11665923979648526 , 0.024242880397502553  , -0.21732464971325086  , -0.07342110825139174  , 0.021775723398137017  , -0.008457239784124958  , -0.025111063635090407 , 0.02216683515591204   , -0.10188568340654658 , -0.17051496294222043, -0.11710193576241527 , 0.13534858439750738   , 0.08984496935285476  , -0.13664516498566417 , 0.04092122101270642    , -0.053706333154079224  , -0.014247955257688     , -0.05287001803409801   , -0.10758341035221826   , 0.0636111808337957     , -0.007766599238869797 , 0.0899430052784624  , 0.07070166500306692    , 0.08012174202992274    , -0.1640054200289029  , -0.06226317646717891  , -0.08833459030600047  , -0.0684764893056044    , -0.1010536467628054    , -0.028833564283543847 , 0.08589680088627295   , 0.11034553586405721    , -0.1453990488070745 , 0.17654415096832463   , -0.02861065575944378  , 0.15098383707811247, -0.006152832467711503  , 0.2517293567042505  , 0.023696431006602136  , -0.00492673322818224   , 0.017943676258964012   , -0.060123413611637415  , 0.13297078502105564   , 0.14992866442103595   , 0.12765236757949192 , -0.20768108252112882 , -0.0006365590637583366, -0.1000226856036111   , -0.10335280371037986 , -0.2723479204973211  , 0.07277344709416797   , -0.008203374280232132 , -0.0021726603866664674, -0.031461721343323895
PANCHTHAR      ,    2023, 2079/80, 0.05117276125078694   , -0.1133760272254696   , 0.16219042544132609   , -0.08948668040978529  , -0.02807541295426954  , -0.036738796620054956  , -0.12142341184385405  , 0.14326956632901666    , 0.02851026184810254    , 0.08834069379812377 , 0.12387383146779157 , 0.00416300733739313   , -0.2473639696557036   , -0.05785458150796229  , 0.019817690875562018  , -0.00045360183864429136, -0.06048704571968275  , 0.02518604213565375   , -0.1268393084616797  , -0.17800183054646823, -0.12930418249163989 , 0.12693743485450096   , 0.11768223914154605  , -0.1463069284897135  , 0.04771449173947758    , -0.057563245492448026  , 0.020612252514268598   , -0.027451923766300065  , -0.12213616478932106   , 0.06572015950548842    , -0.006692593817116369 , 0.11215483348098834 , 0.06017266296756123    , 0.06679665513319638    , -0.1270599810116485  , -0.07185877730437407  , -0.08495402761552784  , -0.05760888584648178   , -0.0485794967542938    , -0.052140847117774704 , 0.0711124150503099    , 0.0770865580858555     , -0.16211390094565806, 0.20805398611658432   , 0.008700367959519013  , 0.14699626402814434, -0.010652130565614034  , 0.24584888602334207 , -0.0015499681445969656, 0.015181577911261152   , 0.030081634959616837   , -0.023226336422380714  , 0.1366203528911663    , 0.09090763893849971   , 0.11743538499784956 , -0.18182072505268485 , -0.0064092254303722875, -0.11106718933002124  , -0.11956625067629736 , -0.2521815133761378  , 0.08650608377177323   , -0.011339927095747002 , 0.01497290177926337   , -0.04526205486676899
PANCHTHAR      ,    2024, 2080/81, 0.053237666304665296  , -0.10347584109980698  , 0.1636967263095968    , -0.09011525286019952  , -0.0180415788178688   , -0.051898531277467394  , -0.12653119826342155  , 0.15927277844862278    , 0.03354739075046843    , 0.09925313668098362 , 0.10525401689263499 , -0.021623900484967238 , -0.24935546749344967  , -0.04297857180554667  , 0.012502610092425278  , -0.02589105979481433   , -0.08137548974445427  , 0.0660432359700222    , -0.14222488357034374 , -0.1685662380751187 , -0.12737302522288144 , 0.09755169468539988   , 0.12460315084696741  , -0.13664840899123845 , 0.05086177505089102    , -0.05216931686662317   , 0.02002932475017461    , -0.020158537184625607  , -0.11738877586337519   , 0.07766258120816164    , 0.016765705872562407  , 0.13234495762371457 , 0.07047143508141018    , 0.045252435708695554   , -0.15154772478098    , -0.05282365749846195  , -0.08518070914779637  , -0.03129080498491273   , 0.002829042763204385   , -0.06515013282619607  , 0.06244384524754671   , 0.04835834472474434    , -0.18535212216468988, 0.18457332255057607   , 0.03366896204520714   , 0.11735002183320495, -0.029870485950784453  , 0.2399282391059202  , -0.015406445796475815 , 0.04341755157822945    , 0.05071499396930933    , -0.022832364614219933  , 0.0957100677532716    , 0.07151353067023113   , 0.1587786964283525  , -0.16191635394788742 , -0.03842011433279545  , -0.06952540883549646  , -0.14079638691523516 , -0.23412156665685735 , 0.08365181006930279   , -0.031311439236103515 , -0.002051526439723147 , -0.04485343812478232
PARBAT         ,    2019, 2075/76, 0.0024145471517025433 , -0.1342977266782281   , 0.1863420083353985    , -0.07931003198965043  , -0.00481714043003451  , -0.07739056668605448   , -0.12162476958548947  , 0.1733047515287617     , 0.013164586627833035   , 0.11005478027554802 , 0.022130087292272074, -0.0009401707822264038, -0.2646285163674672   , -0.002922004406911243 , 0.045467162949562885  , -0.08718958194316281   , -0.1659086226298631   , 0.08235608757087065   , -0.10397842178708837 , -0.17212815837819367, -0.12039084524771587 , 0.04384289270633939   , 0.1273906556681741   , -0.10546343772384412 , 0.08849607448108722    , -0.0104692166799031    , -0.052294412796377344  , 0.0217273137919178     , -0.07940087559890649   , -0.03068217519405994   , 0.029313435246366155  , 0.24414193473364584 , 0.03603575186756298    , 0.001163454336048467   , -0.11527407663655433 , -0.05572296350427432  , -0.05291706804009368  , 0.010797842461274283   , 0.04375579076756892    , -0.0019978270147867753, -0.002124095992892549 , -0.01875599351657518   , -0.17524967869415878, 0.07816805176809302   , 0.10569933955531814   , 0.10416232836952581, 0.029568519988562903   , 0.23123215873591116 , 0.05381256068902549   , 0.08377622177697402    , 0.08450559691322652    , -0.0003672627314996767 , 0.04173847747869747   , 0.039993625054572234  , 0.1630101694996542  , -0.13917314554300628 , -0.14613122846064644  , -0.07825585788054235  , -0.16706484055023116 , -0.11822592141399714 , 0.1013935474628721    , -0.05134241788497304  , 0.011557707572684464  , -0.10389687892676573
PARBAT         ,    2020, 2076/77, 0.002230461389978443  , -0.13378508957128069  , 0.17272587264501624   , -0.10319865800180658  , 0.0034360634565634442 , -0.05640897299121369   , -0.108726220851451    , 0.13361749861236397    , 0.004162356783103293   , 0.09547828915773757 , 0.05068463705022652 , 0.001657416846265351  , -0.28645639168367054  , -0.04674453590457273  , 0.04092849332201393   , -0.06332384912601666   , -0.16887859090987672  , 0.08543142700518677   , -0.08301107207457191 , -0.18299003216345966, -0.09443454493017557 , 0.07027623403236202   , 0.10381490850727099  , -0.10005763338628458 , 0.10031780852546882    , -0.003321195893064542  , -0.09070428015163162   , 0.009143771022598817   , -0.10878991895473841   , -0.022055867021800277  , 0.025327422736785205  , 0.22063250197534862 , 0.04492788958121513    , 0.01937366377899857    , -0.1585972644384533  , -0.06346001668825595  , -0.03628106290959596  , -0.037776355229994577  , -0.004131493250869299  , 0.0016589960992074973 , 0.0200862804324577    , -0.008756422899294188  , -0.17776272699003756, 0.06419759125707897   , 0.12420869325646963   , 0.10833692409410875, 0.02963856451911187    , 0.25752707186102625 , 0.05216937480451927   , 0.07037817808974078    , 0.04994378860085951    , -0.02427125114502006   , 0.07611407105469253   , 0.0896304273378899    , 0.1502947650197577  , -0.17295058514054115 , -0.12065668066595536  , -0.08297332164459433  , -0.12492603288475691 , -0.13472092261128357 , 0.11290515254311903   , -0.012898170715573757 , 0.0015601826532241141 , -0.07763762579863166
PARBAT         ,    2022, 2078/79, 0.048850856121987474  , -0.0599509184224359   , 0.20791011171966248   , -0.029067705044023683 , 0.016019791520544866  , -0.09181273001950084   , -0.1888694841877955   , 0.1414786023567926     , 0.047785698663759105   , 0.056090153078223466, 0.05510302793061783 , 0.04051098745893064   , -0.21315629186172833  , -0.03196052212592482  , 0.018736265419835956  , -0.03911416831392558   , -0.04225609150827617  , 0.04875920586764898   , -0.11509443624977739 , -0.15659808457206154, -0.16836886530532807 , 0.11545275716968793   , 0.13661431640940813  , -0.10332073509137082 , -0.001062347324611066  , -0.0496150546276452    , -0.04894925328938583   , -0.04366188229879247   , -0.04556610979175058   , 0.04299073616998838    , 0.03069954232733974   , 0.16161439568259073 , 0.04731129969075956    , 0.0680369293803624     , -0.14697867757648228 , -0.08311486819491455  , -0.09425617014166261  , -0.021476380081862312  , -0.05569141934875692   , -0.005627657729700207 , 0.059266836951703414  , 0.06811979783518364    , -0.1396736395092847 , 0.15305340114424418   , 0.006101918274223685  , 0.14446596067532608, 0.008682869883552737   , 0.21105957470084996 , 0.04169638471994239   , -0.02031320162915426   , 0.014169342064753747   , -0.06727984861169929   , 0.06336831550124808   , 0.11226687875671994   , 0.13847996493088577 , -0.23638191362524155 , -0.057980801126089936 , -0.09593478380362976  , -0.1311038414665821  , -0.22652340559233286 , 0.06268524077772848   , -0.06384189774116358  , -0.0027616639360266075, -0.06589431204231905
PARBAT         ,    2023, 2079/80, 0.043133588885612396  , -0.11045667764090973  , 0.18764190807206274   , -0.0858145906378133   , -0.01219982474634634  , -0.052095972389315     , -0.14283311256656622  , 0.15647688426653558    , 0.01746768780493739    , 0.07958902914722275 , 0.06856251901012375 , 0.0076465724260140954 , -0.2662457997478934   , -0.04240024280365503  , 0.03574667262592332   , -0.032044344749142556  , -0.0947542623936743   , 0.06465964367544268   , -0.11304160429760379 , -0.16553335554347107, -0.13856691334044538 , 0.11580407789341444   , 0.12649696858745654  , -0.13136696863998953 , 0.05421565216078784    , -0.03835923142122058   , -0.005282387710182315  , -0.021708641345725973  , -0.10009957085632913   , 0.012954907805573616   , 0.01601275205157244   , 0.17398037281950832 , 0.051782503917906834   , 0.0404134009796345     , -0.1319950288581809  , -0.06731407032965646  , -0.07542269670677389  , -0.038284161686406304  , -0.02747028104509004   , -0.023510764339103624 , 0.05410165339696908   , 0.04791004241744208    , -0.16113268392226693, 0.17289217401344587   , 0.06001539454510893   , 0.15208325501953396, 0.0013150693790030413  , 0.2534344564484358  , 0.023987449714295356  , 0.019299921906510475   , 0.04762070295232263    , -0.027504019954493558  , 0.11109843589682201   , 0.07425624031486827   , 0.10950287305960875 , -0.17773876314150142 , -0.06899282180621215  , -0.10612189805577747  , -0.12724160198012363 , -0.2057340484034739  , 0.08842851900032167   , -0.03340704707183873  , 0.018481082460400762  , -0.08145585898521326
PARBAT         ,    2024, 2080/81, 0.038362839140272276  , -0.17413993944695555  , 0.206496201453753     , -0.06755650500526951  , -0.01277219264723285  , -0.07781676140611633   , -0.13711977714382534  , 0.1745482616718383     , 0.012754859097610108   , 0.09972318767348815 , 0.07418661021734697 , 0.03534797719957697   , -0.25926516668197847  , -0.03895156226592201  , 0.054346896743831086  , -0.029174300158163375  , -0.09475907543322057  , 0.06511166783977336   , -0.12025641946079575 , -0.17886599349884652, -0.12942227399128467 , 0.11529911426668665   , 0.13550940262406572  , -0.1259904372542265  , 0.05049632239107021    , -0.03042005759874344   , -0.010886423605830255  , 0.006666115528532003   , -0.09595148839774292   , 0.01167367271840576    , 0.05173512564929218   , 0.18595712007703502 , 0.060382776553525135   , 0.030278073272237273   , -0.10622224065096855 , -0.040442895026765714 , -0.05408910664245381  , -0.012983552783279721  , 0.0018890774361995106  , -0.04590621147079612  , 0.055878579236890644  , -0.0006279450116493386 , -0.16697937917441366, 0.18223292645632175   , 0.0816727669425766    , 0.13737130240563025, 0.02372811000227514    , 0.2404567842301579  , -0.003973387506593306 , 0.033272162703204856   , 0.05379520705723991    , 0.003125671316841601   , 0.07031127051663666   , 0.04856295891242379   , 0.11975081924609225 , -0.16391573646330113 , -0.0924758235078611   , -0.08288410433433463  , -0.13395387937561395 , -0.18351560406490855 , 0.11544540944190786   , -0.03167701796666437  , 0.007156533494819844  , -0.08070159676074203
PARSA          ,    2019, 2075/76, 0.03811012582673751   , -0.14709040806826368  , 0.12325960479653436   , -0.02763218485456737  , 0.015051871867194443  , 0.025452995773020678   , -0.05536629809397115  , 0.1515863211689822     , -0.05866472345964556   , 0.144404504539621   , 0.1210420221628824  , 0.10085705368586931   , -0.32450967862457913  , 0.026125623128049745  , 0.018513987579063466  , 0.06215803133716787    , -0.16199829865179713  , -0.0035480914345556113, -0.08488766805766992 , -0.10473627008277922, -0.18516637201536892 , 0.23373312129995394   , 0.1577129404180337   , -0.04618302231562621 , 0.0530948410851759     , 0.10520413131772123    , 0.02080905557093889    , 0.057223809022187405   , -0.053227602062860514  , 0.05060446749319135    , 0.07675676551881198   , 0.0833395553473612  , -0.004887116467096814  , -0.06062564344657788   , 0.10013011790622589  , 0.10115516715014398   , -0.19780970697444936  , 0.017870681192285524   , 0.1312315176429189     , -0.07802138457833889  , 0.07019516909801732   , 0.004204514945921935   , -0.15368733852087232, 0.2401577476869757    , 0.0684059202675684    , 0.09494234258663196, 0.04078199270868673    , 0.14650028976586013 , -0.1130242047297092   , 0.08945831715023726    , 0.01213605338836072    , 0.11719964885643268    , -6.286708900187161e-05, -0.11371087585412797  , 0.2294816954286602  , -0.11761229051385112 , -0.12781582938362718  , 0.02810322193310213   , -0.1157948355696257  , -0.0582503772563573  , 0.12158732493866994   , -0.07393363740563345  , 0.05622888138833565   , 0.02592602075640302
PARSA          ,    2020, 2076/77, 0.028560393342508282  , -0.1300750658152264   , 0.15579636460468038   , -0.03936176219473109  , 0.04359966785944098   , 0.03555173330296661    , -0.09918738408610456  , 0.10891877832637442    , -0.042854620931543186  , 0.17420133226135776 , 0.10287278287230509 , 0.09693409273091315   , -0.3220661989157246   , 0.0018189747089332295 , 0.004572909466718325  , 0.05690436471532068    , -0.18852871199636878  , -0.0030081293064552817, -0.0809605977831215  , -0.10230572661658201, -0.15923053170673304 , 0.24693177016585752   , 0.13740484095914293  , -0.03761646985674506 , 0.06649772306107757    , 0.11484868894411274    , -0.029206178756584905  , 0.05863972844472743    , -0.05593259042546997   , 0.049286401688230605   , 0.08293982391958656   , 0.09638935114643646 , -0.0005206929867054234 , -0.07527838354396685   , 0.04600566007329245  , 0.08390833113226456   , -0.19148291359440156  , 0.0174773060007421     , 0.11576886944556852    , -0.06846243917378723  , 0.05480220437178796   , 0.00467845382271689    , -0.17161794765164382, 0.21845104823392963   , 0.09778956528934558   , 0.05653531046474773, 0.04008988680448345    , 0.15238756293609595 , -0.09415649561254552  , 0.10605605213254515    , 0.02348436348053779    , 0.07807940476441366    , -0.008088623634739577 , -0.09392727843215792  , 0.2255338887020605  , -0.12860415597117766 , -0.14559262289552563  , 0.020381193925660353  , -0.11983994693024247 , -0.05737790595344394 , 0.08297641763972502   , -0.09488622829447912  , 0.060462692859593395  , 0.049489107760546325
PARSA          ,    2022, 2078/79, 0.04772323849037907   , -0.06672595696103016  , 0.1189531672265298    , -0.016451176770555683 , 0.015718017587280537  , 0.05902694931305865    , -0.0956087668965535   , 0.10573887622747834    , -0.06752364502442275   , 0.13472196076311654 , 0.1607058162791488  , 0.14318438661803803   , -0.3191443482949018   , 0.004576088743366752  , -0.006606012895190025 , 0.1268662514179013     , -0.1101747573165962   , -0.04612240975798337  , -0.08060243953317925 , -0.12635270867086956, -0.20184292693259545 , 0.2886253645293606    , 0.1421824108102984   , -0.06170301097222627 , 0.02617462694845172    , 0.07882604186894605    , 0.023987762382142754   , 0.03924356119714869    , -0.02889222211325001   , 0.07678001969407938    , 0.09442068795945656   , 0.051117227008218635, -0.01821376499142561   , -0.026353207778085166  , 0.05374564959381467  , 0.06922475495127596   , -0.20278656843130996  , 0.008916695091045212   , 0.047447804618009515   , -0.07758754160832465  , 0.05949313066686933   , 0.08889197405164144    , -0.08265569616334956, 0.2619523349181398    , 0.05406992969209948   , 0.09024064036000444, 0.04222648973261968    , 0.10567366490713317 , -0.0705707081933799   , 0.03469829739548663    , -0.034523164880232646  , 0.005316291619875303   , 0.02980447554759337   , -0.07367486938750355  , 0.1977132617738674  , -0.15118150915600334 , -0.05994178011429603  , -0.0073729888843528735, -0.09774748219296236 , -0.12357082418876217 , 0.09511477540494996   , -0.16454794583218776  , 0.05823033827661359   , 0.04295064876656938
PARSA          ,    2023, 2079/80, 0.041541730431446655  , -0.08332958042507246  , 0.11988498074112057   , -0.006020684046153131 , -0.0044365765570393775, 0.0588608239833042     , -0.07356730017370541  , 0.13433814163284552    , -0.0620045362655634    , 0.10478461620955908 , 0.1742411357094173  , 0.1526345925531923    , -0.3266712257291401   , 0.0363949602886079    , -0.00452973104526406  , 0.1532299948979393     , -0.10174637475712507  , -0.062105570814829786 , -0.08413477840874338 , -0.1314566609201299 , -0.21143541764857232 , 0.30387571316363116   , 0.16074924983452443  , -0.06929775598281386 , 0.025378029560749284   , 0.06856096817876314    , 0.07327135438180228    , 0.051807812183621585   , -0.010490154192796296  , 0.05704511860024354    , 0.06362900115582333   , 0.06777237714050703 , -0.012502738097645346  , -0.027733344257424467  , 0.08898769762704357  , 0.03479779897628788   , -0.21547042337081712  , -0.0020231280036054206 , 0.037051091303247685   , -0.08532588065424793  , 0.06068946008061434   , 0.07158173231973297    , -0.07983164073121288, 0.27397492062766843   , 0.03830453751077867   , 0.13222375730329367, 0.05593458403791818    , 0.10508105639905282 , -0.08983836720334153  , 0.009774336831060264   , -0.055152896436877284  , 0.050013191859572405   , 0.058484704785203685  , -0.08797671015751977  , 0.164557764377697   , -0.14189272247773319 , -0.05935531542677776  , -0.01490876307363877  , -0.06816082854432161 , -0.1326120646763333  , 0.08515952229977411   , -0.11272480203993177  , 0.09162046504854274   , 0.01930661295453451
PARSA          ,    2024, 2080/81, 0.045114218228096574  , -0.14472434970567158  , 0.14069675918555333   , -0.027000647426296497 , -0.008625455654447505 , 0.020709263953215224   , -0.07745486236367351  , 0.1485558608245944     , -0.05966672216773491   , 0.1342792199311263  , 0.126327498470607   , 0.1239381428759926    , -0.3276664715401688   , 0.02824279386628585   , 0.008724968758255866  , 0.07632789321662276    , -0.13193394994931915  , -0.011971490691739025 , -0.07582676905451972 , -0.12326013145223566, -0.20158685006892646 , 0.25943725204058776   , 0.14924489186976364  , -0.059995275900455614, 0.03331227302508876    , 0.10032461487631561    , 0.03879826326717002    , 0.05181350856256135    , -0.029504651517254787  , 0.057456565387635196   , 0.09620892525388364   , 0.08594673744317119 , 0.014139808716598094   , -0.05394790297696575   , 0.10598407247019721  , 0.1088775521840962    , -0.17834767346714     , 0.0186635591963093     , 0.086455114621271      , -0.07824064437680671  , 0.0622357887182823    , 0.01222406302898213    , -0.1281567206288884 , 0.2573757510179931    , 0.05485602977001903   , 0.09344360162069375, 0.05087221661561803    , 0.12136509385920026 , -0.11276122479941737  , 0.06740918902106131    , 0.00298508973943314    , 0.08540151851713336    , 0.004371816902454968  , -0.09603734448219055  , 0.19656278614640252 , -0.1250416958712786  , -0.10623150059597802  , 0.01872592733405337   , -0.10886545241850666 , -0.0813447898950892  , 0.1182611525862371    , -0.11137146811920488  , 0.06620984838982945   , 0.026749262989844744
PYUTHAN        ,    2019, 2075/76, 0.01953533421782069   , -0.13942714899478173  , 0.16591412269959666   , -0.05968773037521731  , -0.026570383154770776 , -0.09571780579898709   , -0.13056129468133804  , 0.19242281592872884    , -0.027939073416933247  , 0.04492379044506242 , 0.04803239193443054 , 0.035274020652688254  , -0.2753287931190007   , -0.003584222848134275 , 0.039620938535826364  , -0.02643008703386738   , -0.13184890629613796  , 0.09753164414276252   , -0.10074475027175869 , -0.16282316237319944, -0.11310707304546647 , 0.03343787641514892   , 0.16439424379030654  , -0.09387985170765117 , 0.05147349610664765    , -0.04817728715209736   , 0.006873580882432931   , 0.06748759027982697    , -0.08784635715869478   , -0.003895125333727483  , 0.0683898280424049    , 0.22265906132062824 , 0.06638319411812856    , 4.964856988192749e-05  , -0.1228760454715114  , -0.036828314831562126 , -0.04928977560430581  , 0.021042481135145414   , 0.06222642654546542    , -0.044971755532188136 , -0.013711275071296493 , -0.034528182084176184  , -0.1612131231998128 , 0.09081106732101886   , 0.1235903301378981    , 0.1262874470184578 , -0.02575437809515679   , 0.21616244425432546 , -0.006553668627052    , 0.06558252412893312    , 0.06494354421885189    , 0.02110490155399395    , 0.04735914290829786   , -0.008047170854670431 , 0.1815718130106276  , -0.10623015184587528 , -0.12073577556254331  , -0.08259690122812638  , -0.13467645877043344 , -0.13196425844799042 , 0.16412663777477568   , -0.05458484335894022  , 0.030334979275730693  , -0.11518164158032534
PYUTHAN        ,    2020, 2076/77, 0.033992356361456866  , -0.11516163913154448  , 0.17233794178783857   , -0.04122050915441955  , -0.007929253905677476 , -0.06223860460876772   , -0.1532618862034365   , 0.1648881851885        , -0.01827624106507998   , 0.06362697487120131 , 0.04192725697046394 , 0.020974814018899984  , -0.291186874434912    , -0.042879189618213256 , 0.008320918546266005  , -0.027871340339298827  , -0.14019170027912087  , 0.09190953465964985   , -0.0979885888174567  , -0.14581022340521174, -0.10818127545051863 , 0.08140839391526306   , 0.13066082582528307  , -0.10515176274044634 , 0.054945858428999156   , -0.013254671116064735  , -0.03535840579175915   , 0.029817592102801764   , -0.09739351957782802   , 0.02656713862594592    , 0.07015837322865479   , 0.1996696852451087  , 0.08571635179577095    , 0.021814871285961594   , -0.172168205391719   , -0.034948234385599186 , -0.06214854173600225  , -0.031932136439835807  , 0.03076853649783977    , -0.031931752272395815 , -0.019176953625597272 , 0.020023721129305037   , -0.1803965631457189 , 0.05410115586060015   , 0.1183759587228854    , 0.1248889361966588 , -0.040876073065018594  , 0.24941104518454793 , -0.02514858679649565  , 0.052071790480958766   , 0.03394034739629989    , -0.016829881968900878  , 0.06198136877475402   , 0.0469136897121571    , 0.16777970267469636 , -0.15816767741366095 , -0.09407124117249543  , -0.0632494797440958   , -0.12250470728296216 , -0.12709122729992425 , 0.1330613836009698    , -0.05076913501812596  , 0.013960707749641782  , -0.06482168863738669
PYUTHAN        ,    2022, 2078/79, 0.07568530280196999   , -0.016595261974505227 , 0.19153223994029298   , -0.025391757602020327 , -0.005588471960722482 , -0.07981366310300159   , -0.18549168584440795  , 0.16249230104085563    , -0.0012962300207176845 , 0.014964353859251137, 0.06350069209307255 , 0.09069208324131585   , -0.24173678104172358  , -0.011748846783213624 , -0.004128471460951327 , 0.01508913010424655    , -0.020505504094254733 , 0.05526201357289111   , -0.12521376711229962 , -0.1350597604347924 , -0.16197022527584845 , 0.10290621279056653   , 0.15409871691101437  , -0.10943241861214312 , -0.00808982896311664   , -0.0632526593079551    , 0.007534288917228024   , -0.02849998893807246   , -0.04383804513739357   , 0.06162410119371234    , 0.06699797460664074   , 0.14522012492712336 , 0.08622519384890512    , 0.08573588186541284    , -0.1535763345087431  , -0.056019982523940505 , -0.10554195096206366  , -0.024828844352095238  , -0.028815183679393497  , -0.02828037702795092  , 0.019865463622480622  , 0.08861136272119376    , -0.12056725509818508, 0.14849206421938982   , 0.017063279473770343  , 0.15321205606285132, -0.04255146275229462   , 0.2135439943365257  , -0.007414375699594695 , -0.02842197385851462   , 0.022262768312301524   , -0.07538337667144564   , 0.07373717371501136   , 0.07856024531726151   , 0.12811108669593985 , -0.20742435675798482 , -0.040882606851060585 , -0.08134564150407626  , -0.11017107882819593 , -0.22168495079156886 , 0.09469413721907098   , -0.06924385047726657  , -0.008182469618608827 , -0.053719674479618014
PYUTHAN        ,    2023, 2079/80, 0.07149785812313349   , -0.09237538901238809  , 0.1917926159689686    , -0.06267520729138651  , -0.03421079240702426  , -0.05518521574240224   , -0.12423037813339133  , 0.19926973132677572    , -0.03925518760368782   , 0.03397771117472961 , 0.08557466415900122 , 0.058176795925751326  , -0.2712093076291789   , -0.025245783432929717 , 0.037188896391110095  , 0.0044085018379707895  , -0.05770087376869197  , 0.06601811593470795   , -0.12149241540825514 , -0.13679075784421382, -0.12457958788483751 , 0.0997274524092392    , 0.16981614037662246  , -0.13737471247362498 , 0.04300584153076545    , -0.0597738732699879    , 0.03831703186365597    , -0.001521415372088353  , -0.07343269224780491   , 0.047496616754989375   , 0.07026639303632982   , 0.14503035170642622 , 0.0932916007517357     , 0.06753101877216945    , -0.127360892151832   , -0.04472360707516347  , -0.07184896535756516  , -0.036764168351657474  , 0.009432352946440594   , -0.03452845341013353  , 0.024871715637658328  , 0.06525385106552122    , -0.13950151645402126, 0.17725465064836674   , 0.06792068423827842   , 0.16686988424155094, -0.038108389117837656  , 0.242853469035617   , -0.03659451163744258  , -0.006877681729958561  , 0.02203348797321646    , -0.017806904004308316  , 0.08016060597224374   , 0.04546309866560424   , 0.10896057844595078 , -0.15096228923405877 , -0.04552749803520309  , -0.08803852798092733  , -0.12126642036957098 , -0.216973094431458   , 0.11672921254652267   , -0.03393155313503727  , 0.006361119631961071  , -0.06716054869254576
PYUTHAN        ,    2024, 2080/81, 0.05698710815291152   , -0.1262686425850246   , 0.188196930665345     , -0.06418981446592495  , -0.026991323509658292 , -0.08423641722990512   , -0.11408212138983471  , 0.20572599817906415    , -0.0326489263793971    , 0.0440686070984355  , 0.06852438464967257 , 0.05688720268865838   , -0.28333455633004134  , -0.014194813019288067 , 0.03671890161143097   , -0.0023198055961838318 , -0.09083462300253414  , 0.09859964276915682   , -0.12249080665491958 , -0.14086839436575294, -0.11998923696318692 , 0.09027606602179788   , 0.17940055871161398  , -0.12713488522825492 , 0.04166664783457505    , -0.04762431754009745   , 0.03550818214090726    , 0.018436818340006447   , -0.08856106057535842   , 0.03793280003447957    , 0.08439887261933463   , 0.18239261119544953 , 0.0829413394692263     , 0.042292129729949675   , -0.10792110200093315 , -0.022576522128875683 , -0.06418378400270221  , -0.0004265312407887915 , 0.04946371672640128    , -0.0635175694395531   , 0.015227445233410812  , 0.009576454754943554   , -0.16134456851355308, 0.15716171469374585   , 0.0981065244818993    , 0.14022160481602106, -0.031665357038019676  , 0.23520872873286172 , -0.05336571599282838  , 0.02397154331902859    , 0.04984252984416423    , 0.008010820006907891   , 0.04711346418690826   , 0.013980504745571687  , 0.14725534391823916 , -0.128381610523657   , -0.07888190604763011  , -0.05376377367487464  , -0.12621612908722205 , -0.184763387790326   , 0.13860783128524026   , -0.036550662462946644 , 0.00843896287716069   , -0.07770290940612011
RAMECHHAP      ,    2019, 2075/76, -0.013840859940171925 , -0.15618534369851228  , 0.13732041668674685   , -0.085152897406461    , -0.06714835509748433  , -0.04402666150691785   , -0.0551708751706667   , 0.13630896494635356    , -0.014992039757971014  , 0.09785265179120745 , 0.09160396205216591 , -0.00926444021980555  , -0.23840457637358817  , -0.04266545199120674  , 0.011839763390586157  , -0.05158647915945637   , -0.1453330849997109   , 0.0927674202320681    , -0.1254970533441723  , -0.19614361221858645, -0.09984155971955815 , 0.07191102073563582   , 0.11619215791965526  , -0.11999312570686341 , 0.07420642221287328    , -0.028501541540115496  , -0.008744841316103109  , 0.013723886903382634   , -0.09862042940777851   , 0.015861989506952      , 0.046225945974754934  , 0.1864987714226404  , 0.05863410963204408    , 0.03619607842274228    , -0.12840157641173677 , -0.059151922111696065 , -0.06334743952227538  , -0.03811302194388202   , 0.0006971726726386128  , -0.02951969745537852  , 0.00219796093385905   , 0.0328473830127416     , -0.18882993127053668, 0.07204995378772132   , 0.06965273000475986   , 0.1407501352739428 , 0.013824421871461332   , 0.21364317254094614 , -0.023993361654460477 , 0.023972628098200898   , 0.06129563494760463    , 0.01688614011897081    , 0.08908355863709727   , 0.057604834937629114  , 0.13477413099570826 , -0.11724133625658645 , -0.09284192144778042  , -0.09342640191932941  , -0.11899097251498349 , -0.18004734948802653 , 0.06506896071989476   , 0.014624707251591498  , -0.015882343417785064 , -0.08025940027016114
RAMECHHAP      ,    2020, 2076/77, 0.0039309507251239235 , -0.11566739674663214  , 0.14835164798592432   , -0.0968958588759169   , -0.027878288275306168 , -0.03321016375100757   , -0.08542935687505493  , 0.11484272831585582    , -0.009763311109715424  , 0.08549599913016907 , 0.08681266892705464 , -0.02064113536405775  , -0.23651122474308772  , -0.06467212332442518  , -0.007590313278190905 , -0.04470068372717486   , -0.1385905753751575   , 0.09822619987014629   , -0.11477165463967878 , -0.1662831313796765 , -0.0820640386256076  , 0.09483643555786209   , 0.08725974776800409  , -0.11272661082943651 , 0.06735917868446199    , -0.022830372099224203  , -0.0241610783758731    , -0.004284815206201245  , -0.11919851134502689   , 0.04715571912748323    , 0.03175136969536498   , 0.18495452875399038 , 0.0617120013649098     , 0.04459522264824482    , -0.17755160584913873 , -0.058494073586623764 , -0.06787116326593938  , -0.06884096623081828   , -0.015199523531162072  , -0.019288054310763955 , 0.02820714269021522   , 0.0682219261857967     , -0.1913088663905195 , 0.05133366253184009   , 0.06858600374302899   , 0.1210296724407305 , -0.0005772675327272973 , 0.2233983855396881  , -0.021454963974292696 , 0.036286837487045906   , 0.038998106469592245   , -0.009445689936559584  , 0.09141948574441941   , 0.10197933022326937   , 0.13515484441744696 , -0.14253821522589286 , -0.08005184412199162  , -0.09281716020135522  , -0.12383053136199251 , -0.1769695174783896  , 0.04501755675982473   , 0.018360796351214487  , -0.032906680526486924 , -0.03421371277554875
RAMECHHAP      ,    2022, 2078/79, 0.023681850590272287  , -0.09871559525176161  , 0.15031455378174266   , -0.09224105948348185  , -0.021615073508661035 , -0.036007863753084075  , -0.10422554020664981  , 0.10693488451548555    , 0.017053188971642423   , 0.07578818822430765 , 0.10481717334202764 , 0.0335193779064167    , -0.19191216502565533  , -0.08182912308204708  , 0.009782794952551885  , -0.02214118506145906   , -0.06413268024117319  , 0.043325142027140794  , -0.11463962435120463 , -0.16656040189472154, -0.10127710522605655 , 0.11886896335183449   , 0.06812263888337364  , -0.12037804790539652 , 0.034497797483728124   , -0.038962992115243074  , -0.023249514726172992  , -0.033486575837512085  , -0.07561754145028722   , 0.051823324558204084   , 0.029017274380357522  , 0.12052068021149735 , 0.05978078875746936    , 0.07795284867727448    , -0.16191889065896523 , -0.06485701482407252  , -0.07963511528751122  , -0.07891679671424137   , -0.069978062776684     , -0.01788506384097094  , 0.03643983718502409   , 0.10207721766290921    , -0.1593676862061775 , 0.0956567639065755    , -0.004860392437457632 , 0.16393483525250896, 0.006649508418086664   , 0.2031301598583739  , -0.019938452839347875 , -0.03261833968662839   , 0.030579015012520007   , -0.018619990966953544  , 0.12220040189429675   , 0.16185834706545602   , 0.10424961466394375 , -0.18652948015130233 , -0.049694761777615795 , -0.10898080756845417  , -0.09488770314192899 , -0.24262996013661628 , 0.03767831625512239   , 0.006840495242704287  , -0.03579525380749456  , -0.05295054342216748
RAMECHHAP      ,    2023, 2079/80, 0.025224541643134667  , -0.12832786391864462  , 0.1428363807903906    , -0.0766225602806401   , -0.0540719275511499   , -0.03270915470832623   , -0.07515539709030512  , 0.14441559256885045    , -0.003788181687137141  , 0.0638604017089646  , 0.12358674431106995 , 0.013882352458391816  , -0.21371174910927085  , -0.07368774983872727  , 0.004185089229979705  , -0.013003730571492613  , -0.08512706274559098  , 0.05483476150978686   , -0.12866337642199013 , -0.17228888297548406, -0.11163362887146505 , 0.10896879591379267   , 0.120826498493541    , -0.12066607895426089 , 0.04714623860399973    , -0.05125766780766355   , 0.0005803466856401925  , -0.002720020374490487  , -0.1114888454175096    , 0.04310265627844882    , 0.021866796402186812  , 0.1370995238634872  , 0.05475164392824478    , 0.08210333540689185    , -0.1382463160399863  , -0.07494712996801121  , -0.07663660560002054  , -0.08128369367157014   , -0.012144759571251962  , -0.05522370340633299  , 0.039318602266611484  , 0.07398526655158157    , -0.1597335048762714 , 0.1360763879522687    , 0.04071194370581991   , 0.1563862574278401 , 0.00021000099779357653 , 0.21765708115151253 , -0.055748823940530434 , -0.03363754902775322   , 0.039717499938264685   , 0.016665030845176242   , 0.10744806825372231   , 0.0792645710190656    , 0.0893034096398726  , -0.15701289696205564 , -0.018269967664085663 , -0.10200590425590371  , -0.11233495045594327 , -0.23862786520506807 , 0.05025730301677732   , -0.006375136815387482 , -0.022893420619804185 , -0.06295324198871216
RAMECHHAP      ,    2024, 2080/81, 0.026850839636024682  , -0.13125281260985022  , 0.1489662879027606    , -0.08659405566172543  , -0.05195468177197666  , -0.05438817769926022   , -0.07540224384646584  , 0.17083636336272068    , -0.00022603624571444054, 0.07466566302953208 , 0.11584667627954535 , -0.006375798347353315 , -0.21563530215825238  , -0.04236512289686005  , 0.015029327013148762  , -0.020688417182091325  , -0.10681974955341186  , 0.0863004747577293    , -0.13906013407072146 , -0.15954728972139975, -0.10380492010468648 , 0.09435929181240355   , 0.13934103183401697  , -0.11863968141616807 , 0.04461023847309431    , -0.05966619560433906   , 0.02728904307163416    , 0.0045090129684497654  , -0.08806648649227995   , 0.05866703624979956    , 0.04450997432160842   , 0.15365638011755747 , 0.054188529245315226   , 0.0626803352733575     , -0.11758521224865136 , -0.06463957398688255  , -0.0741472696507607   , -0.05114506674120183   , 0.021309318202002988   , -0.0536860712437611   , 0.025923732323151868  , 0.052433413189245257   , -0.1758669068394215 , 0.13686899064898211   , 0.04940568858401856   , 0.14091404349699962, -0.011628783743928745  , 0.20473039281558378 , -0.0705080523294112   , -0.0021656750433834346 , 0.05435059952443848    , 0.025986662863286634   , 0.07562877091669662   , 0.062487044260375886  , 0.118636617122239   , -0.13950083204743555 , -0.047237842026773565 , -0.08314184219470505  , -0.13107864009322334 , -0.22950563521087702 , 0.0456968844080153    , -0.0028129431634873556, -0.034674628290855235 , -0.06876145445246151
RASUWA         ,    2019, 2075/76, -0.04248409042313123  , -0.19961348092034054  , 0.039332072084182844  , -0.07520734848973971  , -0.0926543911126161   , 0.005277355116638378   , 0.037220294702881435  , 0.07684280199883468    , -0.012344271491801184  , 0.14666030578664757 , 0.07599459905987327 , 0.019713267685482597  , -0.08897636066781771  , -9.999975804368468e-05, -0.10069430361003691  , -0.03637283419704674   , -0.09729907925840849  , 0.08134133877256244   , -0.107397511724772   , -0.19305781239695652, 0.05348776646739441  , -0.030527494375072607 , 0.09410259117306567  , -0.09506207702189143 , 0.03849339057214398    , -0.05241574492756577   , -0.045825318674717     , 0.03687711206545456    , -0.0389652859608348    , -0.03656198717403826   , 0.00805890308684215   , 0.20548301913721267 , -0.03794343767204474   , 0.01772235322359146    , -0.10626509748465089 , -0.14203868339480474  , -0.05229186840110832  , -0.07316621139841736   , -0.04747184763134498   , -0.04243012516890097  , -0.008395935266666427 , 0.042770329493375406   , -0.14062860783604958, -0.044626020431781134 , 0.039228939563984086  , 0.15402608648052385, -0.016800026575093774  , 0.18643619588713156 , -0.029511534490719346 , 0.06169886115357452    , 0.003454774277125091   , -0.001919305033317157  , 0.06045379162142732   , 0.12630441974898082   , 0.19945621468724212 , -0.10374685863727201 , -0.14576942535020168  , -0.1485839835391485   , -0.12460468503054112 , -0.12351267186550201 , -0.016511122133486426 , 0.1426295097622825    , -0.08385865708076909  , -0.05302381776639748
RASUWA         ,    2020, 2076/77, -0.02692592666546118  , -0.1910555057934058   , 0.04244001519452074   , -0.0962014514061146   , -0.072166305720331    , 0.008752527758237831   , 0.01797004829934063   , 0.04603138695507577    , -0.00950310788664288   , 0.1294799536596877  , 0.09192587472297034 , 0.018968949546180402  , -0.07238674091025278  , -0.008467005307860346 , -0.08334529254519292  , -0.02605050233123881   , -0.0944214782238636   , 0.09350498201392325   , -0.09804176398273572 , -0.16970018556673264, 0.0688789568381837   , -0.01089694795772852  , 0.0640683489472444   , -0.09222526314799495 , 0.028212464277588882   , -0.06867544498593886   , -0.035356641232609065  , 0.03817614461499227    , -0.04506933198813454   , -0.016884564598615398  , 0.007287144004721978  , 0.2009177279717496  , -0.04758784441865242   , 0.0124293446858737     , -0.11635088357603404 , -0.1595037591000951   , -0.05374993916284979  , -0.09677038131937182   , -0.07414164959616991   , -0.040601035342403995 , 0.02478970373472501   , 0.05387008290521129    , -0.14298383791179553, -0.04818477261329626  , 0.015269875358601638  , 0.16073776965548406, -0.02938612841341023   , 0.17699134809661    , -0.031738428460877474 , 0.06613600041754242    , -0.01559879362263348   , -0.02448548870119552   , 0.08092329205855014   , 0.16536986773113152   , 0.1966001629875236  , -0.10746230103963343 , -0.1542554435142742   , -0.17253946872231427  , -0.10338004256287305 , -0.16009128523033814 , -0.02826439904747518  , 0.12785849737620916   , -0.0952942231037974   , -0.011375160704706027
RASUWA         ,    2022, 2078/79, 0.004068280297462555  , -0.156957389718348    , 0.06114071014926297   , -0.08226718898799457  , -0.06887937220164143  , -0.021390282746214156  , -0.03682249397443456  , 0.056942159105829414   , 0.019011657628358863   , 0.09383647517373062 , 0.09067057701856776 , 0.024927866871736273  , -0.021765111288324052 , -0.02896650407412928  , -0.08770835432246414  , -0.01745420403031786   , -0.02131907418891035  , 0.04500139154930143   , -0.0994085282619908  , -0.15999438029003638, 0.04867908387712455  , -0.016471311958006534 , 0.07537825201489083  , -0.09055037506899813 , -0.0027893893966111504 , -0.09251088773090192   , -0.02489883977121551   , 0.0066640040987632175  , 0.028335585483353885   , 0.028680335158790055   , 0.0024026291405746416 , 0.1516111545999806  , -0.05380584881766338   , 0.03742009273122424    , -0.11117946113852845 , -0.16074781010538394  , -0.0857194500736333   , -0.09569832284841828   , -0.10863446868606719   , -0.021463464746337296 , 0.01589017007106001   , 0.0850303434016818     , -0.13349297946624925, -0.029351953213405443 , -0.04323655895069351  , 0.19321193828667269, -0.04254512119141096   , 0.15462968707841995 , -0.04004623980476194  , 0.018908423406065515   , -0.029650595624933898  , -0.026704403754820596  , 0.07676647694570979   , 0.2144590972420809    , 0.164369119413767   , -0.14428187829812075 , -0.11764127574668543  , -0.16018464871040577  , -0.09812730613126829 , -0.19101534545304774 , -0.0703371776050785   , 0.12691704769057427   , -0.09961550480784755  , -0.0247450362517099
RASUWA         ,    2023, 2079/80, 0.0017889254626584986 , -0.18174336267010627  , 0.047686888541008214  , -0.06520614135107772  , -0.10203477951717546  , 0.007431105536326921   , 0.018171010068493976  , 0.07834247531341719    , 0.009114306690273027   , 0.1011580545729958  , 0.14167213028239545 , -0.0008886073770650054, -0.07322417799155029  , -0.0407885191304905   , -0.07492918290988958  , -0.057586858104020124  , -0.05863847623131723  , 0.07108872344835276   , -0.11677652363615193 , -0.17089712524520967, 0.027554622001493157 , -0.0003822427660517966, 0.10916464997143172  , -0.06826742713258094 , 0.027263721330932248   , -0.08921928635581382   , -0.0410712239971649    , 0.012837721374857301   , -0.0655305748352012    , 0.0030418365990406327  , -0.005978319455350977 , 0.15416654269835997 , -0.034185890324102026  , 0.05571149861624566    , -0.12390058406564404 , -0.15212073107823865  , -0.07726262835082151  , -0.10000911217347946   , -0.018859420350922643  , -0.08603958801306523  , 0.03377130624889063   , 0.06922110565215862    , -0.13753221751054648, 0.015810356642039013  , 0.007254651681379023  , 0.17215005890381022, -0.04604558916975131   , 0.20130738068844997 , -0.06564666357284883  , 0.02817656874622204    , -0.03463404056084663   , 0.007287404254293823   , 0.06776398590003546   , 0.1319753779297596    , 0.17088789324698045 , -0.1304693955550538  , -0.08811883181015423  , -0.14789296448939437  , -0.14549513887058993 , -0.18478557436242915 , -0.028544932033327478 , 0.10917074761421376   , -0.09046122698984585  , -0.059015601914442446
RASUWA         ,    2024, 2080/81, -0.012417867298757481 , -0.19900038667745554  , 0.05878366078773721   , -0.07375318462571634  , -0.09887261857039514  , 0.0002457733003957674  , 0.001673668446857583  , 0.10129027859775297    , -0.0036768941557557893 , 0.12008437276552611 , 0.12203772950838476 , -0.011481448705433083 , -0.064864154471591    , -0.02967753769327594  , -0.0735342912095316   , -0.05563856800724337   , -0.07004989795145815  , 0.09342202888785021   , -0.11625193100181477 , -0.18647260624584316, 0.04425816122103154  , -0.03017549377485864  , 0.11179364339568189  , -0.08063763556855401 , 0.027445212992952477   , -0.08925404106800783   , -0.0240638383653776    , 0.033444917837617945   , -0.0189598521181723    , 0.000475178345081394   , 0.015526143288918251  , 0.18092082159627418 , -0.02394644457090702   , 0.04462301215643549    , -0.11225657374478772 , -0.1427579273297675   , -0.05738968966888928  , -0.08910830861998469   , -0.024109707159619957  , -0.07875284246213461  , 0.009434829651166253  , 0.037012935149417295   , -0.1330480299224191 , 0.0062759875362937536 , 0.024045148549707004  , 0.15534145658250006, -0.029424998921552033  , 0.18047912827401275 , -0.05405370451542321  , 0.04449203854754785    , -0.010167380171662726  , -0.003957096790758585  , 0.0564219577797279    , 0.13244608034773483   , 0.17350505550924739 , -0.10416453849409493 , -0.12693452531702606  , -0.1390137813416029   , -0.15503019437133525 , -0.16792261668209812 , -0.021966186010125052 , 0.10448077418022693   , -0.10142080510830716  , -0.060746268342254814
RAUTAHAT       ,    2019, 2075/76, 0.005000827248832224  , -0.1329451468199927   , 0.13090380745065316   , -0.003881173074536264 , 0.014661909178223787  , 0.05303020970900878    , -0.02483627479597117  , 0.10757216235619911    , -0.08631929167649056   , 0.1441783446909737  , 0.1524895991986775  , 0.06569982984791416   , -0.3141456447457585   , 0.014147962869804173  , 0.05399972277422177   , 0.0659842064855276     , -0.1848601226011766   , 0.0032711470270125657 , -0.1000226450353658  , -0.1337920973921073 , -0.20668909728825705 , 0.2665455258600146    , 0.07816293832379687  , -0.020867525980786287, 0.05473337527263958    , 0.1454853557773613     , 0.05787603966366269    , 0.05479714576959567    , -0.0441250338785241    , 0.06863310212356602    , 0.08099881098496955   , 0.06443446534670104 , -0.00832871691688067   , -0.01710975750651495   , 0.11534681604819139  , 0.14725422011041728   , -0.1984604753430633   , 0.016060553929186615   , 0.11112913903213714    , -0.03476373341217484  , 0.07703703804179059   , 0.0489215258916941     , -0.1738059676026293 , 0.19005742632021488   , 0.03849244019623102   , 0.106252457621722  , 0.07289949451133412    , 0.1142082806460906  , -0.12452743268418164  , 0.08616190060105307    , 0.010409904442211777   , 0.16344691173411002    , -0.036763689051958794 , -0.12403416388431937  , 0.24743336831763502 , -0.13511478605592733 , -0.12133534155862073  , 0.031803841692007076  , -0.10620980991187803 , -0.066642370661306   , 0.08033639921908144   , -0.06023849901649027  , 0.05457114333740617   , 0.06519174730477356
RAUTAHAT       ,    2020, 2076/77, 0.00942720738784476   , -0.11355045770475745  , 0.1691690031121244    , -0.04919119311257397  , 0.04085525954787281   , 0.0810929923806071     , -0.05492848170826693  , 0.06041500852039259    , -0.0787356115727427    , 0.19226006155159459 , 0.12488875721635624 , 0.06339169012279584   , -0.2912427960508921   , -0.029262338423442846 , 0.03199803443104441   , 0.05986819827002375    , -0.21422715252991253  , -0.009913567789829079 , -0.10798955708283807 , -0.10982575183619583, -0.19535282389543515 , 0.29116373495172165   , 0.03322313340403767  , -0.02664433748097606 , 0.05745045086060475    , 0.16528186971869663    , 0.0008035723886475263  , 0.05411426769666525    , -0.05278358695818014   , 0.06614666012707116    , 0.08851947258836294   , 0.07129493212783258 , 0.01145889080792259    , -0.022095405720634592  , 0.05671055249777868  , 0.1580820949104042    , -0.19728213515270526  , 0.007081807716859588   , 0.1079181250574303     , -0.023053902333623665 , 0.07425932244037982   , 0.08135498125705617    , -0.17984871152752052, 0.18306607522101695   , 0.06571638557886093   , 0.06770770983454726, 0.07007724125839132    , 0.12558074730338026 , -0.11306293113176312  , 0.1042130455845979     , 0.0195140290556757     , 0.11745483180723076    , -0.02049613260735547  , -0.09932711372125604  , 0.2278962943631071  , -0.1398492483845793  , -0.13471846438394267  , 0.031286856340458975  , -0.11438515148691483 , -0.054829584984911285, 0.025278043834743965  , -0.0857764533280874   , 0.05469724068671096   , 0.08452660819094185
RAUTAHAT       ,    2022, 2078/79, 0.015864131506743998  , -0.062289756071111334 , 0.1366565676181103    , -0.010234812488907483 , -0.0026033443900338278, 0.07926337492228364    , -0.0576718461554351   , 0.06071546976378459    , -0.09887410728474576   , 0.14998693371627944 , 0.1798846237494389  , 0.10874036644352288   , -0.2964553434108412   , -0.004581903476173444 , 0.02640133099608878   , 0.12996968483227975    , -0.13694652412075475  , -0.06158659700066683  , -0.10802773957652766 , -0.16047062288205166, -0.24408077185736854 , 0.33004490432836064   , 0.0638077998080336   , -0.03963402524935418 , 0.017993605512305513   , 0.1459926430160211     , 0.06013794655841019    , 0.06903500202560173    , -4.6278488705200344e-05, 0.07464687541307521    , 0.0803753942023102    , 0.0545017782851382  , 0.013290590727556397   , -0.0005653723728981336 , 0.06423194663033951  , 0.11802056178520709   , -0.19260120935716538  , 0.0029797964802208386  , 0.03908373876569057    , -0.03494035111880075  , 0.07561200520387543   , 0.12072652014067957    , -0.12662148730777653, 0.20633139601350192   , 0.03683996033101664   , 0.09699322028478236, 0.07479352545225611    , 0.08562749752754822 , -0.12023101979973433  , 0.0465218581686677     , -0.030147778704141537  , 0.0720429934649785     , 0.0162041323943089    , -0.10855804632316557  , 0.20708102939122128 , -0.1699176220499364  , -0.07433788319271566  , 0.0030986931914962334 , -0.09113273514197984 , -0.10850157364052632 , 0.061272282865764444  , -0.13160497112093944  , 0.05815083562586235   , 0.05739938781753046
RAUTAHAT       ,    2023, 2079/80, 0.015299048205024191  , -0.08254572827996366  , 0.13747488668825916   , -0.01934898065989162  , -0.005295517684809667 , 0.08026662872411999    , -0.049923639820664015 , 0.09542851113339429    , -0.1037810741400735    , 0.1184878846798875  , 0.18307144914010817 , 0.11614197831165451   , -0.3214449856540113   , 0.02992033015114123   , 0.03138628570452392   , 0.13834200390269413    , -0.14182273939346363  , -0.05467335312399316  , -0.11282637289862373 , -0.16115864232889865, -0.24092338324597307 , 0.32175421175149194   , 0.07744716778816428  , -0.05380430420629256 , 0.02281167314142313    , 0.12956071883019044    , 0.07929616986848535    , 0.052991979882780635   , -0.010823896537357642  , 0.06800045656560245    , 0.06799804734360093   , 0.057742614315444606, 0.001245997317809372   , 0.0046852132111283055  , 0.1080638097501      , 0.10245326782935679   , -0.1841887269387488   , 0.0014351544197584722  , 0.031195617537439886   , -0.035395169829377765 , 0.08468884972174937   , 0.09442982407226799    , -0.10942433377858278, 0.22820287266664424   , 0.027101253200851598  , 0.12418867427857155, 0.09266620772212211    , 0.09568461547411716 , -0.11353005828214978  , 0.02910024541778688    , -0.0296201143865031    , 0.0984441023629725     , 0.02956298325684514   , -0.10642154351532587  , 0.17739700232876565 , -0.1690470966062107  , -0.07289873514382728  , -0.015938029451323433 , -0.07087912339381773 , -0.11982138571588284 , 0.0444435229852132    , -0.10013973703521976  , 0.07659368298976746   , 0.04635322672446438
RAUTAHAT       ,    2024, 2080/81, 0.01193987628057591   , -0.13151205575288108  , 0.1393357567812593    , -0.01058400847037662  , 0.011360910855290327  , 0.052462492639880884   , -0.04520659052753142  , 0.11302994766171064    , -0.09317789411098126   , 0.1366798592513686  , 0.13235250620062688 , 0.0867288582490819    , -0.3224490916966583   , 0.029179524470894724  , 0.04117263453346173   , 0.06395373562464104    , -0.16629926770167175  , -0.004956693827690737 , -0.11620965071077007 , -0.1293366649935019 , -0.21431416494621566 , 0.2860642402340527    , 0.059928499545839335 , -0.030975198819666087, 0.03107586921005795    , 0.16766216656361285    , 0.07191592195709043    , 0.031132612653137215   , -0.009532818783296457  , 0.07899645783828288    , 0.0898759555562261    , 0.061521173737949464, -0.00307140723218299   , -0.03156331684536191   , 0.12709310074163968  , 0.15174752817956344   , -0.18763825500988474  , 0.02577802827987825    , 0.08143748419892922    , -0.025368682485799873 , 0.06730522245025283   , 0.04608839346874877    , -0.1505067904936927 , 0.19938444178072853   , 0.02772845847074546   , 0.0932148808635034 , 0.07358631735929166    , 0.1018371034521564  , -0.1440004506190318   , 0.07335491313469719    , 0.009795888831408923   , 0.1298859561522278     , -0.02833249764147694  , -0.11524724163102325  , 0.22060781482333372 , -0.129178727448877   , -0.11260158015976661  , 0.03187836470116005   , -0.1164968943166176  , -0.0659966271114333  , 0.05605814746583592   , -0.09228131404385152  , 0.06417974518650417   , 0.05715436935773416
ROLPA          ,    2019, 2075/76, 0.014388982056054175  , -0.1515837211511221   , 0.15207079603641677   , -0.05781561718751021  , -0.04130646785307578  , -0.10203475253078115   , -0.12966690402276684  , 0.1801298160729825     , -0.013891114040664631  , 0.042096767759254416, 0.04029597028907244 , 0.014473801928176612  , -0.24451531945025434  , -0.006447876826488455 , 0.025261626690756957  , -0.037776213567894595  , -0.1463089596467649   , 0.10232811590122534   , -0.09896763761971096 , -0.1870940568422146 , -0.05384481846747628 , -0.030879245528609996 , 0.15749238551814673  , -0.09488013644510628 , 0.04676857573344355    , -0.06701603108730285   , -0.010679972065406232  , 0.04792029719349299    , -0.0772041043533042    , -0.01204654182252847   , 0.054739886185793896  , 0.22203110571305076 , 0.04639242724770101    , 0.030648508066767575   , -0.1457281209522788  , -0.05483156071263596  , -0.034719531502032996 , 0.005890124594083539   , 0.035447743574959334   , -0.058382857479161346 , -0.028849301362443763 , -0.045329278002578036  , -0.15647530081811573, 0.03796322722072607   , 0.09834290412753408   , 0.12255556459712873, -0.041051660035314734  , 0.2230269768051642  , 0.022502613460953162  , 0.04700369572895405    , 0.07353017585994957    , -0.02788276555515997   , 0.054257257819228556  , 0.04790415885460406   , 0.15150364029672542 , -0.11886740269052178 , -0.12498753416296002  , -0.08937897536612172  , -0.1563546332306807  , -0.16313462416065602 , 0.1505552850556099    , -0.03123204276752161  , 0.000354363247683307  , -0.12049097429203041
ROLPA          ,    2020, 2076/77, 0.027674118894408132  , -0.11511225595219543  , 0.16058745582996986   , -0.045454646101196684 , -0.027527808183108092 , -0.0701543391408871    , -0.13999652664284146  , 0.15610848264646326    , -0.0002665643555231054 , 0.05571992462426666 , 0.02949940232182842 , 0.0021941230294022823 , -0.259344116763323    , -0.03454315285831778  , -0.006728726311619855 , -0.038133933253471225  , -0.15513620703469969  , 0.10817006895487821   , -0.09397958583273253 , -0.1700837894613167 , -0.046796449666187054, 0.013225345676979406  , 0.13252123208370853  , -0.09312872951414357 , 0.05685017122658371    , -0.04016439062795889   , -0.06413078629169584   , 0.010953267655877303   , -0.07872102981502115   , 0.015367981126063145   , 0.04665170522501192   , 0.21109768501119158 , 0.07499114948834205    , 0.04014355081086451    , -0.1922886877571148  , -0.053499339433761825 , -0.050633256623342435 , -0.03699639261406825   , 0.003217116018594627   , -0.04364030316740573  , -0.03045589361740112  , -0.0031662527764427266 , -0.17221948899529574, -0.01834161344897407  , 0.09627122395060304   , 0.12793957884804505, -0.04910716777509144   , 0.2578403496759438  , 0.006851402507702368  , 0.035936243785003215   , 0.04911440641053363    , -0.05762232935808768   , 0.07334067339850663   , 0.10677384877717054   , 0.12431573534571412 , -0.1552733059536655  , -0.09342715258910603  , -0.06721535319471549  , -0.14449449012396934 , -0.14574672351208828 , 0.11834353276294494   , -0.023877808088336096 , -0.004994424298665648 , -0.08620532296243719
ROLPA          ,    2022, 2078/79, 0.06913149424328179   , -0.034187053254916985 , 0.18336699117376168   , -0.04542127062469952  , -0.0269770645665669   , -0.09236769357526647   , -0.17841330131392563  , 0.15436492730225324    , 0.01894783152590981    , 0.01292273376111633 , 0.056393404463984685, 0.05432142673856216   , -0.20513077316234005  , -0.01171560304849572  , 0.00043874746869421323, -0.020547882269566567  , -0.037808070852476144 , 0.06158743805150475   , -0.13169839684485674 , -0.16068546780152987, -0.10033886746979227 , 0.023413263729834613  , 0.14560859557937328  , -0.09570606760465583 , -0.0035768725532712266 , -0.085490240527437     , -0.02769967989622834   , -0.04339375920581446   , -0.03129172394784131   , 0.05477802115612233    , 0.054015371467946265  , 0.14701061094192075 , 0.06666405114114535    , 0.09129072479172265    , -0.1837077325079092  , -0.07474478011097098  , -0.10260482710071282  , -0.0394425889394174    , -0.02935726421147298   , -0.04012051576901969  , 0.012945259974359663  , 0.07143754165879547    , -0.13184568076095196, 0.09319583000688628   , -0.005714276076268722 , 0.15854692122485545, -0.06239954652469845   , 0.2157351907129989  , 0.01728434142772487   , -0.03716248843487806   , 0.03750110055421015    , -0.09707343078929821   , 0.07991744376673916   , 0.1328185758005341    , 0.09925041826283572 , -0.20678099467291286 , -0.047589467347101594 , -0.0896797783467277   , -0.13917730693098826 , -0.24812347046797065 , 0.08078835870982085   , -0.02455856494663559  , -0.03782401031112488  , -0.06573820308096694
ROLPA          ,    2023, 2079/80, 0.06446289056323194   , -0.10752626193132496  , 0.1701948742130211    , -0.07701282677942312  , -0.05098467399057941  , -0.06754669221190976   , -0.11665578573870133  , 0.19596129745153734    , -0.01201783568422026   , 0.04286406230225734 , 0.07268055426179543 , 0.028755579518469385  , -0.24061048335560706  , -0.032634232357533335 , 0.031641129444093676  , -0.022007985674975892  , -0.09648965607101724  , 0.07639804354182861   , -0.1209160048047223  , -0.16568241600043965, -0.06431951622017927 , 0.019060846133068944  , 0.16571951502509813  , -0.12839442488246428 , 0.04989439450282691    , -0.07814261500517027   , -0.013056225076789033  , -0.01804283344011894   , -0.07421427901790693   , 0.03331506053889982    , 0.058080432309544155  , 0.15046215231344956 , 0.076146245267544      , 0.08927497252565261    , -0.15437192817058198 , -0.04996726603136532  , -0.06563929867144899  , -0.04903488460121629   , 0.016596472694645533   , -0.055892988408284494 , 0.013207225437460654  , 0.04626457617411197    , -0.14775189511842773, 0.11086472668849094   , 0.056015854618589156  , 0.15791761107768704, -0.05096630288967365   , 0.255641716128255   , -0.008745531279407706 , -0.011687828638899615  , 0.044032257716486306   , -0.04191647948977175   , 0.0706129220477528    , 0.09753928315119907   , 0.08369233467695077 , -0.15233237392212196 , -0.065062492415583    , -0.08399540030353513  , -0.14193260316540393 , -0.23079653200909966 , 0.10902881746461841   , -0.006001780883778853 , -0.03166643393711386  , -0.08372400102175354
ROLPA          ,    2024, 2080/81, 0.043627449002120615  , -0.13253290782432856  , 0.15853478562460527   , -0.0722834031946311   , -0.03498282252893376  , -0.08578897265555793   , -0.10243435193450666  , 0.198592612489751      , -0.021990328974767742  , 0.04915148275574108 , 0.05357458451714663 , 0.03128443624247208   , -0.2545922386014164   , -0.007544196757945806 , 0.031462274434254846  , -0.02976065889366013   , -0.12975926705006025  , 0.1141902891460949    , -0.1313325330016738  , -0.1777043482440362 , -0.07054020464636923 , 0.005350031582691882  , 0.16586638254000627  , -0.12315307801855915 , 0.04436411594837692    , -0.056802795877915084  , 1.676355770338057e-05  , -0.0018138447818868218 , -0.06588942005839006   , 0.010885116559283573   , 0.06859705272727566   , 0.1903562257102752  , 0.07001000224833148    , 0.0652356116394041     , -0.13578620135560468 , -0.04049098020198283  , -0.057892834945425076 , -0.011263379545558231  , 0.03602068147474448    , -0.07167714059238871  , -0.004908932889686309 , -0.0002553570252920899 , -0.1644953883097732 , 0.08229725125706955   , 0.07846850893146379   , 0.1366718126588702 , -0.03942703422994978   , 0.2390350988882806  , -0.027057253508333337 , 0.01559743308218483    , 0.07406455196392193    , -0.0318473318103176    , 0.05148104234822141   , 0.06481009111497026   , 0.11949290389840998 , -0.12240169343054796 , -0.09299924257838241  , -0.054202299307832436 , -0.1587621182539561  , -0.19572907906354953 , 0.1268317340620917    , -0.018915188003771552 , -0.018590037514064732 , -0.1024085892781362
RUKUMEAST        ,    2019, 2075/76, -0.022912237670972405 , -0.19570733104508106  , 0.10241998455576426   , -0.08751732318545581  , -0.09332362155625595  , -0.04788762929652046   , -0.04111532444596838  , 0.1290774913849409     , -0.010539957554050804  , 0.0927588762124911  , 0.0327086336126719  , 0.0021669923008347876 , -0.11905166059238659  , 0.0006650291113527457 , -0.05302869961995548  , -0.010144393307955503  , -0.1370025364667245   , 0.11110497496666734   , -0.11496299393219958 , -0.169122629618641  , 0.05888551552372668  , -0.055576818501559815 , 0.1166249750619627   , -0.09347999465376894 , 0.01643471703374213    , -0.08606638985912421   , -0.020110390440391167  , 0.04831918334923807    , -0.019799709490704098  , -0.016952770586560403  , 0.03859929387301981   , 0.2215400177596014  , -0.026107913998238953  , 0.047941403562557355   , -0.12030579710264432 , -0.1141194581745956   , -0.013113737309179403 , -0.026459415494326618  , -0.03280337663277071   , -0.06739380783841581  , -0.05955167210344313  , 0.009106773320565668   , -0.15697885108320403, -0.05473630856140964  , 0.052615583971046945  , 0.14349143001025788, -0.010150150203438438  , 0.16686814135002617 , -0.015144067394630647 , 0.031443736384750086   , 0.04131779497574348    , -0.03844065738508978   , 0.03825642489034677   , 0.14249751385993467   , 0.1761562485341882  , -0.069512351812722   , -0.16020894906044333  , -0.14394222116914082  , -0.15441187972162085 , -0.1157546290034556  , 0.031711710732130194  , 0.0726867454497796    , -0.059345805812432074 , -0.06862375222080268
RUKUMEAST        ,    2020, 2076/77, -0.0032063090250280066, -0.18656793820405662  , 0.1141377656240754    , -0.09963096993300992  , -0.08336687439943391  , -0.017649052244075283  , -0.03948078767705263  , 0.10381823588457333    , -0.00530829659255723   , 0.08114356713034104 , 0.045735766322319744, -0.015077480958016864 , -0.1166744175885385   , -0.009014446058955648 , -0.049427552141993576 , -0.0067483371450720985 , -0.13668357213539742  , 0.11823340227044461   , -0.11328651791682488 , -0.15337752544869415, 0.07203248539692578  , -0.03089888511252827  , 0.10334909702973102  , -0.08175674481585289 , 0.02917632831655597    , -0.08340266106322144   , -0.034589084364011126  , 0.029912487699381457   , -0.0275975216149323    , 0.006098190759540642   , 0.02436434792671712   , 0.21907107680452648 , -0.03191801601289485   , 0.04442515137208898    , -0.1454309120477848  , -0.13890107843053406  , -0.020526282350147845 , -0.06281126867605344   , -0.05632645166332575   , -0.06614786825885854  , -0.0361410221881515   , 0.02658764194870699    , -0.16328871094661113, -0.07374992963989828  , 0.041450860495733405  , 0.149405929921109  , -0.021432131734977388  , 0.17472989318912857 , -0.03498344702787621  , 0.035222343621318326   , 0.014896834419822782   , -0.04587249899757743   , 0.06363065985393636   , 0.18202041680281636   , 0.1576813031708965  , -0.0824603393764279  , -0.1293042628072519   , -0.15380827324657526  , -0.13292990996217632 , -0.13017883985424283 , 0.009826269041123471  , 0.07896386233939993   , -0.0753019581505721   , -0.03954635803735291
RUKUMEAST        ,    2022, 2078/79, 0.015488838968256572  , -0.12044136684895804  , 0.1319916877867986    , -0.09614876395959862  , -0.08347904661249012  , -0.06629421346282996   , -0.10504299652955168  , 0.12939745229923588    , 0.022121572950445305   , 0.05305611101094387 , 0.05735802042447851 , 0.005516211072390265  , -0.04478588139243787  , -0.012937351254583462 , -0.04414198709832646  , -0.013480344925623717  , -0.03360834312544807  , 0.04695780308818872   , -0.13451115296734154 , -0.1447802286341478 , 0.036490375186925106 , -0.029137346180079227 , 0.1045991501688073   , -0.08150637944379602 , -0.01457035903160087   , -0.1318162814278362    , -0.02285073009546456   , -0.020619553334141817  , 0.052319767918501785   , 0.05884674371392411    , 0.032495172122807586  , 0.13170008331835345 , -0.03608168414387778   , 0.0857648575436587     , -0.12839359842297518 , -0.12673048632757822  , -0.060536718208684406 , -0.052847352984337403  , -0.08710823318732541   , -0.05466357593628711  , -0.01089806845123264  , 0.07942718388076764    , -0.1332651430118573 , -0.0004109875111196789, -0.03965608721302164  , 0.1984486267332743 , -0.022832089944010495  , 0.1440632796778042  , -0.012689535118674388 , -0.010297753612018873  , 0.003587594460793982   , -0.06664316198479775   , 0.04991355072831602   , 0.21685430695864116   , 0.14016879853239578 , -0.14184341951251114 , -0.11794909040943545  , -0.16003606936696116  , -0.1388431787267354  , -0.19397850876390735 , -0.032594417947816624 , 0.08916450677302568   , -0.0984477213854248   , -0.03752194221948996
RUKUMEAST      ,    2023, 2079/80, 0.014509633050565993  , -0.17494667480212187  , 0.10268950807533211   , -0.09728550974075317  , -0.11660266531088519  , -0.02609702419148041   , -0.02454259726213296  , 0.14270531037431713    , 0.009591214433963907   , 0.07305728468482944 , 0.09415258092868542 , -0.016285129688838797 , -0.10292497274747973  , -0.043095597494700995 , -0.03660620432032032  , -0.03613415095984639   , -0.11654012702556676  , 0.09132530202162006   , -0.13137413728048827 , -0.16455545438507713, 0.03135626327853974  , -0.022295394794443393 , 0.13956232880531746  , -0.07993814480757447 , 0.03484588536411434    , -0.11011299060158376   , -0.0427019822520866    , 0.004185518733339527   , -0.055899887766990106  , 0.018047649475194747   , 0.025788836105036992  , 0.1575512081007446  , -0.006710678076135429  , 0.09596086435220991    , -0.14228418582390007 , -0.11545771086990267  , -0.04681381108495296  , -0.07427849045157557   , 0.0061201857225423265  , -0.09866693944358104  , -7.471348658142758e-05, 0.06414458844529564    , -0.14601639223834637, -0.005449774874139251 , 0.027701046227310365  , 0.16577861046144785, -0.02646030390426861   , 0.19840267654223498 , -0.05264465677864994  , 0.008646202503519666   , 0.0016601364284638846  , -0.022916135226649873  , 0.038863706425284     , 0.15442822542691156   , 0.13267401466794754 , -0.1033059304350976  , -0.09983121071784971  , -0.1377841533980234   , -0.16490170846788732 , -0.1643459640871492  , 0.013315708863641407  , 0.07820385844997915   , -0.08525653410773634  , -0.07140757318584695
RUKUMEAST        ,    2024, 2080/81, -0.0017767315789458027, -0.18419866880782276  , 0.10768155692776538   , -0.09665933520856144  , -0.10925721089265873  , -0.03538140024365131   , -0.02449102054458872  , 0.14383444883265883    , -0.009118251345081567  , 0.08899443949288949 , 0.06956688612410701 , -0.015491073823735841 , -0.11091933940153896  , -0.021031956300362788 , -0.02834875838512238  , -0.035053403171512926  , -0.1398801402107091   , 0.12996553108093364   , -0.1430202014264682  , -0.17900200266821745, 0.04502705305025434  , -0.05136867169920353  , 0.12408628422659274  , -0.08056472498108457 , 0.03843578091091768    , -0.10305573857158751   , -0.012350283589535703  , 0.01723474720586361    , -0.027704859222360455  , 0.0038016351732259764  , 0.04848294644201531   , 0.20036794045104517 , -0.009027910936724476  , 0.07813350314817426    , -0.13820311498181262 , -0.1139024499355157   , -0.03096105732236952  , -0.04791409767587688   , 0.006308686082811507   , -0.10074427571821086  , -0.02662565489019912  , 0.013787533551051088   , -0.14160517608376574, -0.012381944513439559 , 0.04764477193532952   , 0.13845195668691382, -0.00910052425638027   , 0.1797953591516221  , -0.025948951464463927 , 0.007315159794230185   , 0.0351984534154437     , -0.04043813105271281   , 0.04095984186306114   , 0.1385598797781855    , 0.13708930617878715 , -0.0807569396812961  , -0.1279025445352688   , -0.12122222160519633  , -0.1755513189565112  , -0.1608069476173617  , 0.024888951456638216  , 0.06798059169970422   , -0.09219461708200133  , -0.06878132456274857
RUKUMWEST        ,    2019, 2075/76, 0.010833501606594406  , -0.17658047848659794  , 0.14632164661100205   , -0.07421691385765435  , -0.059307987064327404 , -0.0798426402160042    , -0.08913087899080302  , 0.17518302412898018    , -0.015741875980858133  , 0.054828655508797335, 0.04062210989692434 , 0.019741364521696496  , -0.18730863822556226  , -0.00764614103206513  , 0.020339314877815814  , -0.04035854484976564   , -0.09261202977594257  , 0.11063741354016364   , -0.11344883508431844 , -0.18865278319064885, -0.004749537402608411, -0.0492737649175803   , 0.1214754321671911   , -0.0830156790287377  , 0.053493073965431195   , -0.07105235991341749   , -0.012610838400933595  , 0.035233680049948896   , -0.03417590679013354   , -0.004494941931149773  , 0.031218210183038678  , 0.20552594802671034 , 0.018438770094292088   , 0.04113993440811469    , -0.14478612598505802 , -0.09196335211473357  , -0.01601995040837813  , 0.003937523979869881   , 0.010710108444404271   , -0.05655312176872928  , -0.02239010998890754  , -0.021914061661695634  , -0.1352310154638485 , -0.003135968785805149 , 0.07789375656060268   , 0.1339596741375282 , -0.033036547316150196  , 0.21571822877964347 , 0.03677109545331785   , 0.057735622928018995   , 0.044789154313471635   , -0.03175797565709337   , 0.039595789893708405  , 0.0849630244877523    , 0.17872685115908085 , -0.07678797884186497 , -0.1417877259906045   , -0.12560769935436508  , -0.14334572350094046 , -0.12877527298151548 , 0.12438814806438883   , 0.01318795433711421   , 0.006531472813629341  , -0.08179858191895649
RUKUMWEST        ,    2020, 2076/77, 0.01880034719175269   , -0.1581646027883294   , 0.1460119748750565    , -0.07341433873308856  , -0.04159193565207004  , -0.049514352899057985  , -0.09266826410683117  , 0.15492268558564934    , -0.01065879140852929   , 0.05445901380746081 , 0.03958800847107925 , -0.0006913900360907184, -0.18638406238644561  , -0.02758021321106247  , 0.007960595717024432  , -0.039348439586383635  , -0.10856613704864852  , 0.11609078984297262   , -0.10432223677174697 , -0.17169042928358622, 0.017202845849938204 , -0.02441453163615353  , 0.10691039289034865  , -0.08175646623115157 , 0.06287660612163008    , -0.0690867497830278    , -0.052843966168797794  , 0.016701663210917806   , -0.03491166154161132   , 0.015487604705883284   , 0.02277672636525009   , 0.18965589430021312 , 0.032708131448786294   , 0.04736199160089259    , -0.18437635808328012 , -0.1042906832194231   , -0.017905941607349114 , -0.02843434487832495   , -0.017955492384449708  , -0.04738579951081887  , -0.01812230784952353  , -0.004127312658162749  , -0.14216790823249006, -0.05186034355100161  , 0.07842319034460743   , 0.1428904349901945 , -0.0378888419369619    , 0.24462008698268958 , 0.0316759779791898    , 0.04666021347575569    , 0.02724315493460448    , -0.048123196756284285  , 0.05324611387255034   , 0.1337801295120894    , 0.16070972088524266 , -0.09681531671174079 , -0.11505825251247805  , -0.11288598081482756  , -0.13129739105091112 , -0.1249365670793323  , 0.10328186616863158   , 0.011238541601835638  , -0.0029007268695744257, -0.06262362798510246
RUKUMWEST        ,    2022, 2078/79, 0.053229568799753435  , -0.09577405141231636  , 0.1718968716484475    , -0.06987676779967006  , -0.04476212529888192  , -0.08084930533383394   , -0.14296502306259903  , 0.16782914200660054    , 0.012809958568268994   , 0.023737261109889655, 0.059380798418365764, 0.02957693485536988   , -0.1353658072229315   , -0.018558645990684526 , 0.01939109953545417   , -0.03308741038453734   , 0.0023915592584741025 , 0.06762799486870608   , -0.14548201463217272 , -0.15777867930270784, -0.03571575972546376 , -0.0131886508075769   , 0.1172045729475928   , -0.07519649147239833 , 0.010394244993596157   , -0.10759024873647421   , -0.018499757720066293  , -0.02859120219872428   , 0.01616587204446736    , 0.05649763304528314    , 0.035016919997933944  , 0.12337366452094037 , 0.030431538972492275   , 0.08857506366983575    , -0.17345940172790525 , -0.11782061970394599  , -0.06635259355678547  , -0.024560465885644325  , -0.03153469514303219   , -0.04851550380819405  , 0.01844448745390671   , 0.06064511125057282    , -0.10836234489259454, 0.047326074698890996  , -0.01348030852811442  , 0.17693896651009675, -0.04629723980029961   , 0.20155131624052797 , 0.028606045198279088  , -0.004346788414175659  , 0.009266132172146944   , -0.07935155853505711   , 0.0491696413018109    , 0.15378551593342388   , 0.14741169167091206 , -0.14058430869181768 , -0.09076031708230892  , -0.13275600474977634  , -0.13994627263290485 , -0.20653474561547444 , 0.07366295333237607   , 0.010744161386797828  , -0.03040751631879043  , -0.04383021730976992
RUKUMWEST        ,    2023, 2079/80, 0.05447750225627815   , -0.14907948707094318  , 0.14684470518496814   , -0.09160698416937937  , -0.07204221221653286  , -0.053928782036205145  , -0.07517403646081836  , 0.19214880085772004    , -0.00890136643969074   , 0.048638863965747334, 0.08347058436299058 , 0.01890659823971722   , -0.18479535556479917  , -0.04346388978854408  , 0.03250214061626773   , -0.034012616488567675  , -0.07105760989665813  , 0.08816962054281381   , -0.1301324293537431  , -0.17309797811368893, -0.017885410871062466, -0.010030018458473842 , 0.13481648982071306  , -0.0967884900898166  , 0.05967671530907434    , -0.08936280046191251   , -0.0313522738130831    , -0.012763785335247904  , -0.0427930157788938    , 0.0333811309922048     , 0.028256312022317934  , 0.13513660479933776 , 0.05570090484809922    , 0.09910726150671496    , -0.15468476188711566 , -0.08502900985669758  , -0.04175893655241954  , -0.04249787192829786   , 0.016584736147432794   , -0.07194801456930522  , 0.020679964014406926  , 0.04428917606408843    , -0.12263228044477043, 0.04914890351621972   , 0.05032367612943369   , 0.1663958541530937 , -0.042177004394613034  , 0.2543073971031507  , -0.002914033664940189 , 0.012338555743704748   , 0.01811806071955631    , -0.028351712004436407  , 0.05710508197185698   , 0.12031980386618786   , 0.11853980427566485 , -0.10263785629626786 , -0.09006285980305229  , -0.11777535206626097  , -0.13181035351970202 , -0.17989230482888735 , 0.09604464767012803   , 0.03545028782242544   , -0.014007543206592872 , -0.06668639727754946
RUKUMWEST        ,    2024, 2080/81, 0.03203554819770219   , -0.16843146775778808  , 0.14321460879934955   , -0.08321706979774243  , -0.056864841159149616 , -0.06521285682911036   , -0.06544371353850413  , 0.19482167295663116    , -0.02412539550156605   , 0.05842832420457326 , 0.06276969318843117 , 0.024221755857502598  , -0.19718941932719508  , -0.018496639811772877 , 0.03445984002373337   , -0.03747594480051967   , -0.09376030524216103  , 0.12049897502266488   , -0.14840993522167537 , -0.1896401989743906 , -0.018996898300089805, -0.026164625853207644 , 0.12264848097328591  , -0.09891600974612828 , 0.06490356374333003    , -0.07199256617548977   , -0.007387752266119033  , 0.005726790413630908   , -0.03544350783401649   , 0.016677791570532913   , 0.04300513904751095   , 0.16856098654570287 , 0.04827120153700014    , 0.0681150265755908     , -0.14180759995336117 , -0.076391623042153    , -0.039763041311108034 , -0.00994932517242203   , 0.027044001484731288   , -0.08215316108484486  , -0.0030869451293511797, 0.0035592772701670042  , -0.13335266954033406, 0.03486631625394522   , 0.06881991157619555   , 0.14102163775375245, -0.026642375756917618  , 0.24010326218809724 , 0.0001051141474413771 , 0.030164590489686633   , 0.04664797715303442    , -0.026336621210519055  , 0.04386505930305756   , 0.08978491876104672   , 0.1405837033636571  , -0.07469794800767149 , -0.11783300465517084  , -0.10072657592492765  , -0.14888144683544646 , -0.15581343206522866 , 0.10762341041993527   , 0.015790189349780073  , -0.006454263601152401 , -0.0761170048890678
RUPANDEHI      ,    2019, 2075/76, 0.025594436996887224  , -0.12601762175075643  , 0.14277049054525      , -0.0020846227840209154, 0.06036106382265362   , 0.05088157132207629    , 0.011191053401953933  , 0.13245690657202203    , -0.10136858013456432   , 0.10938159032159808 , 0.08438229092749126 , 0.10599185043006033   , -0.3206760280794556   , 0.09200126145981206   , 0.07626923239468553   , 0.05927613401863764    , -0.15557160793005193  , 0.03470840370286548   , -0.11999753726906176 , -0.17026066594520756, -0.17963486444104207 , 0.21578775175549017   , 0.10039023193881805  , -0.02035836323384292 , 0.027849021189398488   , 0.1358303222620812     , 0.05225213737704738    , 0.07397895598125259    , 0.017787373894827506   , 0.04924638096093006    , 0.10027018829082097   , 0.09291579417958735 , 0.015278996320797236   , -0.05206491789412724   , 0.11327669814929853  , 0.13950135125416438   , -0.1815137695899723   , 0.036822334091364636   , 0.11233741913415295    , -0.004565263455382506 , 0.0954845309502331    , -0.007520827440518674  , -0.17138438699720637, 0.16146080561054926   , 0.054682186078389594  , 0.10475466722862961, 0.08558884233351553    , 0.0935675269454491  , -0.17920540466453988  , 0.07203337013353321    , 0.008730000203388204   , 0.17113008042108185    , -0.08230671815042323  , -0.1417524276823484   , 0.24858977318778602 , -0.11666447040407665 , -0.12186165681755783  , 0.04800169049067187   , -0.13012212928894434 , -0.0629655868210473  , 0.08963960642315923   , -0.06306692417119518  , 0.04315920460898487   , 0.048265650556141675
RUPANDEHI      ,    2020, 2076/77, 0.00996133323982057   , -0.11571440456973087  , 0.19076588997748362   , -0.019899186926134436 , 0.05004800310585761   , 0.07436355904657112    , -0.030791719397674767 , 0.06627482288350502    , -0.0712024415155495    , 0.15333867157068226 , 0.081957845761019   , 0.0842754346323421    , -0.2973967483055138   , 0.03446197308117457   , 0.06193316979180887   , 0.07686808316143856    , -0.186780050426092    , -0.0013057648717416386, -0.11135698032210226 , -0.14666125548710343, -0.16988618038242886 , 0.24098600123962954   , 0.05552351604981646  , 0.009384416803605343 , 0.041686241244450785   , 0.16288671109392       , -0.02367407962245136   , 0.08670979743313299    , -0.016089618305217213  , 0.039928533349052144   , 0.08841867979480572   , 0.10503825905038547 , -0.01387930840901632   , -0.057867239318328906  , 0.06170886986040532  , 0.1288871048254578    , -0.18738193209831877  , 0.019967147708635745   , 0.11477286584335411    , -0.00853710530576758  , 0.074577558018335     , 0.02223812994324253    , -0.20792636204223514, 0.15595230689850478   , 0.09485321520984503   , 0.07232830790636616, 0.07971340032792636    , 0.1051738782570497  , -0.15215950961908664  , 0.09854342093100543    , 0.010590246243988957   , 0.12672312172973343    , -0.054469704328373884 , -0.11606682858081065  , 0.2628343967623599  , -0.1429152640693375  , -0.16003038227864536  , 0.03178631000492383   , -0.13627468213380375 , -0.05959128894217764 , 0.0665318400103378    , -0.08191863385100653  , 0.06793780608452457   , 0.061241889306679065
RUPANDEHI      ,    2022, 2078/79, 0.017609769645446492  , -0.02604965068280469  , 0.15432902937048165   , -0.0038644754821832135, 0.033393304929259     , 0.08357110032385817    , -0.04539894689329083  , 0.05296455377588452    , -0.09742250300480522   , 0.11519880098398934 , 0.13622722706135348 , 0.12887730952744475   , -0.3087425022321468   , 0.054039802618276296  , 0.03425697590318534   , 0.14392191463758253    , -0.0897569968585032   , -0.03099762063023996  , -0.14107200625215738 , -0.15324659006476282, -0.24542068857543972 , 0.295304592135456     , 0.07899477782288074  , -0.031375350462146366, -0.006282355543258924  , 0.12759365584420904    , 0.05812102011880055    , 0.05317883261479103    , 0.02228271295534679    , 0.07623671009453842    , 0.10059131019242225   , 0.06389541854326856 , -0.012469682778317498  , 0.008954731444821734   , 0.07236462945094166  , 0.08214532183795069   , -0.17929023597400154  , 0.037973147138922865   , 0.04857763231816016    , 0.003554870874620677  , 0.08823830345268582   , 0.09034494224280543    , -0.11322952988111017, 0.2233381977023141    , 0.028642201222731697  , 0.08788832694116262, 0.08729144602667228    , 0.03942108911960752 , -0.12572496059821303  , 0.013447021893934066   , -0.02853064203508122   , 0.05398744956212621    , -0.00796190125921948  , -0.09854679262207357  , 0.2324689453236517  , -0.17565940322620585 , -0.06912102880685202  , -0.014271702535255943 , -0.10414378436670324 , -0.14762651104364527 , 0.045091818336783336  , -0.1519786858381279   , 0.04777629202080672   , 0.06111216513619198
RUPANDEHI      ,    2023, 2079/80, 0.016179522645876156  , -0.03963014228787785  , 0.1586762147996451    , -0.0006971031076226553, 0.025113548959695316  , 0.10752770205038045    , -0.043677883393538355 , 0.07872069998380529    , -0.09096245808027476   , 0.11069803445152325 , 0.14967446772452253 , 0.12562167766161472   , -0.3111850952078572   , 0.060759651446322484  , 0.03573141975197648   , 0.1513084663061261     , -0.10295910911564861  , -0.037118484064785705 , -0.13828590967897686 , -0.16150762633579982, -0.23703722000486296 , 0.2974487436636778    , 0.08834182582764685  , -0.044133358365683044, 0.01109057767920022    , 0.10391089848731586    , 0.07323209779342081    , 0.054343536842358      , 0.019725927397793087   , 0.07987876687187405    , 0.09523182108863522   , 0.0606370054076552  , -0.020269785302812746  , 0.0030457502403121012  , 0.08306420774895412  , 0.08482054187697749   , -0.18928176074253827  , 0.025656754976475165   , 0.0481601400515617     , 0.013771492368590646  , 0.09369668701758571   , 0.08842230151835209    , -0.10964365876229797, 0.23079099446088852   , 0.042235795515728695  , 0.1193494116490461 , 0.09378082805733835    , 0.06851093452350558 , -0.12361592214776465  , 0.010247340192637781   , -0.035095471092082595  , 0.08250627562148588    , -0.00876179853628503  , -0.11456596546034106  , 0.20519554208538132 , -0.18125070666817106 , -0.052237436844824583 , -0.012519513656684739 , -0.09445704423242876 , -0.15697057527043978 , 0.023417823192148076  , -0.11974967842690852  , 0.07211632978212087   , 0.0447960856882685
RUPANDEHI      ,    2024, 2080/81, 0.018854788664684166  , -0.13527219232018423  , 0.16219535156330947   , 0.004277862395891247  , 0.025416183242894543  , 0.05033639949868363    , -0.01584709447095988  , 0.10529479250385239    , -0.09883552162752501   , 0.10092164915340147 , 0.1111103212626855  , 0.10114664462144654   , -0.33440118541747055  , 0.051962405600020134  , 0.06266670826937046   , 0.08503539199304486    , -0.1354913014392629   , 0.017311569820841553  , -0.12397814216217624 , -0.17249377219607037, -0.18686198268784432 , 0.24865530607684014   , 0.07426704551132303  , -0.026757041246614894, 0.02717741116694407    , 0.15031168786257829    , 0.0622184801500734     , 0.043809351705088984   , -0.016153779694730842  , 0.07811966683712299    , 0.10585974366520044   , 0.06640378974514453 , 0.004436715771670519   , -0.048322464385628545  , 0.10954795233923625  , 0.14650383892269536   , -0.1780453556614348   , 0.02747138228197489    , 0.07391497784477011    , -0.009766973467515186 , 0.08397048256530762   , 0.014659362339239463   , -0.1697480005119881 , 0.18582645928959804   , 0.033928808066793104  , 0.08948369522106132, 0.07286538155798199    , 0.08536570830452746 , -0.15648867623810692  , 0.053774654551066475   , 0.009883033000210286   , 0.13852408803309335    , -0.05314159699618107  , -0.12075854352811921  , 0.23254758994061295 , -0.13882807343246764 , -0.11010534564465843  , 0.033925684240085116  , -0.11893288424112206 , -0.08868053122292717 , 0.08942265778069235   , -0.09551999138816053  , 0.045296375910973956  , 0.05902563961898417
SALYAN         ,    2019, 2075/76, 0.028578200554001256  , -0.13924154046380938  , 0.15738792291505377   , -0.06913527650014016  , -0.026161713854222158 , -0.08977976893625528   , -0.13395460231459733  , 0.18054754331777007    , -0.02909783548069115   , 0.02837370808685084 , 0.07086572338928077 , 0.04736655296140244   , -0.2918828937803045   , -0.009538750663235711 , 0.05735629963107719   , 0.006769841164179666   , -0.13380562586733297  , 0.08425813012017344   , -0.09805939824959392 , -0.19870410470547106, -0.12580729105660649 , 0.024310796762496725  , 0.1941324869175128   , -0.10910919109232235 , 0.04163548989241951    , -0.031159219177303018  , -0.0015103235823616232 , 0.07665069644059194    , -0.07342427723783307   , 0.019322911815038344   , 0.06315432853948824   , 0.236826518202438   , 0.08058653046956384    , 0.003402548424357024   , -0.12106675973265227 , -0.029177026983711826 , -0.05654820781546316  , 0.036205417388914606   , 0.07064073594158789    , -0.05205529934270622  , 0.0003794973915381156 , -0.05105367903418641   , -0.15801507405915796, 0.11379687143633811   , 0.13557751777739732   , 0.10739338377749688, -0.030528140094156594  , 0.19908702078538967 , -0.016301643763924886 , 0.0442852904205627     , 0.08356860444412305    , 0.023594008718182458   , 0.05857739778083498   , -0.009911395329694248 , 0.1530031313574596  , -0.11934349363299228 , -0.11440850858330134  , -0.061145889706351    , -0.11994996867208428 , -0.14935828616016023 , 0.18194715769996717   , -0.07457771645438913  , 0.040027076235178     , -0.11575364692753261
SALYAN         ,    2020, 2076/77, 0.028115831858860286  , -0.12164433264020323  , 0.1517504933521333    , -0.04483278148509009  , -0.0020021529743983507, -0.04253640716445897   , -0.15045557146255914  , 0.16880672009924197    , -0.030821501454109196  , 0.04673831428371594 , 0.05213684851244197 , 0.0274818212121561    , -0.3043705539541937   , -0.03837876160408938  , 0.03775157847813317   , -0.001054635695102319  , -0.1709973259844597   , 0.08428785566209726   , -0.08932305871139422 , -0.18534008470982669, -0.10475568582246822 , 0.057507268417776515  , 0.1563239370468279   , -0.11779985221214216 , 0.05441005539982931    , 0.013726538476279714   , -0.0637297619315231    , 0.045776127632861936   , -0.07001791610692071   , 0.038159941756998696   , 0.06016204883992661   , 0.22142456806887412 , 0.10206492515064326    , 0.016724114028484224   , -0.17166432966364184 , -0.016623683575854527 , -0.06489658736437069  , 0.0005734808789603083  , 0.028636606741486263   , -0.035682125583567675 , -0.0163832208521491   , -0.011527318430009615  , -0.16713773894029282, 0.035668493398772476  , 0.14979816954561578   , 0.11321464605606675, -0.032774788570377925  , 0.23898672048448763 , -0.017460651400111143 , 0.03279873982152464    , 0.0705476965592507     , -0.0011612615533078095 , 0.07605096026355998   , 0.0506593826560579    , 0.13228050608450737 , -0.16047661749375647 , -0.10834517774697529  , -0.0356571491367429   , -0.10998100723475152 , -0.11518092816778339 , 0.15344531041351037   , -0.08795895208509215  , 0.04342333041435076   , -0.09232820567689642
SALYAN         ,    2022, 2078/79, 0.08525835605599562   , -0.03831607548719701  , 0.17539366386372957   , -0.046458942169709125 , -0.016323931841902267 , -0.06556856807156794   , -0.17885231427913337  , 0.16251192918555873    , -0.0051712708695237815 , 0.00354477542392666 , 0.09127340074163949 , 0.08226844255126198   , -0.2604308956389035   , -0.005837820519931451 , 0.04493138463453506   , 0.020516911901916356   , -0.026081232787223935 , 0.0540159552459864    , -0.12773483596959095 , -0.17283327490904724, -0.172816703382502   , 0.0678770135354812    , 0.17866398294314     , -0.12128826417640827 , -0.011081951934225351  , -0.0394096984398915    , -0.0049403489192931865 , -0.007244058673390051  , -0.030225088757446096  , 0.08158208549237612    , 0.07541269983209925   , 0.14641511329852339 , 0.09526451520756293    , 0.08075064185624103    , -0.16341283247754587 , -0.03998221915387522  , -0.12167972092489872  , -0.008874946020286231  , 0.0037116842572567548  , -0.02251644352938919  , 0.03188326629102634   , 0.0792125426320259     , -0.11091884888496913, 0.16977656893701767   , 0.032877751708981606  , 0.13214333618735177, -0.04761538911036686   , 0.19246215378806517 , -0.017047692603106478 , -0.04565191171977466   , 0.04441593747848046    , -0.06583232227021879   , 0.0724791721760343    , 0.06986976850621288   , 0.12855443006760967 , -0.19616848582402555 , -0.04942651272978727  , -0.06298045693516696  , -0.10987393009796079 , -0.2394134631633122  , 0.125535158341699     , -0.0876511711549446   , 0.001404092478796124  , -0.054437215793821
SALYAN         ,    2023, 2079/80, 0.08531103205044427   , -0.10154129707993428  , 0.16814040358186905   , -0.09030443459397104  , -0.03275995711396456  , -0.043366909252458244  , -0.1285994448116911   , 0.19641909859200854    , -0.03059689430424111   , 0.03180971877566226 , 0.11265185929852861 , 0.07163347484914531   , -0.2754313930366993   , -0.03903845899376775  , 0.07779504202015297   , 0.02668241572671969    , -0.08074447165722355  , 0.04850280379914157   , -0.09955082108110393 , -0.17522938119847645, -0.13265390241045183 , 0.07940975756359532   , 0.1789905000342416   , -0.15471249248607472 , 0.030886369182943282   , -0.03183830943692423   , -0.013535887440338843  , 0.008557522355887815   , -0.06099390804560753   , 0.06504462377122178    , 0.07608498857808277   , 0.13946588343652597 , 0.11093587645845913    , 0.09312771485346726    , -0.1279484361571716  , -0.002647053999443664 , -0.08368136781117064  , -0.031086145039418728  , 0.010128308761672637   , -0.034317233352832155 , 0.04003878820808141   , 0.07018093503990458    , -0.12711155416502262, 0.17678924974818724   , 0.07325206069571602   , 0.149385115708145  , -0.026109394954654544  , 0.23877522623064124 , -0.03715348913309517  , -0.04405931361772884   , 0.04604349489916558    , -0.005584925493552018  , 0.08411777136665105   , 0.06884380662518179   , 0.0926834897887568  , -0.1685945637575595  , -0.05801440892204211  , -0.061521156280782925 , -0.08690611352937352 , -0.22415066980431728 , 0.1426845173449881    , -0.050720118054342685 , 0.014882600679041454  , -0.06802977149674953
SALYAN         ,    2024, 2080/81, 0.051275976657083853  , -0.13380498144062347  , 0.16289056901715804   , -0.08285388188767927  , -0.02513485021094046  , -0.06937587904680861   , -0.10700617445149693  , 0.20532368799197878    , -0.04623888679215872   , 0.03441439323202747 , 0.08315745649219963 , 0.07497966332516989   , -0.29987583697836284  , -0.005897035243908139 , 0.07621151612289846   , 0.013827782703694023   , -0.1235062194223429   , 0.09091708942155746   , -0.12711542449514446 , -0.18206112821573006, -0.1288940187262219  , 0.05872336220898742   , 0.188209941957949    , -0.14901350890305354 , 0.03466691520689097    , -0.007669125324528988  , 0.004584053577201096   , 0.03235155275847567    , -0.05849143047215933   , 0.044456188581888226   , 0.0855846250041571    , 0.1882347412740199  , 0.1013761589190377     , 0.04548648024779845    , -0.09827860251300875 , 0.009792131260567459  , -0.08018756608262628  , 0.016290785990323558   , 0.048356187287501004   , -0.0616656587600688   , 0.01365549815247462   , 0.003583740574747408   , -0.15550988213674805, 0.14577056961573454   , 0.10480269400336047   , 0.12613286729778644, -0.01733622633729589   , 0.2274258631718604  , -0.06811315862505281  , 0.0030838162823301537  , 0.08299819304250967    , 0.022641767233288118   , 0.055485385374914     , 0.01900810796283833   , 0.12634228685769527 , -0.11997131312412872 , -0.0998241534375641   , -0.02667545999409818  , -0.11319783069050637 , -0.17259016758031787 , 0.16127623361530943   , -0.05902763330503906  , 0.019775997808702397  , -0.08992293732430726
SANKHUWASABHA  ,    2019, 2075/76, -0.01808877622948761  , -0.17048283695416697  , 0.08024587876812915   , -0.08797942476815329  , -0.04256440498662939  , -0.024168600664586124  , -0.03038291538275791  , 0.09762043325807095    , 0.03245491526214619    , 0.15634170621722562 , 0.08355621753443729 , 0.02042919088926567   , -0.15591419407851528  , -0.012544006276772546 , -0.06276895999399698  , -0.04842465937879086   , -0.12485606421363639  , 0.06122917090140836   , -0.08960946658664445 , -0.19387684221339535, -0.009484788719641306, 0.04081262547428682   , 0.07762094504706324  , -0.100571964424185   , 0.056129887938049156   , -0.06717105093228      , -0.06314540315363315   , 0.0031200567756583643  , -0.08614534429076265   , -0.04655349341860249   , 0.013849421495502647  , 0.1646960583437112  , -0.0035320801036719442 , 0.026821334061901646   , -0.1239787708823896  , -0.08781801958917927  , -0.058137026010478876 , -0.051777188618859354  , -0.04520469577997009   , -0.04548155077225565  , 0.00932625441392695   , 0.045777361741264656   , -0.16120994220272944, 0.026468645964345235  , 0.02077387129327069   , 0.15713611309547124, 0.015104193158791012   , 0.22285990780736797 , -0.003195460597142721 , 0.07063415341992257    , 0.01012456938958339    , -0.031198786268580078  , 0.0844819996244085    , 0.11098294083778007   , 0.17912425848307886 , -0.12678715114573896 , -0.12898142635864354  , -0.11864802143855241  , -0.12245120997251653 , -0.1723897847851909  , 0.040246422055766215  , 0.09692718815338969   , -0.0405940921571318   , -0.07208200733466173
SANKHUWASABHA  ,    2020, 2076/77, 0.011405822236062244  , -0.15471367814921622  , 0.08691724477438756   , -0.09637401238560064  , -0.016003390406752378 , -0.02475163387814672   , -0.04403582829902591  , 0.07649556985913018    , 0.02635876892790371    , 0.1415144467499992  , 0.08067862603739268 , 0.008638232253467729  , -0.15349682408003648  , -0.016416440372268228 , -0.062178023773730245 , -0.025426074411270202  , -0.11769454228903539  , 0.06034460969741142   , -0.09776720619155158 , -0.1567286115799758 , 0.00723896198757102  , 0.07091332067438663   , 0.06359406210697305  , -0.10567724113611222 , 0.03918793474391597    , -0.07713857497090491   , -0.041531648185321034  , -0.004737979474333444  , -0.09359844855129423   , -0.019247758897347828  , 0.0027213936636605184 , 0.16135667830355496 , -0.012051531553617052  , 0.026630817451960685   , -0.1270941287263983  , -0.10140414211204403  , -0.06373848085770224  , -0.0781503704117608    , -0.07840487968114129   , -0.03821635698896192  , 0.03649692599028716   , 0.08380091050417116    , -0.16153664212401936, 0.041859523201398845  , 0.006538453855187135  , 0.161200811615826  , 0.0011980583482624678  , 0.2239376717930984  , -0.009727092080030121 , 0.07806024997078057    , -0.014458118017820933  , -0.048314852261233054  , 0.09485350403974854   , 0.14363567316872108   , 0.1766594730971011  , -0.15170120612325336 , -0.11142134406354677  , -0.15208911807071301  , -0.11864707042667304 , -0.18104910137158212 , 0.011675828544997154  , 0.09671278587012362   , -0.05591939436777091  , -0.028285944523798495
SANKHUWASABHA  ,    2022, 2078/79, 0.032776155949265647  , -0.11376459638754213  , 0.10192983945864141   , -0.09849515706639515  , -0.004334610281659907 , -0.026426885490621662  , -0.08730459816260881  , 0.08562947007186196    , 0.05106330471056993    , 0.1192095733041729  , 0.08731579248643426 , 0.05264574519730519   , -0.09839520887388799  , -0.030084629658841507 , -0.054221179742088864 , -0.0015478291316141802 , -0.03150826930777979  , 0.008783726753690001  , -0.07961502440114025 , -0.15570586710041973, -0.008710086521195681, 0.07726806081382852   , 0.04623538932301228  , -0.09581188756365125 , 0.005142416602812641   , -0.09902046360661966   , -0.04325913842495518   , -0.03315863272143356   , -0.031083134855978783  , 0.0031871030715267977  , 0.003196619402365286  , 0.10105969016154458 , -0.016440481342660945  , 0.061777708963191326   , -0.1268674025766442  , -0.10676319768626721  , -0.08672873432274004  , -0.09275508532054554   , -0.12308297879617722   , -0.033231829770977814 , 0.03731474936648463   , 0.12206713814647685    , -0.11743929808181681, 0.07336284347930544   , -0.05566718445763932  , 0.19687794952220428, 0.005565021326332946   , 0.19262100422795667 , -0.016365576787093862 , 0.0055390973843092075  , -0.038041306295728425  , -0.05453354260919732   , 0.1047020261710831    , 0.2045736704627359    , 0.1501902837427314  , -0.18311918908931138 , -0.07072869004020875  , -0.14635798873512076  , -0.08073069655656155 , -0.24128993330545961 , -0.022777520875653948 , 0.09435907164002069   , -0.05893584003231284  , -0.019006909879086997
SANKHUWASABHA  ,    2023, 2079/80, 0.03225744806966952   , -0.14532998896106292  , 0.09373328979150404   , -0.07789282267919984  , -0.056204573887764814 , -0.022371529867598553  , -0.04437169346082107  , 0.09579370864674305    , 0.040639073972048634   , 0.12014881879214491 , 0.12199436818766493 , 0.02584973301560151   , -0.13206901323798295  , -0.03910689102601187  , -0.05519468427354602  , -0.027179684074321225  , -0.056727407916985335 , 0.03229062192654629   , -0.10626868549351959 , -0.1731524362081562 , -0.039326501053817825, 0.07540525653254304   , 0.09079859563197655  , -0.0889881502319331  , 0.017668537113843027   , -0.09293248570518434   , -0.031369005739068374  , -0.014591520024733502  , -0.0933772247782629    , -0.005619624800302614  , -0.004473556264972134 , 0.1216356467182056  , -0.004904763659290823  , 0.0694709707192867     , -0.12729579596449556 , -0.106698308589363    , -0.08172084020739     , -0.09957406630627719   , -0.05220629149402312   , -0.07824824647305587  , 0.04533530208014184   , 0.10456018339870199    , -0.13376302276971835, 0.09909059229530512   , -0.027220111780270555 , 0.17586880601991012, -0.015390265501868953  , 0.2136077419422505  , -0.044396753035929555 , 0.020433273496081407   , -0.029698169425131767  , -0.034142406514324     , 0.1020899503288722    , 0.1329484284851199    , 0.1426777974566181  , -0.1703908448151526  , -0.04429243617041705  , -0.1426699318105013   , -0.1316718698474056  , -0.22376598593810504 , 0.02197593000218085   , 0.07418780314788939   , -0.05145913391020279  , -0.05212434953416068
SANKHUWASABHA  ,    2024, 2080/81, 0.028040611503342184  , -0.14738154512227586  , 0.09845521259763146   , -0.08135070559894912  , -0.030805670605628596 , -0.03344871255515741   , -0.04575029783808495  , 0.11773070616560535    , 0.0372636895805928     , 0.14037132074492883 , 0.10433775685296882 , 0.006090630372633656  , -0.14086495203950813  , -0.014717497077051533 , -0.05576881040270133  , -0.035916206702180424  , -0.0896874633009664   , 0.06236171218560331   , -0.12470073431864773 , -0.15619071520214717, -0.015219373047160027, 0.05489347185906784   , 0.08432568046342169  , -0.09765614382155983 , 0.02502730562978569    , -0.09516210665065272   , -0.012747642202270534  , -0.012235680629942944  , -0.06748367064028872   , 0.007981633436914666   , 0.02311284824062895   , 0.13239984912375027 , -0.0018407059542027207 , 0.045936691612713604   , -0.12411748126437556 , -0.09580621127100489  , -0.07352005481585876  , -0.07432092852521507   , -0.03160078895969199   , -0.07013599585596698  , 0.026603822329220688  , 0.07619483001719846    , -0.1504903401384981 , 0.08906318718365491   , -0.006790380076360507 , 0.15562145726475157, -0.020054104689766174  , 0.2073230623093921  , -0.05054415812297637  , 0.044258094889338746   , -0.011443687884837345  , -0.034567791233699074  , 0.07948378244777543   , 0.12318746733865085   , 0.1748136924363881  , -0.1366676560171012  , -0.08739365102315137  , -0.11831444340076967  , -0.1412056702390996  , -0.21089218714138513 , 0.009849554685385196  , 0.07632683994740029   , -0.06278391090564953  , -0.04159313308273989
SAPTARI        ,    2019, 2075/76, -0.010078576874268464 , -0.13431749149972816  , 0.14953804034082682   , -0.04145177413873876  , -0.020854859363780922 , 0.07387333035721126    , -0.0018269550052681563, 0.08600638690085603    , -0.041107177453898504  , 0.17002691153882754 , 0.1346851499697457  , 0.0288459734468275    , -0.31255833792062776  , -0.029287789453824434 , 0.07231418966580522   , 0.07809896572094827    , -0.2051952946033384   , 0.02113554051724796   , -0.11438293854624322 , -0.10534771887839083, -0.21046700021965914 , 0.2767981496536412    , 0.030438286876479436 , -0.029245831261790447, 0.08753885549249978    , 0.12208895223062441    , 0.031176433871473203   , -0.002458244608476974  , -0.09848989151536894   , 0.085124381259401      , 0.09547839048252782   , 0.04991409858692409 , -0.01860728702402823   , -0.03262495505602554   , 0.07447290255015503  , 0.17702175726008645   , -0.19237712224677928  , 0.038654966865373515   , 0.13266376078123177    , -0.005492207457116073 , 0.05028735609160172   , 0.04783533683954124    , -0.19513019511996815, 0.20393892186788184   , 0.009262789157251063  , 0.10890184866973018, 0.07281804706879072    , 0.10407218979712984 , -0.11530287830719473  , 0.07014869318782174    , 0.06506190267545334    , 0.18606079289432914    , -0.02400806392405646  , -0.09046771953450243  , 0.21511304402380768 , -0.10614615345372055 , -0.09217569646041791  , 0.033471095666014535  , -0.10008284290484422 , -0.12647285922070436 , 0.057179097873749314  , -0.056124373456257426 , 0.022698238426323736  , 0.06634185810508902
SAPTARI        ,    2020, 2076/77, 0.008542278763726983  , -0.12192146945104221  , 0.18444345631603257   , -0.062414262833690476 , 0.004030549780498082  , 0.08183937555431454    , -0.04146243913789216  , 0.04231239875875742    , -0.061442297560939746  , 0.17219924907626927 , 0.12802633194295346 , 0.015028790790026968  , -0.30699040778008396  , -0.03723695650336336  , 0.05235817887023014   , 0.09294577903897769    , -0.20998446694901343  , 0.005429533690689567  , -0.11931604116695543 , -0.09348852939465313, -0.18158022703886523 , 0.30244409376885256   , 0.02137370736384826  , -0.01859793428514556 , 0.06803261077586055    , 0.12963346428139688    , 0.022718269167007147   , 0.029164012782444803   , -0.09161529138229      , 0.08973782286270998    , 0.086674384543638     , 0.060156052454006216, -0.002787452675286169  , -0.034510703998090295  , 0.035339879963391864 , 0.16986407028349765   , -0.20957605313451794  , 0.008954391592896724   , 0.11820095654805347    , 0.007330289677618519  , 0.06998898364518291   , 0.09947039814214274    , -0.19741803941942046, 0.18760976563619763   , 0.024471630282477452  , 0.06480215049006234, 0.061151642496925465   , 0.11534415554320768 , -0.11220480171887534  , 0.07963305319126127    , 0.034825958682431137   , 0.14596124507870661    , -0.022633285073448618 , -0.09049247920677041  , 0.22029172152887525 , -0.13169258539779755 , -0.08300248750379989  , 0.013751879176179461  , -0.11173745339942545 , -0.09966893802994903 , 0.012990055794396358  , -0.053753244080298225 , 0.049977876068243506  , 0.09575644479693901
SAPTARI        ,    2022, 2078/79, 0.010171796000066121  , -0.0723182727951578   , 0.13831547111325312   , -0.05381448601605662  , -0.019176816159619407 , 0.09331628397648309    , -0.04714736576604287  , 0.05350541709007656    , -0.06612296654947442   , 0.16034967974582937 , 0.1823174769934562  , 0.08747628440775025   , -0.2899155992907745   , -0.06661599626592984  , 0.045322702667561346  , 0.14511129408154175    , -0.1626376448077054   , -0.045354218129345716 , -0.11820372258890756 , -0.13109045639673975, -0.23772030676450132 , 0.34016223866526335   , 0.019731989874980514 , -0.03636734177695789 , 0.039912742108376476   , 0.11203222023350608    , 0.037149610663217      , 0.030759029476104253   , -0.07030675279019308   , 0.08444622354488115    , 0.09084725806593043   , 0.03490129879011667 , 0.0026980456902239085  , -0.003758938819780054  , 0.05084577760310916  , 0.15517990508389978   , -0.1740990468419132   , 0.004849047425466122   , 0.07050705437471122    , -0.007866835969671637 , 0.08647596162600993   , 0.12341091128108078    , -0.13493413179526717, 0.2274734513754925    , 0.019478257934045295  , 0.11607662812972946, 0.07652319432967608    , 0.09603169173387197 , -0.09513761048662989  , 0.02606403131908231    , 0.014852571021561749   , 0.12558998989872375    , 0.02207697767977026   , -0.07339866574111709  , 0.1876454496549419  , -0.16741720158353274 , -0.041216969961248004 , -0.012454782261771196 , -0.07559114820655782 , -0.14379289046831392 , 0.037114636531316206  , -0.10238284647228539  , 0.02853893471991456   , 0.0724246532548458
SAPTARI        ,    2023, 2079/80, 0.01001877850107563   , -0.0779145124139763   , 0.1374184698084342    , -0.03375217419331737  , -0.03127163389322753  , 0.08646458362520704    , -0.04280322047710454  , 0.07711511031290309    , -0.08460499514975617   , 0.12747348545079898 , 0.1901290660142498  , 0.09120169579652009   , -0.3171043265002103   , -0.016295661640968708 , 0.04208293014793066   , 0.16988968112651032    , -0.154624225643169    , -0.05689699915800134  , -0.12283220755264479 , -0.1387815506197401 , -0.24821201751807018 , 0.3332202440555485    , 0.043807754027440374 , -0.0473511006389984  , 0.03552586090755972    , 0.1120685777127469     , 0.10022206487382274    , 0.03946971027298644    , -0.046931072085226996  , 0.06213631546258171    , 0.05823687466537749   , 0.056841148130643074, -0.01329847230110488   , -0.0049775647184344    , 0.08374030977447575  , 0.11478667894519828   , -0.1817193976426968   , -0.008188053771285828  , 0.034516051722468404   , -0.008682600613523363 , 0.07557320339058336   , 0.11456324440635461    , -0.11442469738661533, 0.23563125322720535   , 0.00962212865451315   , 0.13998557817516655, 0.08957733227918392    , 0.10188083851041994 , -0.08311688911249447  , 0.005943892101143304   , 0.0050738726663612016  , 0.12554953377111994    , 0.055301340464289216  , -0.08742793299837666  , 0.14117822791431112 , -0.17175184921668002 , -0.04996471326576285  , -0.039488910232078483 , -0.04651182577607603 , -0.15702279641285993 , 0.023860959541820277  , -0.09325944835201892  , 0.06166559564074194   , 0.05599892576979998
SAPTARI        ,    2024, 2080/81, 0.0010991506707297251 , -0.12553714330537427  , 0.14927006907140963   , -0.027200799934969752 , -0.007077968165627295 , 0.060436951484036584   , -0.05061729704962371  , 0.09986431305126452    , -0.07466345214932867   , 0.14679773264146673 , 0.13512161127661051 , 0.06056349796496789   , -0.3094650242676209   , -0.00835825366411875  , 0.053705751749527415  , 0.09179120788188039    , -0.18972352352080382  , -0.008905547366904888 , -0.10978834852952585 , -0.10669427142675096, -0.2008070177281376  , 0.2979328520212404    , 0.03368298797106468  , -0.028533560188892186, 0.05442521501884591    , 0.14691768068579372    , 0.056957137269892426   , 0.018288769116733643   , -0.06465412198744681   , 0.09387932325496173    , 0.0963224996310713    , 0.050457117847383735, -0.026812698478511306  , -0.027004869028517765  , 0.09144770389418176  , 0.17221726486541142   , -0.19982132134016392  , 0.024171015953474744   , 0.11182773639372404    , -0.002073711796470004 , 0.05202610798197858   , 0.0801306689291806     , -0.17540925355412193, 0.20022686304387757   , 0.018929517401273938  , 0.09592403110815177, 0.08020845420428577    , 0.1166513419251283  , -0.12689405348168026  , 0.05430142979080153    , 0.041386024673542125   , 0.16173785226144224    , -0.039109834951142404 , -0.08655735391646574  , 0.20715715731759568 , -0.1396817217265696  , -0.09364381221845412  , 0.021132133063090714  , -0.0973435320759812  , -0.09420784682339337 , 0.029923265433059933  , -0.07678233874167993  , 0.0370739716672248    , 0.08782186739641272
SARLAHI        ,    2019, 2075/76, -0.0038075207128951682, -0.12369378420701325  , 0.13512419887144086   , -0.0036399789014472965, 4.639221293872185e-05 , 0.05381998742746748    , -0.033656123412278756 , 0.11571258123381244    , -0.08762007766275909   , 0.14192550607749368 , 0.1542088409895809  , 0.05572752074187494   , -0.31876579688675594  , 0.007734194178270723  , 0.04703740537342843   , 0.07729098670203553    , -0.18363465895775394  , 0.008173538232905729  , -0.10701732018441817 , -0.11682639592352632, -0.23408714945824566 , 0.28276502886423477   , 0.08397504554524733  , -0.03486631285810423 , 0.06063970729065715    , 0.14307762799001822    , 0.05728306892541842    , 0.032969733832285734   , -0.06222254582299721   , 0.08413448544845184    , 0.07269573323922542   , 0.06646060802031481 , -0.013440273195929263  , -0.0028448548080344267 , 0.10865373762771317  , 0.13837597521816994   , -0.19584365832821185  , 0.025127104284363325   , 0.10879111078218764    , -0.041174940634982254 , 0.07500733537816112   , 0.06309043789828869    , -0.1725325347077388 , 0.21799436838919473   , 0.03443739281406955   , 0.12647899876896607, 0.07489980774590553    , 0.11305129691491342 , -0.11585575752429783  , 0.07550702578873207    , 0.015642728487125994   , 0.15983488348714142    , -0.012127007584466297 , -0.10762212517831143  , 0.23177874721352704 , -0.14082402584759596 , -0.11158743714342813  , 0.017073535872649304  , -0.09515846600284396 , -0.09430018521588289 , 0.06773155291816475   , -0.06824265800483807  , 0.059110422143023124  , 0.054770089851345384
SARLAHI        ,    2020, 2076/77, 0.009327264943920001  , -0.10245080187234434  , 0.172080325950871     , -0.042384337506383554 , 0.03387290441826624   , 0.07621091854649575    , -0.07139211923718988  , 0.07231417735595753    , -0.08395669381966338   , 0.17597640868312925 , 0.1289030416160326  , 0.05289547664527988   , -0.3022665035818602   , -0.028117356447807537 , 0.0268900731338103    , 0.061837482413928925   , -0.20053316708906307  , -0.001270946646596891 , -0.10681959536848    , -0.09703484253823362, -0.22528742057465004 , 0.3011606958089612    , 0.043273794306851826 , -0.038921182540825654, 0.054580682747545455   , 0.16670986295396106    , 0.012328988051687636   , 0.0421175868643936     , -0.06187451436980316   , 0.0745592268376525     , 0.08211356605153629   , 0.07094702268894731 , 0.012319936263344513   , -0.003974172359125774  , 0.045193147921373966 , 0.15342370431881494   , -0.1956256913277251   , 0.014229697059802038   , 0.09598512819310188    , -0.029423883524494095 , 0.07927436245057888   , 0.0931024070441786     , -0.17960715937977667, 0.20204522237481803   , 0.050881745117297615  , 0.07902339734129751, 0.07067050118229508    , 0.11665403582427045 , -0.11372523231553075  , 0.08919387423158773    , 0.013016853673781465   , 0.1115907246493751     , 0.0022325754408614026 , -0.08034809003951737  , 0.2300120865202611  , -0.1499807262343798  , -0.13166263082549942  , 0.024013584578363802  , -0.10146583371096146 , -0.08177214615087028 , 0.022821825056824493  , -0.08855926729346132  , 0.06666082559710375   , 0.07846347834562044
SARLAHI        ,    2022, 2078/79, 0.0102541958310239    , -0.06201450841962332  , 0.13371834626431522   , -0.014133314864759505 , -0.010199982910342353 , 0.07714830367104293    , -0.06362777858320001  , 0.0766979025890704     , -0.10189482942887133   , 0.14779609228910423 , 0.17938029562763574 , 0.10316955019671606   , -0.29615600190696967  , -0.017753550619466364 , 0.026369923575733537  , 0.12587308197171962    , -0.14168015621758032  , -0.057793343822710695 , -0.10672529601635221 , -0.14722032295721021, -0.26255306519036564 , 0.3321926986088009    , 0.05808198548664059  , -0.052384882632604685, 0.02622280838886823    , 0.15527916351188573    , 0.05357798263634335    , 0.05176799184629415    , -0.01485797901583414   , 0.08217580869052052    , 0.07593930465936989   , 0.044058326272955334, 0.01883844348167424    , 0.012266997282758613   , 0.06116735701260838  , 0.12074739521938162   , -0.1824102759433993   , 0.0012596247759662017  , 0.031857262873153235   , -0.03709081332511457  , 0.07666638132729467   , 0.12637239585149304    , -0.12920843421288045, 0.22482663686903398   , 0.029339119454698404  , 0.1153911587527665 , 0.07438267708187034    , 0.091618181801656   , -0.1099111152736715   , 0.040494787833934225   , -0.023313615788245284  , 0.08155149656093055    , 0.03877963553973043   , -0.08897315539846966  , 0.20052156909301153 , -0.18030906345061024 , -0.07983798348940314  , -0.0104499794489677   , -0.0784357478825426  , -0.12678396342497328 , 0.0634087002453494    , -0.13283880619447633  , 0.05553952635426588   , 0.05256035001715581
SARLAHI        ,    2023, 2079/80, 0.011940636541886093  , -0.08014016936315234  , 0.14084380563664578   , -0.02222867979542225  , -0.017295819954170677 , 0.0780556932185631     , -0.05946621107295049  , 0.10429411803381504    , -0.10796664126345985   , 0.1163771445123488  , 0.1852412855660762  , 0.10454060335087924   , -0.32046728086957726  , 0.01143309413934574   , 0.027024050471991162  , 0.1423229433033148     , -0.15009763322095246  , -0.05354727136695698  , -0.10800663033456259 , -0.1423073782073341 , -0.2566790782805583  , 0.3266841340188923    , 0.07780453534407816  , -0.06879255051920848 , 0.03569193692613042    , 0.1396997825314156     , 0.07942779101885628    , 0.04325811991601519    , -0.02646838051558006   , 0.06936385899178166    , 0.05582601831969759   , 0.05785075048137927 , 0.003990177891360827   , 0.01601702850375888    , 0.09760099269212455  , 0.09924775220920609   , -0.17780388184733126  , -0.005454466347578392  , 0.021249400557743808   , -0.03705609046784462  , 0.08269602062726496   , 0.1033035247880818     , -0.11344120740169442, 0.24217094303241501   , 0.022250042713445804  , 0.1409598856754412 , 0.09487331942694252    , 0.10796026528988197 , -0.09710209167537065  , 0.022129709300802936   , -0.017459636227955478  , 0.10679156807974079    , 0.05683154896888128   , -0.08812222757074824  , 0.1566963060665584  , -0.17980978454233448 , -0.07366948953651764  , -0.030628138386981193 , -0.05266567033214602 , -0.12962528617901933 , 0.04449274986529411   , -0.10111515618184394  , 0.07780759282911914   , 0.039503300383245024
SARLAHI        ,    2024, 2080/81, 0.008436802266242242  , -0.12474681138269973  , 0.14062044632121876   , -0.008834060320305133 , 0.004479402279100076  , 0.04468998632058581    , -0.05533667946713407  , 0.12730320946503706    , -0.09596828476141413   , 0.1261410419824356  , 0.13666920743915248 , 0.06996508859095393   , -0.3256522543182868   , 0.01947510084993754   , 0.037829672105457866  , 0.07176392371227837    , -0.17521473441517124  , 0.0006505684145362677 , -0.1126768953541521  , -0.11026851931495568, -0.23425553769087298 , 0.2963616982378217    , 0.06791613218891324  , -0.044458149128690214, 0.04062859268692836    , 0.16750806507508273    , 0.07043792227868331    , 0.018612693610368214   , -0.03354753957557287   , 0.09410586333152006    , 0.08135602788476616   , 0.0617655438927841  , -0.00424334431422342   , -0.022000396945532342  , 0.11699805781787635  , 0.14675306710383887   , -0.18742112475871262  , 0.028533589700647316   , 0.08065209208111371    , -0.02939560610766105  , 0.06545205395103317   , 0.05854414064688219    , -0.15626014786024714, 0.21664225485397043   , 0.02608360273309429   , 0.10992552238388457, 0.07092910661428098    , 0.11072296353508052 , -0.1342595219105229   , 0.06762711188958115    , 0.014514978956677966   , 0.13766569865814143    , -0.013026090600293467 , -0.0987419140260486   , 0.2126977492197981  , -0.1429890533684736  , -0.11035762461946068  , 0.0225228543313271    , -0.10126283872786901 , -0.08238884451258177 , 0.05236622032185182   , -0.08942769770079038  , 0.0635743650641713    , 0.05380576238834035
SINDHULI       ,    2019, 2075/76, 0.04458413931790939   , -0.1218144234560968   , 0.16028067060020468   , -0.05828341771057618  , -0.009012691467073626 , -0.03877598167248365   , -0.11218874425877443  , 0.17107155576082994    , -0.012913442057641007  , 0.09771879369370508 , 0.11664770880606797 , 0.05438899761769882   , -0.32649684013424485  , -0.04457435131546331  , 0.02669271107634194   , 0.008135434057939173   , -0.10821021417790253  , 0.058062603905710754  , -0.10467697843100204 , -0.1296837414301755 , -0.18188504383765428 , 0.18021324718722595   , 0.13453978943984354  , -0.1064730237474087  , 0.07014647938687074    , 0.008397416031492126   , 0.006281934402713462   , 0.0027543993559777133  , -0.13751053608677857   , 0.05360050843377574    , 0.07220841990087395   , 0.1476508290389595  , 0.07411189404484346    , 0.007826637125059646   , -0.07276302953851264 , 0.03184899551826788   , -0.14349979962616147  , -0.005542885047496968  , 0.04568703667037607    , -0.06418155957198379  , 0.04593507996722802   , 0.03572397719976778    , -0.14661009501480488, 0.22676002873880272   , 0.07487182211499803   , 0.13145798899793876, 0.009807422072081387   , 0.22394588597369552 , -0.03838107697827464  , 0.050796095683268525   , 0.03944449575194327    , 0.031896802977869045   , 0.07024309118916101   , -0.017486620619122754 , 0.17884529027589907 , -0.1351535053681425  , -0.09251590401427356  , -0.04196123397525731  , -0.07537120953853457 , -0.15207987018525318 , 0.12762493156729113   , -0.0483957189584107   , 0.03956169638269051   , -0.0393901265188375
SINDHULI       ,    2020, 2076/77, 0.05872489470709865   , -0.08215919073469331  , 0.16640336552066554   , -0.053234304605697357 , 0.041693788098945715  , -0.02134474448005255   , -0.15489115498086795  , 0.1410893053325742     , -0.0077582125728057625 , 0.10670629508969684 , 0.0929108509839266  , 0.04049373043194526   , -0.3283639790235856   , -0.06274862910424074  , -0.009775185783023457 , 0.0017029677475936303  , -0.12248156477699021  , 0.05937595600181345   , -0.10153092195651742 , -0.09708774688067398, -0.15584768869073592 , 0.1996343793337589    , 0.09324259167045333  , -0.10311549720299497 , 0.07090801129611958    , 0.021512526714703745   , -0.016320372096594093  , -0.020230083986075023  , -0.13188665403928185   , 0.06879237695385493    , 0.06814304273224227   , 0.14087330536558856 , 0.08139984874257794    , 0.014307971956800575   , -0.12457213119759906 , 0.03370957658436061   , -0.1597249542297037   , -0.038854523917306975  , 0.02619728314901901    , -0.042700099179179954 , 0.05299004156217436   , 0.07673441061714195    , -0.15213422226697235, 0.19102143809641228   , 0.08006604025639047   , 0.10106998044575151, -7.675949302122388e-06 , 0.25220152055367046 , -0.02684420768789117  , 0.05842386915683596    , 0.01876102520572519    , -0.018991306791353132  , 0.07506357411239445   , 0.0327043034328514    , 0.17529700105205998 , -0.17044569525871622 , -0.09578887149707108  , -0.03386132778627662  , -0.07593564894499964 , -0.12861264878511317 , 0.07700829839324522   , -0.04165970946267673  , 0.031292775658938905  , 0.008254736988757404
SINDHULI       ,    2022, 2078/79, 0.06655331687946128   , -0.05784227738614611  , 0.14743145496489204   , -0.0422105762588709   , 0.027647093545237353  , -0.0101842209503138    , -0.1520018201572723   , 0.13767804908072828    , -5.136151318130047e-05 , 0.08230901481740036 , 0.13625332913546606 , 0.10747173435050314   , -0.2985721272003268   , -0.0709510291251241   , 0.007569755102733341  , 0.0525881842083635     , -0.051474125009463016 , -0.0019331940467234715, -0.09310059600797267 , -0.12907528574711435, -0.1848157678640853  , 0.22078381523938725   , 0.0856142821263348   , -0.11114425266106798 , 0.043371334730184334   , 0.005867259892069928   , 0.0007147620507147618  , -0.021948831288598213  , -0.10902395621223261   , 0.06609609306539856    , 0.0623382336862481    , 0.09216237787625454 , 0.08040354885259055    , 0.04206336841654441    , -0.10708988382213497 , 0.02558809946998787   , -0.16796361372523017  , -0.052513183783609675  , -0.03448886035885244   , -0.054770716456834255 , 0.062005188649637624  , 0.10626939885084638    , -0.10471756447195314, 0.2337083684798917    , 0.024754494993983744  , 0.1429176110292716 , 0.0058113701796156415  , 0.2273802034119999  , -0.026656641762289796 , -0.012222002449259993  , 0.004123921383892251   , -0.03164046493091919   , 0.11172595801756664   , 0.047273233503371696  , 0.14653540994543565 , -0.20376029705133447 , -0.05468542847215737  , -0.0552025930433048   , -0.04275739268123639 , -0.18007452090046552 , 0.10676771835273677   , -0.08084553650656735  , 0.03642800610190885   , -0.01903677704733092
SINDHULI       ,    2023, 2079/80, 0.06450645729034918   , -0.08595435634054736  , 0.1532433182859706    , -0.046074850628057794 , -0.009809336612026003 , -0.01796579002647871   , -0.1301625157947468   , 0.17142703500910073    , -0.02433746668999571   , 0.06990911377576822 , 0.14780624396528286 , 0.09684251504447342   , -0.3100750443833228   , -0.04690886931935104  , 0.0035156564462122905 , 0.08464772841824662    , -0.05461136370871597  , 0.003247511523620125  , -0.09710421815586887 , -0.12477078682247218, -0.19037057238661656 , 0.22247209496241058   , 0.1322224817029932   , -0.12888535277716556 , 0.04911445906122517    , -0.0058692609912275335 , 0.04626018552471243    , 0.003034034622206609   , -0.11072058973720242   , 0.05795122035009933    , 0.04517445456321623   , 0.11133231242476373 , 0.07237564362677743    , 0.043370838604324564   , -0.06611403319385879 , -0.0023018201316525842, -0.15339512919164172  , -0.05745869690257997   , -0.020303799202259897  , -0.06651523670711529  , 0.05923725881351439   , 0.08350939939477812    , -0.09216034295945182, 0.27091287937065145   , 0.043868418517479205  , 0.15233328043428243, 0.012119341252748004   , 0.22315356771762349 , -0.04266285699354564  , -0.014152822085234038  , 0.015936599942212207   , 0.001212078465851721   , 0.12158707383783676   , 0.0010383992485740775 , 0.10759131321412636 , -0.17073097781526142 , -0.0311940882864309   , -0.07223381296288435  , -0.038366165067559126, -0.18656933437902054 , 0.10488921557466423   , -0.0647563938182593   , 0.05064272168730272   , -0.02911127709994035
SINDHULI       ,    2024, 2080/81, 0.06832599960845392   , -0.10877647426574989  , 0.16455703288083545   , -0.04779136776339756  , 0.010428380285002361  , -0.04075199618380198   , -0.12432286961443495  , 0.20505646921899923    , -0.012370339053175207  , 0.08501098974407685 , 0.12059221908838658 , 0.06288617811248964   , -0.316917070986373    , -0.02108721681527583  , 0.021201306862721064  , 0.03585677930705356    , -0.08505906373512649  , 0.04013024350072702   , -0.11016128244312251 , -0.0969140589475289 , -0.17198778220847102 , 0.2015137334363462    , 0.14424608425048605  , -0.11311543552863494 , 0.05342185990182101    , -0.004294451208421643  , 0.03801450807284733    , 0.001393099457959984   , -0.11339140872180763   , 0.08069999130667517    , 0.07863495215130324   , 0.12550243536821423 , 0.060613203659006784   , 0.012992306501439397   , -0.04780142536171993 , 0.026459195230499645  , -0.14713370828623057  , -0.015729288655172216  , 0.053793533827692155   , -0.06438246995666608  , 0.05555137448039873   , 0.05477111180150663    , -0.13274908312455594, 0.2633465670957356    , 0.07578643761256446   , 0.1287822289138138 , 0.005919142330987573   , 0.2349493823480871  , -0.06515935077067361  , 0.032948699029129676   , 0.0297116502299777     , 0.02336118675256413    , 0.056575637222566685  , -0.020677566037180663 , 0.1704951485068725  , -0.1546672280460431  , -0.069777467583956    , -0.03881616419733113  , -0.08606424811706523 , -0.15074492619541063 , 0.09935595584720211   , -0.05503014358555594  , 0.03740933579908433   , -0.026286502629794234
SINDHUPALCHOK  ,    2019, 2075/76, -0.025980527064875386 , -0.1706990543383448   , 0.11234788187464291   , -0.08957407466496002  , -0.04690254212704121  , -0.03557786537541337   , -0.0416183900424454   , 0.11703729611257538    , -0.005890348834404113  , 0.1398902009859413  , 0.06619118916505508 , 0.0014947228411271093 , -0.19355033442390568  , -0.01013045915508138  , -0.03150801295268808  , -0.058690423593380545  , -0.14422915425701063  , 0.0687133020308685    , -0.11264983477339456 , -0.19681587601293096, -0.04192154700871688 , 0.039604091153981814  , 0.1033083775005381   , -0.11730564025975923 , 0.059463754685837644   , -0.04078711636699088   , -0.03402989053758259   , 0.01575144910544319    , -0.08207992815251504   , -0.03380054341100985   , 0.02687643549198553   , 0.19634791299307885 , 0.007854728760267696   , 0.025642686058290554   , -0.1247196756246667  , -0.08765760413322006  , -0.05396834015398371  , -0.0431674006790689    , -0.02248212896739776   , -0.02770264617051578  , -0.006101842937332075 , 0.040999790556878565   , -0.1776582598732697 , 0.03498313181378299   , 0.052958422339370814  , 0.14600276822972894, 0.007067957379017465   , 0.2170829272352138  , -0.00460689202573096  , 0.05581715688206234    , 0.032644707962911655   , -0.01181125054899189   , 0.07931074318048736   , 0.0906593486250317    , 0.16181719444663586 , -0.13207450752411937 , -0.12595617426892064  , -0.11803366478447216  , -0.14263625484216602 , -0.15444189588021617 , 0.04862041816532262   , 0.05311272855475734   , -0.037061318413002    , -0.07545743770807244
SINDHUPALCHOK  ,    2020, 2076/77, -0.011309930354640195 , -0.14873913871312286  , 0.12630576690196968   , -0.10427349229368162  , -0.02083390439668373  , -0.03192408770195414   , -0.06036192426279041  , 0.09014974696208929    , -0.008365721403069695  , 0.1199201203331396  , 0.07185486676605994 , -0.0030852882012755087, -0.17836694831660643  , -0.029438100805947116 , -0.028401154480721478 , -0.05225957539825632   , -0.1369202049971004   , 0.07871988952155531   , -0.09800262158203459 , -0.1703939648690106 , -0.018324957426409716, 0.05572536843050196   , 0.07250344893815547  , -0.11295136961980996 , 0.04940711847864571    , -0.05072562791270402   , -0.03791375820177322   , 0.004603371872973453   , -0.09491833052409819   , -0.015438754425200707  , 0.02846734633036093   , 0.19027416434487446 , 0.008458216989621457   , 0.028993633444050107   , -0.15073933826762345 , -0.09251895675529738  , -0.047905809158688424 , -0.07188625047031517   , -0.052196380474913394  , -0.020915124721798378 , 0.023535871394188244  , 0.06088160156918802    , -0.1785486767683155 , 0.026194999738524377  , 0.04143797294716008   , 0.1412977942534089 , -0.004633584364605933  , 0.2122592808704404  , 0.00333414763082666   , 0.06504558010466985    , 0.010322296381318232   , -0.0384125687983528    , 0.0931308583193701    , 0.13985837484134236   , 0.1587541565200391  , -0.14333307942623774 , -0.12596058540127394  , -0.13398648426893373  , -0.13754981718301432 , -0.18025640686063088 , 0.04123311569047497   , 0.0498556900103234    , -0.05989890526624776  , -0.03514404508833756
SINDHUPALCHOK  ,    2022, 2078/79, 0.019592225542091973  , -0.1245960186344213   , 0.1384443124014114    , -0.09120033454711379  , -0.022125762151307092 , -0.04982663224760993   , -0.09241320011304094  , 0.09070721447858082    , 0.025690860072044904   , 0.09427397821909815 , 0.08083891630366669 , 0.021929452693616007  , -0.14587850456828522  , -0.03909179570943982  , -0.02639890401126456  , -0.03170002075081975   , -0.05972547435764439  , 0.03132449272302308   , -0.1051434039575193  , -0.16782370255899434, -0.042681106365497566, 0.07276104723878916   , 0.08035803490708177  , -0.11181387464493306 , 0.014202630545882921   , -0.06657965096221201   , -0.03714639248324741   , -0.026240058672396083  , -0.04154640011585934   , 0.021592400381272282   , 0.018514844662603645  , 0.1347590789396816  , 0.003809792331998576   , 0.05587576915755541    , -0.14466006429398662 , -0.10437273537046478  , -0.0791941458034474   , -0.07861919166880134   , -0.09363927658974128   , -0.02153470495140788  , 0.022061485857369986  , 0.10029570964662225    , -0.1610222055659581 , 0.058108872732358485  , -0.02763616879955161  , 0.1765162158486959 , -0.00850134171645081   , 0.19690019351499488 , -0.015127124711993829 , -0.00642962115718133   , -0.0038243952403799056 , -0.04082856374533689   , 0.10455462601411747   , 0.1930437391377756    , 0.13011635395722468 , -0.18518293593316684 , -0.08053543537628384  , -0.1323010371885126   , -0.11430507362162035 , -0.2249283370574281  , 0.010156520220778243  , 0.047737368282499415  , -0.057425406000702624 , -0.051035201955409545
SINDHUPALCHOK  ,    2023, 2079/80, 0.021353816776873938  , -0.15389711057047167  , 0.12562345303845746   , -0.0800706054407036   , -0.055544673510189754 , -0.03023072574682009   , -0.044984027103148694 , 0.12326481480432205    , 0.018387676603631456   , 0.10027050202511958 , 0.11531538661360159 , 0.0044495010920562374 , -0.1757137393865412   , -0.040593600564821364 , -0.015225438040363987 , -0.03980614443598653   , -0.09528181743368858  , 0.05177621201737687   , -0.12648944410601323 , -0.17618280989277538, -0.05970039687959139 , 0.07725737946560361   , 0.11963266108223944  , -0.10727132280217787 , 0.036563869248735906   , -0.0759670198323185    , -0.023404648091447804  , -0.012274625121283165  , -0.10839726827834643   , 0.002270979828606057   , 0.014480322810461074  , 0.1410730038361698  , 0.010355620157114952   , 0.06337768841312949    , -0.12121341189728316 , -0.09500910398480665  , -0.07702077531613546  , -0.07498882864468033   , -0.019840676305918962  , -0.0731103915065395   , 0.03371292842415257   , 0.07362697151579203    , -0.16637466867954756, 0.11741691172077384   , 0.017943935200253763  , 0.16608472920966819, -0.015513926863284346  , 0.22998855285173092 , -0.04798152221729596  , 0.0018996242187720549  , 0.005639596947476764   , 0.0006663070349790404  , 0.10003919241232312   , 0.1013631534017736    , 0.12266775146874578 , -0.16650190767259887 , -0.05099629743118696  , -0.11812529137566805  , -0.14961518945876262 , -0.22157722712425754 , 0.03873662744581011   , 0.04122900038070028   , -0.04870234882874163  , -0.0771351670072275
SINDHUPALCHOK  ,    2024, 2080/81, 0.014156252285672032  , -0.1759377391805113   , 0.1340588955603283    , -0.08895875815634544  , -0.047874934407466915 , -0.04390663001699929   , -0.06433259776200466  , 0.13986597857504343    , 0.011571324206246562   , 0.1190700942608867  , 0.10558947851972565 , -0.005622762550188752 , -0.1722519904393121   , -0.023142045575361047 , -0.011456782513375726 , -0.045868307483818094  , -0.10515526583836401  , 0.06808638756124681   , -0.12959031658963097 , -0.18083601700826837, -0.043032573811212546, 0.053063009840314604  , 0.12148069102118579  , -0.10983235401385326 , 0.033284151320819556   , -0.07767549941535594   , -0.004365877028629672  , 0.006176772091323268   , -0.07275814821734053   , 0.0031387851425485522  , 0.03994276863690144   , 0.16063101917980338 , 0.016809007672908095   , 0.048285997302908494   , -0.11326433797984939 , -0.08591585769505185  , -0.06078258455208003  , -0.05896699556595241   , -0.01271994434020138   , -0.06792065044059396  , 0.012205588392907158  , 0.045395730472565614   , -0.17135049629000845, 0.1069432286891735    , 0.02979722497047744   , 0.14872047979213882, -0.011017518475452685  , 0.21023513329914567 , -0.0542994212909694   , 0.021016014597920404   , 0.017555173451515377   , -0.002989540701745026  , 0.0817442334094257    , 0.10568215149905581   , 0.13349093617554755 , -0.14473747956385288 , -0.08986744956082479  , -0.11030694463738339  , -0.15984457587417453 , -0.20544179358798667 , 0.03627064009691154   , 0.03946323386475052   , -0.05905241168352449  , -0.07866670824498752
SIRAHA         ,    2019, 2075/76, -0.013167253956853364 , -0.12417596556895534  , 0.14440248521659577   , -0.02406530849988487  , -0.02104188129497619  , 0.06576759800710182    , -0.006530722398467516 , 0.10008599512289011    , -0.07008027680996828   , 0.13972318172795387 , 0.138045642522719   , 0.04316060574421326   , -0.3338587739211018   , -0.00842887369148777  , 0.07267809063428039   , 0.08593819504921224    , -0.1868223191881012   , 0.04047069840741336   , -0.12499392993732712 , -0.1309681455857405 , -0.23276962355395678 , 0.28792605789367626   , 0.06317027524841747  , -0.03366229943267938 , 0.07593602106603957    , 0.12957489974473238    , 0.04619382581797208    , 0.018239790901601386   , -0.08542459672315485   , 0.09407321108036583    , 0.09641325361650557   , 0.05519155523945902 , -0.0029135215728273694 , -0.03250643649781966   , 0.09364994687494495  , 0.15090809299312338   , -0.1875927555817958   , 0.044292213660985486   , 0.11393398176088465    , -0.02325841361089349  , 0.054517480748502614  , 0.040772166002953074   , -0.19624211926314747, 0.2134358789986674    , 0.0219998126492563    , 0.13671267022795766, 0.07915300643058397    , 0.09018766534253443 , -0.1280311280641691   , 0.0623255147001028     , 0.0424883506868868     , 0.18675490827580168    , -0.019586439096511504 , -0.09300087066177291  , 0.2148792629197788  , -0.11653220909918993 , -0.09643015077667895  , 0.026988334713061262  , -0.08782972638184626 , -0.12363741263428904 , 0.07517856753766167   , -0.06782638784129869  , 0.04326143849785593   , 0.057488398509734896
SIRAHA         ,    2020, 2076/77, 0.010509626900535874  , -0.10907478897117492  , 0.19019358201504163   , -0.0585278436071351   , 0.01004641310983717   , 0.08278430602966529    , -0.05790418928681563  , 0.058325810090606896   , -0.0758178277201361    , 0.15953375607726514 , 0.12163387498691561 , 0.018079358718311088  , -0.3099765027178191   , -0.03357064337937329  , 0.04730089213184208   , 0.09069901133395279    , -0.20707123580828027  , 0.019736055206993654  , -0.11938994683640468 , -0.09395982446120554, -0.2123888178508276  , 0.3073604666131232    , 0.03898260706067531  , -0.03190246128772554 , 0.060463199098885666   , 0.1487205662305652     , 0.017365802741568404   , 0.033337185392458106   , -0.09626959131767439   , 0.09994694021759772    , 0.08574509996019754   , 0.054533417790891665, 0.007902994329248646   , -0.02220590788566927   , 0.040322393315186784 , 0.1603209607063208    , -0.20170663507816924  , 0.013216251679011484   , 0.09880895233795083    , -0.0068702906595202   , 0.07451797470463785   , 0.10288735999800931    , -0.20412362409149962, 0.20292885294965934   , 0.03506631041741936   , 0.07970287980918861, 0.061270323952012845   , 0.10496602540633022 , -0.122915514571062    , 0.0792900011930918     , 0.022160271695993352   , 0.13941006184168467    , -0.009583226222125301 , -0.08164634744593917  , 0.2246063848031647  , -0.146124587894317   , -0.09405144716683564  , 0.018684789082565684  , -0.10408729100939726 , -0.10466978091905371 , 0.011809642700821438  , -0.06569305996921447  , 0.05126721711368446   , 0.09872060035856373
SIRAHA         ,    2022, 2078/79, 0.005286817279947361  , -0.07314505451720393  , 0.1442142781846008    , -0.04421503234889517  , -0.015308469673179973 , 0.08224737479199803    , -0.06073228555742672  , 0.07383658088867409    , -0.08216751298323739   , 0.14341817572262588 , 0.1745372697817198  , 0.08693293190746897   , -0.3049532995744937   , -0.04780706005094213  , 0.0441415045539451    , 0.13316201402684993    , -0.15705223032392562  , -0.02440800055154406  , -0.12548976950915705 , -0.13370059239408022, -0.2555230079598557  , 0.34168619676054024   , 0.029532672836175174 , -0.03860563346206407 , 0.04042982165103518    , 0.14692739543322034    , 0.04034240900924256    , 0.034031024578978886   , -0.05953448463769938   , 0.1021863339999757     , 0.09093005354623507   , 0.022204195589528457, 0.01575359236211687    , -0.0034700638301348656 , 0.05925309751689955  , 0.15060004242999195   , -0.18143721747836175  , 0.007439360342513003   , 0.06726941995051554    , -0.019826164610770212 , 0.08295435830889657   , 0.11736515028486849    , -0.15054506226278924, 0.22719232808524908   , 0.01355955512260126   , 0.11699099334904725, 0.08523618852224467    , 0.0878445509408936  , -0.11486440566766334  , 0.037995733242944724   , 0.005758019987946907   , 0.11957433174299699    , 0.01794034008095698   , -0.07448202622327463  , 0.20507137691289637 , -0.1617326470131629  , -0.06798506711697756  , -0.0020743770587122027, -0.08017846603361944 , -0.12720902885265892 , 0.04526957200109355   , -0.10481555597287248  , 0.037324660386228566  , 0.0708270713417306
SIRAHA         ,    2023, 2079/80, 0.014092220507953092  , -0.06333480715352244  , 0.1431669605103771    , -0.030065210328318954 , -0.03011984587591456  , 0.0878210340594347     , -0.05345634781485355  , 0.09273362060252634    , -0.10234631102600848   , 0.10709201493175576 , 0.1891246501531299  , 0.08843901026482977   , -0.3318759142097099   , 0.0037939060063042246 , 0.032296125336544176  , 0.16655956146922193    , -0.14206700380856996  , -0.03487636936769269  , -0.12936878915615954 , -0.14012648695986546, -0.2733055889868569  , 0.3400934154078396    , 0.06668606451556632  , -0.06212506903010911 , 0.03383288878688773    , 0.12488966072802825    , 0.10963656974537495    , 0.04413939072383133    , -0.04787683685370311   , 0.0792379407198999     , 0.058823997536647805  , 0.0546367021916967  , 0.004775193477455133   , 0.00297004457497644    , 0.08380873077248636  , 0.09899532104446339   , -0.18032155294702293  , -0.00039548617105125477, 0.02623536909914089    , -0.011812518584453547 , 0.08008695411054192   , 0.1119380271156076     , -0.11199349605322755, 0.24601782898361227   , 0.005039867528385834  , 0.1509135740736293 , 0.0954748069833646     , 0.08907487661388698 , -0.09523528651848072  , 0.004305812997117051   , -0.0004279234769201923 , 0.11995228998069273    , 0.06441604913492709   , -0.08467173753318481  , 0.14215929826971593 , -0.17055084620526614 , -0.04880762804113166  , -0.033776043417747044 , -0.04307519703113375 , -0.15724038303967122 , 0.030884209634109056  , -0.09776234438546101  , 0.07119210566182799   , 0.05083575402381129
SIRAHA         ,    2024, 2080/81, 0.0041679918654530974 , -0.10783801847548444  , 0.14940420581965846   , -0.015489755681393064 , -0.005769574283993002 , 0.05271921070128344    , -0.05308000566913629  , 0.12389724232557908    , -0.08341491251303626   , 0.1117227792633445  , 0.14029625682451888 , 0.07195150785753911   , -0.3240387840980134   , 0.013244513206446672  , 0.05527280894488687   , 0.1032015902513776     , -0.17385386291316055  , 0.008393917965808675  , -0.11808034522740855 , -0.11739823315694746, -0.22647678239480562 , 0.30490376042812356   , 0.06441980188376513  , -0.03890140594118431 , 0.045179261272091875   , 0.15006927456822314    , 0.06962841466461629    , 0.024514587113383068   , -0.06190037478866599   , 0.11319402502471887    , 0.08760649371671318   , 0.046966618100923334, -0.017685756804852813  , -0.025400418298784068  , 0.11027638739702605  , 0.1528249762226957    , -0.1952006356786333   , 0.03066038381360854    , 0.09652887342624192    , -0.013905035053190944 , 0.06201287577453188   , 0.07362453071274963    , -0.17045420549732088, 0.21456763492798978   , 0.019548536608221676  , 0.11572838852711256, 0.08270272895186943    , 0.10501103709620119 , -0.13475153884951468  , 0.04832074908344039    , 0.026186105082809566   , 0.15723867637683414    , -0.027291090253442153 , -0.08838604576178195  , 0.2080403329986642  , -0.1510849469582687  , -0.09639966727815677  , 0.021506637197708536  , -0.09382283268292706 , -0.0991385711490283  , 0.04368427030119558   , -0.08225612174498736  , 0.04613615964140391   , 0.07154487432610142
SOLUKHUMBU     ,    2019, 2075/76, -0.048601348696240915 , -0.18364751867461118  , 0.019145969587679456  , -0.07940852309660619  , -0.0953560057988491   , 0.010342967078478068   , 0.024527162928313462  , 0.05473084925011425    , -0.009072355499442832  , 0.15372980317241844 , 0.09957425415115952 , -0.002567046504308951 , -0.083221328026571    , -0.02370093282698273  , -0.10717214379517133  , -0.04601631914564738   , -0.1153677279317843   , 0.08575297436512992   , -0.07587775409861565 , -0.21263690011778053, 0.045327612423934946 , -0.002289900191271105 , 0.07750746820987908  , -0.10838018726632045 , 0.03418623694730325    , -0.07340011570412422   , -0.039067981941823836  , 0.04329493239005843    , -0.04416092632102229   , -0.024168811647405083  , 0.024305240034022492  , 0.1863589280854124  , -0.026357322170265256  , 0.02083876343092856    , -0.10971888242785299 , -0.12378408516218542  , -0.06644131786360565  , -0.08055722955728253   , -0.07070856495668872   , -0.04781057634128585  , 0.01415048088773166   , 0.04720094435142697    , -0.15576579938134982, -0.031727065219576675 , 0.037167890975026346  , 0.15310252749666284, -0.0021907415955138843 , 0.17125757674761707 , -0.026100368700758655 , 0.0574247213223826     , 0.017411966334514473   , -0.009195340319157374  , 0.07706925877965176   , 0.11939922278603593   , 0.17600681678102786 , -0.12116977743672708 , -0.1619568029103768   , -0.13208438367137634  , -0.12005062280097999 , -0.16834687123430955 , -0.02885995622604138  , 0.12700853433090573   , -0.11386463242460781  , -0.07002584721237612
SOLUKHUMBU     ,    2020, 2076/77, -0.014353934370060188 , -0.16807909475841204  , 0.031231172557058026  , -0.08216348822098075  , -0.07323329502144606  , 0.0010881814433043185  , 0.01328572296937237   , 0.025431332042040154   , -0.005800755876862759  , 0.126859888289381   , 0.10642784806181094 , -0.010212757954928002 , -0.0832986597363363   , -0.02152407847431735  , -0.10380180303168797  , -0.02602035422686587   , -0.10145254346694749  , 0.08563214940596309   , -0.08934864266429923 , -0.17284640500910484, 0.048164970237069206 , 0.01901415376262618   , 0.06884209289807416  , -0.09986821040084777 , 0.013774161677158964   , -0.0798419183237138    , -0.02922041321822912   , 0.040209966709085616   , -0.0624614598460038    , 0.0031648881264609804  , 0.0037968639906149414 , 0.1949645864698822  , -0.04514944752266156   , 0.019693611878923264   , -0.12694273639200107 , -0.1475926330920689   , -0.08009188511395325  , -0.1076526868108236    , -0.08201445310686284   , -0.038747349006781964 , 0.04151986866002478   , 0.07527574462130657    , -0.15496727184335565, -0.028602393234415012 , 0.015364649963819275  , 0.15420563217031075, -0.021428980111165404  , 0.16557334903681398 , -0.04286050480527501  , 0.05255997827791288    , -0.010025475925920646  , -0.018350949912716706  , 0.08225413416083067   , 0.15491725682481022   , 0.16913242193470984 , -0.13510456432328752 , -0.13796895334133796  , -0.15522163707369438  , -0.10998421555489668 , -0.1853316890783599  , -0.05271022853125131  , 0.11862692710967918   , -0.12983747005993287  , -0.01854956358089805
SOLUKHUMBU     ,    2022, 2078/79, -2.492610936523981e-05, -0.14568564537161804  , 0.04589288578423068   , -0.09424593335600305  , -0.06591444550931363  , -0.009813845950145181  , -0.03330077158400229  , 0.03639781464159827    , 0.014713054804718592   , 0.11231169569719779 , 0.10621489494630296 , 0.02175290808208741   , -0.026805202054713494 , -0.043350484976683486 , -0.08918934233285093  , -0.008971028330050285  , -0.026821175734106962 , 0.036408400514121274  , -0.07342600333890638 , -0.17385018804432384, 0.039651196660621744 , 0.022703143659004894  , 0.05078573238399308  , -0.09673896140467832 , -0.01594999978631249   , -0.09635277120111857   , -0.02661152067617704   , 0.010969245793007742   , 0.016868405085813484   , 0.02928547094364429    , 0.007620555904056726  , 0.13126343791433892 , -0.044195738135435515  , 0.04603818294750596    , -0.11800897333392234 , -0.14634437100582606  , -0.1018907032997799   , -0.11568672453701011   , -0.13548887103308946   , -0.030896437026869825 , 0.03389996807828798   , 0.10743681086580605    , -0.12683626518894345, -0.004408682649931905 , -0.04321715180251533  , 0.19050372932836107, -0.0191740584923954    , 0.1330079647078163  , -0.04691917749488143  , 0.0013346705181937013  , -0.02480850220531753   , -0.01631359540419025   , 0.09655362383633331   , 0.2188672507782734    , 0.13935303601249235 , -0.16275249652042778 , -0.11569342550163847  , -0.15488716187224696  , -0.0755678036239686  , -0.23342164345339142 , -0.08963085164887147  , 0.12441233888777208   , -0.1321517175175297   , -0.027301496555746534
SOLUKHUMBU     ,    2023, 2079/80, -0.002834771103568546 , -0.16095484746814703  , 0.03195838756551119   , -0.06845298831301891  , -0.10984150974947754  , 0.005718706986876806   , 0.017569447748670357  , 0.05194075176840383    , 0.006268567423196655   , 0.10288188104443818 , 0.15485156020380908 , 0.0020995202033630114 , -0.05897943068877662  , -0.05961443939064891  , -0.0907923738961505   , -0.05053955422766659   , -0.05176605004860227  , 0.06298457903828894   , -0.08805389863473953 , -0.19775106353679048, 0.007899212106201777 , 0.01840868137905224   , 0.09633818274571705  , -0.07671062330540912 , 0.003775372710928375   , -0.10142916975377089   , -0.03974390603612842   , 0.026525863229844557   , -0.06842695598380048   , 0.011041720933992647   , -0.0017023901803706067, 0.14435144147701923 , -0.03555944635398849   , 0.07133534199232865    , -0.13991067253691378 , -0.1460821117092488   , -0.10021303556369698  , -0.12651131649175404   , -0.04443483251727912   , -0.08775703758923502  , 0.06009512132496868   , 0.0878965003856059     , -0.13089444830921182, 0.03258366441629002   , -0.005896559547206159 , 0.16668397124222148, -0.03231834484462384   , 0.16982310173405657 , -0.0722374267006694   , 0.009744654710830879   , -0.030385659564823093  , 0.0039971138389112105  , 0.07409675983486712   , 0.12932123623276714   , 0.14980651190810204 , -0.1585737334932485  , -0.06865453592970794  , -0.1395160524562995   , -0.13006269706147724 , -0.23351956387795478 , -0.041526284489599254 , 0.09838678163947027   , -0.13111949325405944  , -0.05498840339613459
SOLUKHUMBU     ,    2024, 2080/81, -0.010600382125076534 , -0.165803140573896    , 0.031128094633507446  , -0.07486516707626184  , -0.09601802805492322  , -0.00017972328820821122, 0.008678963379116908  , 0.0723250907166874     , 0.00098391920420897    , 0.12638171586684568 , 0.14704605633863357 , -0.02981023555740671  , -0.05632453115834343  , -0.04825315135746648  , -0.08908183846962352  , -0.05600182788442065   , -0.09186941002859048  , 0.09348711162442395   , -0.09536889087226759 , -0.1839054693468473 , 0.029210041794352843 , -0.003841812730001358 , 0.09652858497738499  , -0.08851909162306602 , 0.009085712328579425   , -0.10719512266502847   , -0.02449008451542538   , 0.03359718031658492    , -0.04214445031056185   , 0.025983041460925657   , 0.023814934033496733  , 0.15486702464093327 , -0.023319341001188237  , 0.05257750799158964    , -0.13250561437252142 , -0.1325223293872157   , -0.08781295947406642  , -0.11364589777181819   , -0.03546679608292771   , -0.07349266737010374  , 0.03720101256020943   , 0.06442696408949597    , -0.13727048884872375, 0.016845002468515547  , 0.01285901231624647   , 0.14672111024015563, -0.03808004682256784   , 0.1625644203886243  , -0.0680360976324302   , 0.028586293031246192   , -0.007099349989860332  , 0.00015547825423380094 , 0.060328772951063     , 0.12763125468638944   , 0.1705751688507184  , -0.1325698079067687  , -0.11375658412871384  , -0.11613077700475484  , -0.13974590389372715 , -0.21960883108939747 , -0.046358513969377776 , 0.09453422630336543   , -0.14262373900380879  , -0.05626671259976274
SUNSARI        ,    2019, 2075/76, -0.0008780188680659411, -0.13926899144247812  , 0.16915920888368538   , -0.05456366281491713  , -0.011369130135479823 , 0.06793909967114385    , -0.011757791738225968 , 0.07474350273297861    , -0.043663318404933274  , 0.1957497692724377  , 0.13456667377352047 , 0.028995902560034682  , -0.2920396546242901   , -0.05164942195932804  , 0.05143839691759302   , 0.06446348665657285    , -0.20119034470352407  , 0.0025785047408624115 , -0.10585242195740323 , -0.09049583156127221, -0.19659036309546568 , 0.2757197279446064    , 0.028581827335609725 , -0.018666080937703795, 0.09157499896940036    , 0.12240194235772098    , -0.0008614632715901611 , 0.002129383720193138   , -0.09713577220914503   , 0.07463289994991801    , 0.0836249160500219    , 0.04569389875218008 , -0.02140213746429115   , -0.015714346732490087  , 0.07737114483739055  , 0.157217967956674     , -0.18308767671843706  , 0.02128224250200215    , 0.13360039212915878    , -0.024827783501927058 , 0.04902962428910947   , 0.054444558337308636   , -0.1862604927518604 , 0.22203400265253484   , 0.0335843795123624    , 0.09371621947565305, 0.05538358491732956    , 0.1364205393358676  , -0.08874978524508018  , 0.09424231805552885    , 0.04798128863848034    , 0.15631581440589912    , -0.006492863389821915 , -0.08107848342453114  , 0.2190268939451146  , -0.1200411202299602  , -0.09267032281984167  , 0.0037147428883722365 , -0.11090957935097437 , -0.12376424690785803 , 0.04848152638595279   , -0.06103338495515536  , 0.029263896701230304  , 0.061018530717196075
SUNSARI        ,    2020, 2076/77, 0.017801202567903136  , -0.12513133751730576  , 0.18491396286822775   , -0.06845280906184052  , 0.009386390166094471  , 0.06569789337140852    , -0.03232292517617764  , 0.036025213072968604   , -0.054898029162870454  , 0.1770857246679556  , 0.12832729191258857 , 0.01954581387872827   , -0.30501963812560207  , -0.05773211034462322  , 0.04012186538192628   , 0.07882802899941938    , -0.202119105477896    , -0.008568727517775074 , -0.12707907071111216 , -0.07795832768072   , -0.18243361846398493 , 0.3068233250220546    , 0.017267559685524198 , -0.015563370832551725, 0.07160947981269124    , 0.11812047919414422    , 0.005124825359210966   , 0.021369911051546883   , -0.09020782272195631   , 0.08056333671362323    , 0.06587456447361943   , 0.0516093076080395  , -0.018104912272991314  , -0.03011908112563848   , 0.06019005918076094  , 0.1375429524043473    , -0.20039050935439176  , 0.0005903740821746307  , 0.10372418634416913    , -0.015030601118407193 , 0.06027837405958546   , 0.09413081868570618    , -0.18170590716940802, 0.2111022097711613    , 0.039535534105956734  , 0.07183447408159367, 0.05179660700023159    , 0.14025581873126855 , -0.08092428911663736  , 0.09652459014303114    , 0.020260847534784895   , 0.12189692075944228    , 0.005233655368135051  , -0.0734149013832027   , 0.21208968468638892 , -0.13874829879744072 , -0.07583042178394092  , -0.021793147868145193 , -0.1186079985043696  , -0.10748474877294725 , 0.00791951086237943   , -0.06560293647828866  , 0.04680932386453594   , 0.08757166740660641
SUNSARI        ,    2022, 2078/79, 0.022357480305393626  , -0.08277055237237534  , 0.1482614410895245    , -0.07353564445770404  , -0.005781446870692776 , 0.08199210469639533    , -0.03735892901142405  , 0.04470098974971404    , -0.06811140277948674   , 0.16690792294825452 , 0.1841526455420834  , 0.0879340183144939    , -0.275274516844403    , -0.07514934405717481  , 0.03984719190456133   , 0.1279728451939009     , -0.15351278656399603  , -0.06502540609357356  , -0.1030894872405654  , -0.12066728540436837, -0.21839941623697476 , 0.3295855717959328    , 0.009742186023506077 , -0.04141997012379601 , 0.04252389020749679    , 0.11302661599390915    , 0.018730121375797194   , 0.02825439024258678    , -0.07013508550841051   , 0.0701931775579523     , 0.08078086876372187   , 0.02658953515687222 , -0.00382087177908031   , 0.004470000186318734   , 0.06559928312915814  , 0.11762250721471851   , -0.16777761575346262  , -0.01603332087781016   , 0.05258958847325903    , -0.017874577237640858 , 0.08034077911748243   , 0.11643458038832233    , -0.13067864982515368, 0.2484524986323975    , 0.027412043967239837  , 0.11151193756851438, 0.06554654494600244    , 0.12050797898118021 , -0.07493596631964149  , 0.03531524073563874    , 0.0015122440422072566  , 0.10203531665683013    , 0.04141849667964769   , -0.05816264805352867  , 0.18726808128296002 , -0.17960361576200276 , -0.04075220160767723  , -0.0361159232494864   , -0.07093267886472536 , -0.15755726694219976 , 0.04234302082899454   , -0.09939875177328267  , 0.021448958077642685  , 0.07110716456399631
SUNSARI        ,    2023, 2079/80, 0.015946145657239792  , -0.09451624632698577  , 0.15708562840959958   , -0.05560674225615796  , -0.034773103890443746 , 0.07018876008435179    , -0.039449136956451164 , 0.06927458415581347    , -0.08102131791221656   , 0.1344755937682497  , 0.18633907204178848 , 0.09355455273485723   , -0.292494215925653    , -0.038245702011159254 , 0.033873663905754914  , 0.15824828650649134    , -0.14411210634250202  , -0.07554040971250973  , -0.11158516862510331 , -0.11812682297547192, -0.2290811432479281  , 0.3279624642469351    , 0.048974449589931544 , -0.0443787818267145  , 0.039193809949711986   , 0.10008437925220631    , 0.07600875494480266    , 0.03573906351403386    , -0.05114792939755141   , 0.05886149570225526    , 0.048131954491734075  , 0.04661182921046751 , -0.01841362036046665   , -0.004494245573721791  , 0.09010006988354483  , 0.08955811468492651   , -0.17932311629925754  , -0.02781132661104442   , 0.02653419505812716    , -0.03352840669225732  , 0.07125147382058118   , 0.11033927930940028    , -0.10663263452990152, 0.2615309131072106    , 0.023186894118116922  , 0.13458863108042105, 0.07037841475921673    , 0.1304383601855874  , -0.06409506515867915  , 0.01868245755009008    , 0.005630523530900687   , 0.10710672166066101    , 0.07645009789930846   , -0.07966177131700689  , 0.1385302625719357  , -0.16971274084182708 , -0.03890733931578495  , -0.06275554946355007  , -0.060552325187547364, -0.15357590986828443 , 0.02449255876283431   , -0.09119473631331872  , 0.04989175458117868   , 0.051071429361630956
SUNSARI        ,    2024, 2080/81, 0.013486549089214947  , -0.1264864275426213   , 0.15755558698818417   , -0.028546677552154724 , 0.0002951021282652971 , 0.047478306425141344   , -0.04269545122824063  , 0.08091072894781341    , -0.07091350975328177   , 0.15888488060718906 , 0.13200120604814355 , 0.05889330554290321   , -0.3080435402824193   , -0.022005926136803394 , 0.03456449045466711   , 0.07624525402258067    , -0.1756478363943163   , -0.02492895076110112  , -0.11361472502675111 , -0.08918032291974065, -0.184660255471389   , 0.2961839497580525    , 0.030694876193212987 , -0.025638790767617225, 0.05753924091514849    , 0.1499875523846635     , 0.04829088138727473    , 0.017467609030861933   , -0.05303664690126576   , 0.09020003451567442    , 0.08138799854455447   , 0.041172607153180336, -0.030093045524489014  , -0.020818869491844277  , 0.0918983473306426   , 0.14006152359359822   , -0.20313422206812287  , 0.007325426091728634   , 0.10526577982590743    , -0.024073502779355695 , 0.041495149544763556  , 0.08055416824902377    , -0.1640486110236425 , 0.2107656271943663    , 0.0278797463469435    , 0.08356640830024706, 0.05405915846494735    , 0.1367656599671991  , -0.11026936569397622  , 0.074332982546813      , 0.030112979880848007   , 0.13685006083987097    , -0.0246357514878337   , -0.08318239226202201  , 0.21611832397233832 , -0.13950726417357784 , -0.08990875561084631  , 0.003574229374471082  , -0.10632604111066993 , -0.09318510273376927 , 0.028284815463705894  , -0.08160326965075529  , 0.031098486424932785  , 0.08866817093939704
SURKHET        ,    2019, 2075/76, 0.04207675781111719   , -0.12072953277616812  , 0.15064113100024504   , -0.05602261884625418  , -0.003850841901485931 , -0.07365728865863778   , -0.11505584462588872  , 0.1889160479396056     , -0.032419583457291665  , 0.0406233090237875  , 0.0806599097258392  , 0.07401829889507253   , -0.3070366703163894   , -0.013955747389528211 , 0.050603059050277635  , 0.01780686601279029    , -0.1275134286097937   , 0.08267496243191724   , -0.08457270202927    , -0.18436016699312063, -0.16736418322926605 , 0.09647714637293747   , 0.19367264087361782  , -0.09347128527374893 , 0.04104972537705137    , -0.015207043382322713  , -0.00854180634156417   , 0.07083906594960043    , -0.06445870764630715   , 0.007202682529108929   , 0.06534531513246215   , 0.23157700432436643 , 0.10166653980098123    , -0.009896786934301295  , -0.0779887794412776  , -0.004392282947913115 , -0.0735439244505809   , 0.04625607713978767    , 0.05712122142287122    , -0.07139578717838717  , 0.025592163335996673  , -0.05942326084040461   , -0.13615397607243857, 0.15982950022989548   , 0.1422654925011368    , 0.13003335577657746, 0.0023299985266273587  , 0.18076823799147493 , -0.025422801921723026 , 0.07079934391199703    , 0.0589412158241575     , 0.04018997589274272    , 0.0539598689821253    , -0.03623106052695183  , 0.14791501929378034 , -0.11569980569487381 , -0.12421755472859573  , -0.03884215369177183  , -0.1070998164000005  , -0.12991395031443126 , 0.19538717431549837   , -0.08957572059747129  , 0.05672134967468163   , -0.10992165531417937
SURKHET        ,    2020, 2076/77, 0.03218649117838361   , -0.1145349337994849   , 0.13672653968103407   , -0.03794256549797969  , 0.028890375398982603  , -0.025647620398680612  , -0.148596683408734    , 0.16662543509694816    , -0.03341578027608418   , 0.06252016296586423 , 0.057448006650207675, 0.05345211441166311   , -0.3189495677089278   , -0.05426877269755773  , 0.039021240045355295  , 0.01724808475959825    , -0.18137616025929854  , 0.0661135805044059    , -0.07330661939530106 , -0.1597138020281725 , -0.13359150049723312 , 0.12599842718819998   , 0.1484992748448663   , -0.10600352248891888 , 0.05992714032249622    , 0.0342719109054378     , -0.06141607889573102   , 0.0510473227588008     , -0.06342142484637281   , 0.02506376275098713    , 0.06640193847426139   , 0.21080357254557186 , 0.10486460642495042    , -0.002152631153633947  , -0.1315492270684251  , 0.00726447461967989   , -0.08133971214236359  , 0.010819305118108573   , 0.014684108857741313   , -0.05680444832096774  , 0.0033680293185993477 , -0.019531337420791505  , -0.1523780889475418 , 0.09010856039515337   , 0.16609431316919973   , 0.12322655239624647, -0.010757535823805968  , 0.2160453064264184  , -0.019134556748161478 , 0.06685088543098325    , 0.05146730869401665    , 0.015678159844777318   , 0.06917326950727311   , 0.021246522019580823  , 0.14776643686793386 , -0.16305687650125386 , -0.13348647753979787  , -0.022474085037412092 , -0.09109428465084363 , -0.0951515037297023  , 0.16073624612819115   , -0.09843953357295056  , 0.05207860540614889   , -0.08024418777654908
SURKHET        ,    2022, 2078/79, 0.08884666809522995   , -0.03991038718880953  , 0.1562971866666859    , -0.028630186814213476 , 0.0035540302277811938 , -0.05402588186133349   , -0.15345383743119775  , 0.16644597336050132    , -0.014096748221770828  , 0.028210943139518507, 0.11981423748179489 , 0.10514268093204997   , -0.28380494409204965  , -0.012311582107294664 , 0.029640606264312974  , 0.052951375544831876   , -0.030127488997359834 , 0.04053602615180979   , -0.10472140793458798 , -0.15133955958954184, -0.19886068821879138 , 0.16795078462992252   , 0.17072335331952     , -0.10921844019471875 , -0.0027262879446122573 , -0.022638380373431417  , 0.010066822732770138   , 0.0011623355650001526  , -0.02948350682398831   , 0.06363532635729245    , 0.08183937261337389   , 0.12635257189964288 , 0.09578858925052756    , 0.07214232083110284    , -0.1021155289003123  , -0.010250484843297117 , -0.14572832251995121  , -0.011192371864280515  , -0.01684085566838571   , -0.049785239608100655 , 0.05030659205359389   , 0.08566750139697608    , -0.08781533398551307, 0.22386451399927643   , 0.04166552989515945   , 0.1407090964447227 , -0.0011689985411526746 , 0.17506671175081184 , -0.033913799573509075 , -0.03039253647711356   , 0.0007465092400639537  , -0.05623238162812515   , 0.06768806274792784   , 0.0390670769932217    , 0.1504271418059642  , -0.18950704614824174 , -0.057988031214848905 , -0.042529592906781204 , -0.07346393175889819 , -0.22158761576839392 , 0.1280555062827959    , -0.10379253226940363  , 0.03223128245483578   , -0.039793459082238046
SURKHET        ,    2023, 2079/80, 0.08721680914404696   , -0.08341476334427272  , 0.15814691116556182   , -0.07010763130973585  , -0.00781816468367974  , -0.03820697056277993   , -0.11929469870448925  , 0.18837531435984606    , -0.03558555764886154   , 0.03338695655143827 , 0.13270893323346689 , 0.09657184941748627   , -0.29416371034994454  , -0.045139639202966195 , 0.06340060726288099   , 0.04978800430169301    , -0.07147057269628201  , 0.03272080326786754   , -0.08370742178152651 , -0.1588566612051313 , -0.1679500753339227  , 0.16290890493858193   , 0.18227775243919878  , -0.13545655435414317 , 0.02230963022253319    , -0.019842974776946076  , -0.0008212764408264753 , 0.021508816992550663   , -0.05271001032944262   , 0.052281769477895416   , 0.0779931244465571    , 0.13487965455948683 , 0.11168377952929592    , 0.07588982978507293    , -0.081102452215481   , 0.003322316964937238  , -0.09971846764425601  , -0.027775608640758457  , -0.007321432075177635  , -0.06171150965868415  , 0.05469727676300751   , 0.062352654727002355   , -0.10452545272424478, 0.22329788973739273   , 0.08566235786640865   , 0.16207498281217736, 0.010329613283418906   , 0.20027119151643327 , -0.042248887379106315 , -0.025210382121658936  , -0.00021864775666612918, -0.0032539865110885516 , 0.07802871875234288   , 0.03867245405745657   , 0.10835541492034712 , -0.17110089675432683 , -0.06164356811682825  , -0.053679230973548965 , -0.0625970388822287  , -0.2111854973992662  , 0.150855961933236     , -0.07182365500332437  , 0.04008811145022721   , -0.054197998355848126
SURKHET        ,    2024, 2080/81, 0.049503981098447294  , -0.1321828015174336   , 0.17549543816708665   , -0.06985868041017922  , -0.008892262948046915 , -0.06387201649963048   , -0.09380041242048597  , 0.19646965490571583    , -0.04793952328259524   , 0.044773112187829575, 0.10549124506039603 , 0.08894832107554948   , -0.316448296850598    , -0.028878112115815223 , 0.05836916793968079   , 0.03073144520891075    , -0.11215255033224258  , 0.06831779131260796   , -0.10509456479504345 , -0.15482230087063073, -0.15488384896551968 , 0.1447596531880521    , 0.19535340524281794  , -0.12356416228962029 , 0.04343744705826663    , 0.008051922519982168   , 0.007372412901519456   , 0.032127078763127606   , -0.08665964707677798   , 0.04080452745432696    , 0.0835220744762723    , 0.17145531230837438 , 0.11146620177014507    , 0.021906287437509712   , -0.06516862785736466 , 0.02309819327761478   , -0.09370604621124858  , 0.011427745970259895   , 0.04074261674881762    , -0.08959933600793779  , 0.030604521430717208  , -0.010417309147409936  , -0.15015825761740567, 0.19811160949537662   , 0.11365063685231504   , 0.13853927997456383, 0.00413303862014157    , 0.20850683585829957 , -0.07377249672656074  , 0.02271163332560829    , 0.047571325403662997   , 0.03806448217108343    , 0.056566688081875996  , -0.015254383765677669 , 0.13578767652449406 , -0.11577840378381929 , -0.10055384154776958  , -0.013000068354838627 , -0.09478607655755644 , -0.1562824804382975  , 0.17175173620282738   , -0.04909272246389192  , 0.029252126010629407  , -0.0699792185992123
SYANGJA        ,    2019, 2075/76, 0.009107744210320757  , -0.1153897755026584   , 0.18887700320556028   , -0.058966400474626215 , 0.017275414575517886  , -0.08293560989861049   , -0.1482826893393664   , 0.20792705101980885    , 0.006830694870172368   , 0.08907359102343841 , 0.021914339431859945, 0.026411269500305572  , -0.2937426503003203   , -0.012672783222238342 , 0.042453406676357865  , -0.07948729672554052   , -0.17152449763364344  , 0.07540336088944345   , -0.11507933275032207 , -0.12084095295545308, -0.1794975824028593  , 0.08920443370864252   , 0.12410262501745035  , -0.09294975575082637 , 0.08182809857718926    , 0.006154316481247114   , -0.03032527707479808   , 0.024665326998405776   , -0.09469913982047158   , -0.002290116606540104  , 0.058885090767255434  , 0.2503104121730893  , 0.05468277154417796    , 0.0011636010094059407  , -0.08814813450823801 , -0.0093970964574687   , -0.08162826314365892  , 0.022716021006772887   , 0.08492112512054259    , 0.009419692162076184  , 0.007052213863913338  , -0.007767788639459307  , -0.16102077497925676, 0.11557560113292648   , 0.12417132426745923   , 0.11583104596372257, 0.0358091130008216     , 0.21766607145977315 , 0.007999992833473883  , 0.08467147514182641    , 0.09362312548652142    , 0.0358626719102704     , 0.03205606877279096   , -0.013271867367998038 , 0.17881246093181372 , -0.14441157930932594 , -0.1501822557051126   , -0.0519759674782457   , -0.14808780954402856 , -0.07433902434038066 , 0.09290423452320519   , -0.06927382087600861  , 0.025484839135944966  , -0.10443122151748711
SYANGJA        ,    2020, 2076/77, 0.0025658628274825086 , -0.10098479605901321  , 0.17371693841804334   , -0.05930567806288321  , 0.02430847528778183   , -0.07187043331678629   , -0.14962360142612613  , 0.16796759595544405    , 0.0009505157358988595  , 0.08407890849993091 , 0.04471990336252484 , 0.02374722311699852   , -0.3244537834216968   , -0.0440225126929078   , 0.024785026084032328  , -0.05743055130487534   , -0.17991955271683205  , 0.08931038283047188   , -0.10823954591098715 , -0.13392985930663126, -0.15884392818035212 , 0.11927298376361291   , 0.09444203872724252  , -0.09309415060444942 , 0.09801337875510487    , 0.021769222071563905   , -0.04951020508113417   , 0.014578899399595061   , -0.11412195440291911   , 0.013758658202266133   , 0.053124912955062324  , 0.23485325424371023 , 0.05895051774521617    , 0.008641632559729377   , -0.1472364999138693  , -0.026292432930346995 , -0.07767516177786714  , -0.020947018992489467  , 0.03930732577469497    , 0.008834793504837122  , 0.010271996568054453  , 0.012068827952246723   , -0.17356722209223746, 0.09564113305018807   , 0.13466590255223682   , 0.10517647854750337, 0.033385605118978395   , 0.23146156784234553 , 0.005617869930035695  , 0.07053468652706665    , 0.05694678034548649    , -0.0021131256753090877 , 0.05802816257529812   , 0.0421470500478161    , 0.16731598577448528 , -0.18544152161763147 , -0.14656149338495025  , -0.06237475720786195  , -0.10894959331854868 , -0.0911939416612358  , 0.08267541450376978   , -0.044620181829439984 , 0.015488750225251527  , -0.059201394293243205
SYANGJA        ,    2022, 2078/79, 0.04781128171730333   , -0.017644169458588387 , 0.18664885849214563   , -0.0027975321391831404, 0.0346618150584983    , -0.08723157002672456   , -0.21368593186065893  , 0.1638928627433934     , 0.03331495136813976    , 0.05552672487154668 , 0.041165711900973435, 0.07755750443575238   , -0.2570893138737842   , -0.03568950531747912  , -0.005816179466436752 , -0.02383224367696431   , -0.060699562583748666 , 0.042627133268338     , -0.13191947661928868 , -0.11472367757016289, -0.23153534379357635 , 0.1664689632317352    , 0.10533540087403358  , -0.10124013799196532 , -0.0026618303812616442 , -0.02036690245892098   , -0.02320339259108537   , -0.04187257454693484   , -0.06325504634943739   , 0.06538033460331659    , 0.05706353687933541   , 0.17999376753064994 , 0.06879366421806092    , 0.06978414436341074    , -0.13057866293148385 , -0.026362552005312907 , -0.12527215449422527  , -0.010777641260908232  , -0.036763516061524955  , 0.010297679236252145  , 0.05102428089497258   , 0.10348441587176035    , -0.10868248578976991, 0.1788774516021956    , 0.0315071589211742    , 0.14765785207840554, 0.024818300928403828   , 0.19327710998455225 , 0.015615607654779859  , -0.026381356995553253  , 0.02456280393227786    , -0.05679235198127126   , 0.0628741448168042    , 0.07071097919161654   , 0.14538819710474868 , -0.2465155169554326  , -0.08515741499072325  , -0.08025300535844558  , -0.09270971856075186 , -0.1719870166595854  , 0.05043454080488001   , -0.10099507101700739  , 0.007231209456108641  , -0.05215432243480347
SYANGJA        ,    2023, 2079/80, 0.04569147964446873   , -0.08294532932972092  , 0.1827697537025809    , -0.05170791557502499  , 0.0032069649222218125 , -0.04740663251122734   , -0.16811495372743307  , 0.18805929156237594    , -0.003865579618518959  , 0.06266208733813965 , 0.06929617288888719 , 0.039598462942867035  , -0.29909295325981283  , -0.045797118646074476 , 0.016589267498768986  , -0.010769535169939632  , -0.09200527780448696  , 0.055963676828649826  , -0.13246278962476174 , -0.12435083045908239, -0.20333017890571028 , 0.17056436883316933   , 0.12080517447501743  , -0.12618594417227566 , 0.051593628544186074   , -0.0241595921787342    , 0.02760941087212522    , -0.023458227062201617  , -0.09902456486279292   , 0.041401629725405696   , 0.042410298473526495  , 0.17880743688859074 , 0.07251462060499644    , 0.04760395373296936    , -0.11098580995377585 , -0.030716198932070917 , -0.1087943960791501   , -0.028027060891571667  , -0.00491300320277955   , -0.011512064799305855 , 0.04863295974373692   , 0.07723258350604062    , -0.136680137417515  , 0.21927648958555362   , 0.07113163917451096   , 0.1649470439993788 , 0.009668578003639251   , 0.22413410769121248 , -0.016412633663345708 , 0.007455736743334149   , 0.049171840442603955   , -0.002017895126412319  , 0.1079178481540326    , 0.029841093884306     , 0.11161871559362126 , -0.1854088323921522  , -0.06751416564411178  , -0.0931434162126773   , -0.10933414085735327 , -0.171010976503236   , 0.07206900546229317   , -0.06195976002334869  , 0.035148458222797926  , -0.07252937531530716
SYANGJA        ,    2024, 2080/81, 0.03910222252649313   , -0.13691651639045685  , 0.2071596686276905    , -0.04385394305020745  , -0.003167506294422309 , -0.07132539923719348   , -0.15686728194581795  , 0.2023247940049121     , 0.002852594242861903   , 0.08382175173382489 , 0.07565669127513681 , 0.06839578760296974   , -0.288237117517741    , -0.04742739307128834  , 0.030721181673911677  , -0.007443235990411667  , -0.09309251778892046  , 0.06531545556076868   , -0.13608897079608082 , -0.13135121023026317, -0.19755757027251195 , 0.16634769114462952   , 0.13455464469658926  , -0.11610117081438663 , 0.05061655832210128    , -0.020815093704186122  , 0.015052641061105335   , 0.0033547974803957233  , -0.10692227287864829   , 0.042782089485495826   , 0.08125314447903241   , 0.18740534579213888 , 0.07972049868983513    , 0.038601064400706285   , -0.08691615369790644 , -0.00097472062516606  , -0.08780027106972355  , -0.003741296061525012  , 0.03959362573908244    , -0.03189771288409898  , 0.05301014352817107   , 0.026150426117501183   , -0.14493416521325028, 0.22148886379626984   , 0.09321650899841707   , 0.14904685989488392, 0.029010551169032707   , 0.21818716657051457 , -0.04123956413489151  , 0.023268478140621277   , 0.058097140473831486   , 0.027321392623700376   , 0.06067089538580074   , 0.006541049723641936  , 0.12572494678170526 , -0.1729434194899071  , -0.0825824861653546   , -0.06125495175496509  , -0.1209305148886719  , -0.1518459158544683  , 0.09784212202792081   , -0.052621716096603925 , 0.01538716776030872   , -0.06915273947111003
TANAHU         ,    2019, 2075/76, 0.02183231666026948   , -0.09869967385905751  , 0.16400152118266417   , -0.04417668601007387  , 0.03931336692718389   , -0.06991363787928478   , -0.17144237120119804  , 0.23790987674344866    , 0.004185570492014517   , 0.10993458005286709 , 0.038155558770419276, 0.05858625133761269   , -0.2903996577539336   , -0.012631961372096684 , 0.01892325106704979   , -0.07396243158168912   , -0.137965535335108    , 0.06205054553616696   , -0.1202989982598989  , -0.089269268623116  , -0.21059602903734628 , 0.11961883952806696   , 0.10946969743142038  , -0.07473490763442434 , 0.06818282314135804    , 0.03652688870069153    , -0.02763856306735413   , 0.00598288110228771    , -0.06738232042515803   , 0.018681109674921387   , 0.05031273832776278   , 0.21232266859776872 , 0.05518211791248782    , 0.01760629393170173    , -0.03249613745753916 , 0.024697164216455937  , -0.11713967376729456  , 0.010990298220842337   , 0.11337261169156501    , -0.0030247891182839893, 0.024251657014365154  , 0.01847363028345218    , -0.13956630639409934, 0.1546911346833432    , 0.1023912985141187    , 0.10986994501662692, 0.03891089670802812    , 0.23552720952950917 , -0.028195338030869318 , 0.102771145857639      , 0.08399573766090328    , 0.04776008009421996    , 0.033818747584913766  , -0.03301910140417224  , 0.20732042122849648 , -0.15412077083163603 , -0.14969243946805397  , -0.03687953616930117  , -0.14464207422392625 , -0.02391816365544842 , 0.06964201335706632   , -0.07851435430343787  , 0.05883919351019714   , -0.07388306688898919
TANAHU         ,    2020, 2076/77, 0.014543520954745816  , -0.0739400329170824   , 0.15642335219143036   , -0.04025144991455649  , 0.04440831594581234   , -0.06092513320245022   , -0.18540192658060545  , 0.19070843350990402    , 0.010277662357058596   , 0.11203595926255401 , 0.04935021196312766 , 0.053556071654508985  , -0.3161402748729329   , -0.028588668770534023 , 0.0015043758885599876 , -0.04628965714991363   , -0.16517888068324735  , 0.07290266309149505   , -0.10110376752618837 , -0.10977847961511787, -0.18745931829632945 , 0.15106793975729432   , 0.08342992884762959  , -0.07767875365705952 , 0.09206114050620236    , 0.04159250708529166    , -0.04507858385910673   , 0.0023665040224140565  , -0.07556336013344546   , 0.022990305853000974   , 0.04099818208651025   , 0.22137542667181143 , 0.056162035228321465   , 0.007531577798085753   , -0.09545616229915564 , -0.002620226939412869 , -0.10966404201242806  , -0.016747931281044265  , 0.059363569313231994   , 0.0030452221797422274 , 0.018332123380176726  , 0.03918601413608984    , -0.15689843489118857, 0.1307216725082031    , 0.1077037777939764    , 0.10034663891891908, 0.03381681357702278    , 0.25080446943024337 , -0.002833447376943602 , 0.08905637924014655    , 0.0513296859102961     , -0.0035303574261491733 , 0.05417803227687476   , 0.01866013618014368   , 0.19093537203686628 , -0.199453487813745   , -0.15781984351060493  , -0.05879671881883657  , -0.10125307392012438 , -0.05155083032116241 , 0.05352301579885145   , -0.06556090620306251  , 0.051912088866754136  , -0.04014602925556653
TANAHU         ,    2022, 2078/79, 0.056509710225413345  , -0.0014503540784752851, 0.14720968376785187   , 0.029947552327905608  , 0.05385784658810913   , -0.06845692978282358   , -0.22077411867899654  , 0.19510177797746228    , 0.027550610794995756   , 0.0787617971060249  , 0.048487493500018596, 0.09589620258243406   , -0.2784681040015727   , -0.012379720171462822 , -0.032887326827597325 , -0.024218787944774625  , -0.051511646963226874 , 0.033464810868620964  , -0.13595410172398947 , -0.0930941734869631 , -0.2453435804264237  , 0.1906045336204923    , 0.06871766195211729  , -0.08404798335686531 , -0.006209420556284655  , 0.010456686600038494   , 0.003962164238707938   , -0.0573643511782292    , -0.03329827758586252   , 0.08431976449696109    , 0.04986347771648775   , 0.15258365457119438 , 0.06318012590531766    , 0.06347135093281017    , -0.07643695680975059 , 0.009861410020940244  , -0.15571193324328753  , -0.01987440122176816   , -0.008611246053040552  , -0.004763592954698925 , 0.03890805473370183   , 0.1250680729886465     , -0.06882441345292069, 0.20229964257994354   , 0.014302920942944717  , 0.13635531233034576, 0.02867701187751735    , 0.2059759080894739  , -0.0015824273731623918, 0.00289071316946802    , 0.012472628943562557   , -0.06152058167454806   , 0.06881186968865419   , 0.04680504143311314   , 0.1661788733062454  , -0.21464589851916321 , -0.09048285936958465  , -0.07423268295642246  , -0.07729948366960458 , -0.11587117283980113 , 0.02435187519611679   , -0.13162234231399814  , 0.0625566301158224    , -0.033811325160437215
TANAHU         ,    2023, 2079/80, 0.047282541977584726  , -0.08849054388377475  , 0.15831713766766822   , -0.03357102122189141  , 0.021837746397111293  , -0.031998258745640135  , -0.1828789321228843   , 0.20434015773019984    , -0.02099074209579669   , 0.0797770800771293  , 0.08740968917831708 , 0.07817069009606147   , -0.30570890364297804  , -0.0468448960214709   , -0.0021702518213602305, 0.011528630515347225   , -0.08230337902101671  , 0.028722648879250093  , -0.13353952165711522 , -0.09960621017773838, -0.21081685901754255 , 0.20235865519598983   , 0.10272868555167528  , -0.10009560435826924 , 0.04452017870651449    , 0.009786548302497056   , 0.025724272123370966   , -0.030040634116323392  , -0.06587493482217334   , 0.03623969832065465    , 0.03385222795633384   , 0.16739890244298453 , 0.07022077707891537    , 0.042548863955238325   , -0.05323823999625033 , -0.016303150543637165 , -0.13040674712315975  , -0.03449329181766864   , 0.0055029624741520095  , -0.0214221963141921   , 0.04654426438755616   , 0.08349108042877089    , -0.10154613238057376, 0.2446106812475388    , 0.06765917365991166   , 0.16934083776464512, 0.02336503331212546    , 0.24026767877795271 , -0.024138570245883662 , 0.022285635317711834   , 0.03513160990795332    , 0.006553010710264349   , 0.11803998726070968   , 0.006978930809576975  , 0.12085692054237492 , -0.1788069369520851  , -0.07843165854235461  , -0.09212086827575273  , -0.09494157163635052 , -0.1142834700768313  , 0.06406334429668503   , -0.07970561502615943  , 0.07311260151000565   , -0.06802101537376115
TANAHU         ,    2024, 2080/81, 0.03926692814230873   , -0.10293172238085659  , 0.1779287528617899    , -0.02389080041883669  , 0.014320881816517365  , -0.057445170768709454  , -0.17876048427594413  , 0.24312352981761423    , 0.00478156307515932    , 0.09101059211856899 , 0.08187523106959999 , 0.08189865638994641   , -0.289336392677514    , -0.03627345975887238  , -0.001227424843924031 , -0.02757085713113372   , -0.07868175928469401  , 0.043522938451178744  , -0.13638305229293346 , -0.09581207851521031, -0.2314285434128386  , 0.19054200056175727   , 0.10279627012129805  , -0.09137641577439427 , 0.03917501048032841    , 0.017682537905411636   , 0.023925512847375253   , -0.022305855675076147  , -0.06765423237045493   , 0.050461480260547927   , 0.058915035806575734  , 0.16238250430306    , 0.0664191850552273     , 0.04385377717402896    , -0.027835712334071405, 0.02992807902841501   , -0.12510309348748377  , -0.01949781806775026   , 0.06377930039027561    , -0.03866473359303057  , 0.04719017483229845   , 0.0646396574877253     , -0.1127269136147471 , 0.226409934463193     , 0.06536294576457333   , 0.14781621033529305, 0.04550991185726603    , 0.23767117305932753 , -0.052421673952042246 , 0.052604838646374705   , 0.05305689503939368    , 0.0282451611932096     , 0.06161730274081254   , -0.01167910672511911  , 0.15522364109775805 , -0.16392929467221287 , -0.0876764363224936   , -0.04706515695957426  , -0.12562097884951626 , -0.08325372879131224 , 0.0698971867084342    , -0.08268425391136125  , 0.050593766656257415  , -0.06270194542222499
TAPLEJUNG      ,    2019, 2075/76, -0.0307644235544941   , -0.18404245704727648  , 0.04128982216035398   , -0.08545449848767701  , -0.06588442755162568  , 0.004650419571578282   , 0.007669367075712992  , 0.05772761704920106    , 0.010976528078163737   , 0.15526832506725774 , 0.09840763061627908 , 0.0032345769114132767 , -0.10402776166068793  , -0.02048024390938154  , -0.09750394449131507  , -0.03544460314829436   , -0.1136096541775954   , 0.06184958032528766   , -0.0891482148643122  , -0.19749162019439176, 0.033419109439852344 , 0.02282831479741131   , 0.08235980890562938  , -0.10902241967206142 , 0.030923504426626294   , -0.07591876110697587   , -0.04724418533255161   , 0.02750090423321216    , -0.07029102837352336   , -0.03621669485637075   , 0.005183289925032757  , 0.18041590965913665 , -0.03230105300495133   , 0.0209240003108522     , -0.11670173480478778 , -0.12783428700954255  , -0.0671824524241046   , -0.0852582484604641    , -0.07138373891513244   , -0.04741725300429749  , 0.019796086963978946  , 0.05868215808021253    , -0.1607250141100308 , -0.006224252676542165 , 0.020703727649642126  , 0.16246377788966582, -0.000728233648709771  , 0.19330962895137624 , -0.03679327633075934  , 0.057700113235991494   , -0.0009561180973756952 , -0.007592662333340032  , 0.07729018527638261   , 0.118395797586855     , 0.17798413732105217 , -0.13207067744632248 , -0.12046466402555651  , -0.13618236368819314  , -0.12816995086259328 , -0.167974248000398   , -0.02096143862735251  , 0.12131373807500459   , -0.08847554707978976  , -0.06678232492355184
TAPLEJUNG      ,    2020, 2076/77, -0.0034416912165254007, -0.17260464422648134  , 0.05613799193654618   , -0.09152357869025975  , -0.05463517630040371  , 0.002578009547246247   , 0.0006067811257377797 , 0.033228796554713204   , 0.010617377866320164   , 0.13135958029599515 , 0.10143431928379555 , -0.0017742969138551073, -0.08707906325679991  , -0.021225173786977882 , -0.08097414981954741  , -0.02664662036981164   , -0.09204850336825533  , 0.06984762021349421   , -0.0856850353712578  , -0.16570785674362387, 0.04179838610585261  , 0.044667743321617735  , 0.06520867905784478  , -0.09984864106996474 , 0.021867454340787844   , -0.08685788265087775   , -0.032307135502332725  , 0.022674327434877562   , -0.0786879025947548    , -0.01261104579487057   , 0.00012311740317389955, 0.17786133729300188 , -0.041804934892183294  , 0.019783048823138895   , -0.1290243505637171  , -0.14284767555005723  , -0.07415991803943116  , -0.09912784090550972   , -0.09888057352465589   , -0.03932843083965136  , 0.047667050991706615  , 0.09264565615282051    , -0.15347470324237603, -0.0019455964516231553, -0.0031488934346838573, 0.17055048344675522, -0.014987379565470341  , 0.18858945991034817 , -0.034354510096502984 , 0.06204013912632184    , -0.026212769438207422  , -0.025910494979729182  , 0.08272827819330808   , 0.1527290750879871    , 0.1769083929243266  , -0.14611754873623728 , -0.10978214144350121  , -0.16580568610168972  , -0.11671410785021763 , -0.19327286511319655 , -0.03479811870873396  , 0.11812080489681177   , -0.1015704741827693   , -0.028905546087069807
TAPLEJUNG      ,    2022, 2078/79, 0.017461850685129794  , -0.1339776836665977   , 0.06701517071485154   , -0.10387079909185838  , -0.04266190301085408  , -0.008234831601492994  , -0.03868532782725676  , 0.046450061951988655   , 0.027230442045024214   , 0.11656860170972118 , 0.09937985381077097 , 0.03372530826933342   , -0.03938893119429737  , -0.030443221392424093 , -0.08055130793300494  , -0.010528612899890441  , -0.022021733046550338 , 0.01717524495364202   , -0.06640732906536961 , -0.16236515268472498, 0.033436773638566314 , 0.04511324620117638   , 0.045757195422506315 , -0.09787038280105625 , -0.004278775855017516  , -0.1039803313556225    , -0.030400288911094295  , -0.005808796845686616  , -0.015437123929632418  , 0.01671133880833814    , -0.004695581315931376 , 0.121146841813915   , -0.04532131321152438   , 0.04523994338986923    , -0.1206786328623533  , -0.13635190811364892  , -0.09732347802241617  , -0.11215541506131099   , -0.14119861381043453   , -0.03359691505265499  , 0.051846831777981585  , 0.12254879620807729    , -0.12090859363781357, 0.02724327318638337   , -0.05626009433710612  , 0.1990853431235554 , -0.013172416965936134  , 0.16300307004465173 , -0.039258743224831284 , 0.011999376898909415   , -0.040665500131921536  , -0.033457428921457893  , 0.10034551695558992   , 0.20770709363431045   , 0.15056868560589812 , -0.17132279463116987 , -0.08418952242798101  , -0.16091731098185152  , -0.0847841074410692  , -0.24623862745455474 , -0.07063051856776388  , 0.13224683351207075   , -0.10353879146151826  , -0.01685505883553432
TAPLEJUNG      ,    2023, 2079/80, 0.004976588259094294  , -0.16604436962741423  , 0.051267683884739845  , -0.07887276709652573  , -0.08692395443161346  , 0.002419450233418317   , 0.009511963875233629  , 0.051126927982834684   , 0.019949224695617787   , 0.11157136392744822 , 0.14196480334489414 , 0.010453527890091551  , -0.0782897161152796   , -0.05453836047679895  , -0.07472161720097796  , -0.04300448676437047   , -0.055551975840754435 , 0.047473719787338324  , -0.09340955993603021 , -0.18330293670551082, 0.0038083395384199002, 0.04201715885571851   , 0.08682504378286128  , -0.07892526212156413 , 0.008918313272461122   , -0.10002247594152108   , -0.04571266935067964   , 0.013181190985862491   , -0.09736572553518177   , -0.002680614347273282  , -0.011427789862840636 , 0.14386529040678123 , -0.034575846069603275  , 0.05791870541465804    , -0.13955158906307955 , -0.14256830390484007  , -0.08601705998880425  , -0.12289956467979053   , -0.059800140606716505  , -0.08288689019650879  , 0.06735799099025812   , 0.10130911216620818    , -0.1366730863591482 , 0.04727409429735595   , -0.01940473454994817  , 0.17248808875572363, -0.029086508830629996  , 0.18427148977587873 , -0.05913323846572879  , 0.02301759762700238    , -0.04244093090507157   , -0.011609715162955309  , 0.08567790098241206   , 0.13436579603260468   , 0.16205066164159695 , -0.16007011639044488 , -0.05759909076313853  , -0.15672764727415225  , -0.13370566632927447 , -0.22366511419317153 , -0.01284683909707901  , 0.10069266371316714   , -0.09983401880887062  , -0.04602462278495397
TAPLEJUNG      ,    2024, 2080/81, 0.0024571928492760106 , -0.1557487651745374   , 0.05113801094626148   , -0.0860663431496893   , -0.07011078844553228  , -0.006329252986155705  , -0.006925462709370965 , 0.06633256206861714    , 0.021043184260340356   , 0.14147638283296826 , 0.13050474525382394 , -0.01873345469509334  , -0.07853060758801367  , -0.03744973905739242  , -0.08540857804275846  , -0.04667495108300996   , -0.0791157187390027   , 0.07049072465950618   , -0.10969116949036482 , -0.17391095977365212, 0.02200310565271409  , 0.024688506881242595  , 0.07609347636729433  , -0.09108595709489288 , 0.01634201950628314    , -0.10557107687776461   , -0.014426613623352754  , 0.014137057473220136   , -0.0690057467013462    , 0.010394618302581453   , 0.0128706654361178    , 0.15154534187982438 , -0.023616857441762222  , 0.04113859337430934    , -0.13816187799198595 , -0.12446873980027946  , -0.08267084947641144  , -0.10618479972276838   , -0.05231097019295387   , -0.07650849339988007  , 0.046046153793306066  , 0.07207038833695752    , -0.14374721867429585, 0.04565160329154046   , -0.009058823446682731 , 0.15711288173032573, -0.029439653028782122  , 0.17383174362445383 , -0.054269103292179384 , 0.03597816112600408    , -0.017636334407568465  , -0.021417893827279565  , 0.08531681955991516   , 0.1331876530988482    , 0.1720704180255359  , -0.14043406222318158 , -0.09374798941588114  , -0.1309390144935414   , -0.1461445843839029  , -0.22459551015145873 , -0.030773730557860916 , 0.1033533795683713    , -0.11274541986418928  , -0.04442888053948308
TERHATHUM      ,    2019, 2075/76, -0.004950974667951942 , -0.13159950656723884  , 0.18429951585352236   , -0.10792661809823623  , -0.02699043795553842  , -0.03960538968420175   , -0.11104342893201885  , 0.13639368025599954    , 0.016222126843898118   , 0.10552103240491219 , 0.08287027922854161 , -0.005856663191516993 , -0.2766030115505513   , -0.06826463001151269  , 0.04526124905605758   , -0.0464405053979546    , -0.1845709975873963   , 0.06290948228788887   , -0.09852285239868712 , -0.157409937784063  , -0.17534845680762925 , 0.16316435881993485   , 0.12782227415466282  , -0.10936785360012359 , 0.056101312958338354   , -0.03087403807881331   , -0.03294306882699265   , -0.010832328209997893  , -0.15550811557355146   , -0.02174893791278945   , 0.046595455479022545  , 0.17787353577192355 , 0.06361595773236783    , 0.016926548154508513   , -0.11084882340855381 , -0.006922532411824564 , -0.06594124683019045  , -0.038615288632563124  , -0.0022184990854497723 , -0.020259093554804306 , 0.01935016836273102   , 0.04369523294021811    , -0.196414611851018  , 0.1511269682491575    , 0.063121778247812     , 0.16393168271476682, 0.047118001291023656   , 0.20538406139870866 , -0.04119504354804942  , 0.025679080492660558   , 0.06240870318806385    , 0.03959358147208319    , 0.10966607352140442   , 0.024235084960009683  , 0.12625244379541672 , -0.15783769284243157 , -0.07328450454005554  , -0.06996480624763782  , -0.13845942059262725 , -0.21713803144728444 , 0.07539012047229522   , -0.030636271920604433 , -0.0029562053197371863, -0.10932838703626711
TERHATHUM      ,    2020, 2076/77, 0.02912763134176882   , -0.09508104858830908  , 0.19090447749814668   , -0.11812477852497406  , 0.005667765862034411  , -0.033356434442613055  , -0.12721707197373025  , 0.1078732902883631     , 0.005537507814954655   , 0.09618491875279653 , 0.08611165961948783 , -0.01505666084202944  , -0.26758867650595675  , -0.08735694262351258  , 0.028961991704394396  , -0.03881941338275138   , -0.16376382051512395  , 0.05329163507573943   , -0.09195188012711805 , -0.12803890438300894, -0.1457993802006653  , 0.1892104263087797    , 0.09483682721892774  , -0.11183734774202356 , 0.050317205473018295   , -0.037751813618588176  , -0.025325866514147637  , -0.02805678844309463   , -0.15796008025618755   , 0.008974542467605975   , 0.044557657905544605  , 0.15561787964183568 , 0.0698345365662319     , 0.036953896982498326   , -0.14329794618049688 , -0.0003867847738818684, -0.0673097084176009   , -0.06482103919459153   , -0.04923102244505864   , -0.017368210916504704 , 0.042520612699330246  , 0.10025962995516498    , -0.20066422945347576, 0.16307893831998818   , 0.04829763278193068   , 0.15595551635665966, 0.02346334615355869    , 0.208313421099218   , -0.0293968305913308   , 0.04706420974032576    , 0.02528604909340131    , -0.009189635149964192  , 0.12330949956361235   , 0.07937859724342602   , 0.12859126905390839 , -0.19911028647709655 , -0.04847237303326763  , -0.08344461308217108  , -0.15223824405625885 , -0.24028817956003826 , 0.06613978576846608   , -0.015074679086701568 , -0.03250301914642534  , -0.06964788078889475
TERHATHUM      ,    2022, 2078/79, 0.05088879683506734   , -0.06256459506013928  , 0.1890179993386149    , -0.10247441701926947  , 0.017326896467506556  , -0.025972888406923543  , -0.14617131776593523  , 0.1080692857270846     , 0.02809231721453661    , 0.08146728450895013 , 0.10140095377515329 , 0.04728044692973122   , -0.22523271559713845  , -0.08653889201929943  , 0.025687522636616333  , -0.015939076589347467  , -0.07692205907602087  , 0.010707915169506303  , -0.09063224472729033 , -0.13295262763960533, -0.17103423790331934 , 0.2016616130387466    , 0.07955828346946155  , -0.11339784050595252 , 0.018482497251214314   , -0.049100680043491315  , -0.024611618765420645  , -0.052286296142366816  , -0.1155528706553085    , 0.01783626597009742    , 0.03883319892749051   , 0.10255876726589623 , 0.06294682717562637    , 0.07270685336831154    , -0.13776543866353855 , -0.013163084672109394 , -0.08375057195424976  , -0.09453832205406251   , -0.08370598630360403   , -0.017169369096626818 , 0.0645487316527112    , 0.1358973167118242     , -0.15039943321689175, 0.1991566050947472    , -0.016087640873051118 , 0.17670559658342144, 0.02471597729813969    , 0.18529921287572845 , -0.037519983650922385 , -0.04462349868937473   , 0.007527307871987682   , -0.031089481869930657  , 0.13857893133898389   , 0.12299826341100922   , 0.09972657621188824 , -0.23877729558619185 , -0.0005530015174661488, -0.07267056465724245  , -0.11962812776258602 , -0.2967661730808719  , 0.05477944603376157   , -0.03912370987176181  , -0.03135678968133886  , -0.06253420387117471
TERHATHUM      ,    2023, 2079/80, 0.04683393170768847   , -0.09985442097846847  , 0.18896198275149012   , -0.09286583402549174  , -0.02854598601374136  , -0.03460304178366108   , -0.13404519862659425  , 0.12782122479150776    , 0.00769275292365018    , 0.07613880568322971 , 0.11336135550659597 , 0.03415270203574491   , -0.2500372325119943   , -0.07696565078999328  , 0.020043779507690148  , 0.012342259255889056   , -0.09488678355318596  , 0.00947999203578981   , -0.10179246725919708 , -0.13492074366505574, -0.18051276267741384 , 0.20266514580031905   , 0.11712803457605564  , -0.13246074433972682 , 0.025818002979456137   , -0.05154297984229551   , 0.02005293770346489    , -0.022020914630261047  , -0.1339144003307874    , 0.02046188568461189    , 0.0241223005184752    , 0.11901688673545917 , 0.059333116314388354   , 0.06020660497432064    , -0.10576399031903672 , -0.028137155721398792 , -0.07449665413134662  , -0.0918139961534836    , -0.07119042488139625   , -0.03579748718390656  , 0.047606727503850636  , 0.11178733645955345    , -0.16298060185952026, 0.2247046566486957    , 0.002663076268245246  , 0.17317411287386025, 0.01889813458726057    , 0.17925505565152652 , -0.058418171071480715 , -0.03467144377520733   , 0.0225217039137089     , 0.004426787898678637   , 0.15848717509819163   , 0.08077921213801172   , 0.06861943701027935 , -0.19635792644445643 , 0.0020401262890549776 , -0.10539723795120005  , -0.1218292394143452  , -0.2882951172315415  , 0.06935722821121668   , -0.032121688071507865 , -0.003601699496279424 , -0.0678481866767827
TERHATHUM      ,    2024, 2080/81, 0.05026184648548109   , -0.09216575116320579  , 0.2015983383854787    , -0.10397545863232836  , -0.012832158926087698 , -0.04505338324173088   , -0.13047192296305293  , 0.15057819202187042    , 0.017140170782151333   , 0.08905082092715404 , 0.09379782539754955 , 0.0008404441610425817 , -0.2524467333412733   , -0.06149136342817298  , 0.026348156225523316  , -0.02332280156864487   , -0.12431797944771102  , 0.05188993617007917   , -0.11399968706059374 , -0.10995758235594696, -0.17999725819310924 , 0.18271275097053066   , 0.13126081636990647  , -0.12009326565339556 , 0.030969275668570898   , -0.05045513949756978   , 0.021345535834836678   , -0.023665034574592448  , -0.12822933470861828   , 0.04065262105277222    , 0.05618211198225924   , 0.13374234752077405 , 0.062096281675926804   , 0.03862214527441716    , -0.1280444994698318  , -0.003421867045606338 , -0.07396153593346302  , -0.0582243649850541    , 0.008376156758372878   , -0.040036050184949726 , 0.04980529608966504   , 0.09602438566555793    , -0.1872537879962434 , 0.21388590568138563   , 0.033752846643457284  , 0.1523292668105043 , -0.0013510704615912583 , 0.18380787105906374 , -0.07651330144323969  , 0.006702382640372362   , 0.045951506455866875   , 0.011870686725213207   , 0.10596524974919405   , 0.046805344981557404  , 0.13106270889669322 , -0.17279612958823712 , -0.025122635665778784 , -0.05458400725748063  , -0.16216185274584688 , -0.26880911828616727 , 0.0615312805968133    , -0.04055156549054342  , -0.028758805021209817 , -0.0672932699997526
UDAYAPUR       ,    2019, 2075/76, 0.041744021311863604  , -0.12405118900575102  , 0.16247887447197065   , -0.0675516669383619   , -0.024214025910060565 , -0.018958437752852185  , -0.09296271640327479  , 0.16274466091648296    , -0.013554530153325433  , 0.11044342191655387 , 0.11977947004300386 , 0.05269370489647876   , -0.326727225110441    , -0.05989365175221401  , 0.03462729915314772   , 0.020526164085838367   , -0.1188934623033139   , 0.05455696497343487   , -0.101795480637505   , -0.1104796304171491 , -0.19367811153615186 , 0.20739756818387547   , 0.12944387966184723  , -0.10125278081480218 , 0.08185477404342076    , 0.024367710860562195   , 0.007731140300879173   , 4.198928407589902e-06  , -0.13579572803955847   , 0.06296872307675527    , 0.08474888086702854   , 0.12626805582726483 , 0.07774099330121784    , -0.002824872457874798  , -0.045399120293394754, 0.05559203451028242   , -0.14570111055178042  , 0.0025163971503647567  , 0.06650910307408402    , -0.06608164274804956  , 0.04071084430898166   , 0.04108792121071039    , -0.1534402629403765 , 0.24292848761335886   , 0.06601994147062615   , 0.1275179972602337 , 0.0079456612361432     , 0.21054283282700476 , -0.049931194715026876 , 0.0626500998049294     , 0.02987986920261925    , 0.05791753400183447    , 0.06597673550028108   , -0.02285530427243231  , 0.1824234326149697  , -0.12773265289026967 , -0.08497734723408508  , -0.03638430619713845  , -0.08100746654936078 , -0.15916436391077265 , 0.12193691318043569   , -0.04543154205846756  , 0.03376075775951905   , -0.021873825455472548
UDAYAPUR       ,    2020, 2076/77, 0.06716383931343169   , -0.09687917435474432  , 0.17123302495422008   , -0.06841743129483338  , 0.010486285454313635  , -0.0127902072527057    , -0.13801874616205917  , 0.12637805619320847    , -0.015430658095094137  , 0.11492337931799439 , 0.10319668373969927 , 0.024197593746169012  , -0.33279994812183855  , -0.07058525083738669  , -0.0016710274609788216, 0.0329466917204548     , -0.12315623663435847  , 0.05531313779930285   , -0.10272993895293915 , -0.07850220423682391, -0.16103205243509525 , 0.23536198569436315   , 0.10309550344102571  , -0.09886112149725766 , 0.07635890077648855    , 0.028482869736846363   , 0.008008405596810094   , -0.00896041421233229   , -0.1438874771340333    , 0.09140386468440131    , 0.06800341221882344   , 0.120963581564749   , 0.070890483753791      , -0.007427694523667021  , -0.09057000690131327 , 0.046357496823867174  , -0.16786320641440627  , -0.04347101512131739   , 0.04200234356649196    , -0.04566146441795485  , 0.05503999443612234   , 0.09706817064552832    , -0.16248910940846392, 0.2275505292081457    , 0.06935891439913314   , 0.09163905150623974, -0.008231762456229115  , 0.22843755927040008 , -0.03598165981484552  , 0.07295732074786111    , 0.008741128342596284   , 0.004612082530180065   , 0.07008715787944156   , 0.021843678607981053  , 0.17358234716983928 , -0.1638692581791273  , -0.06880952833302528  , -0.052574397201523806 , -0.083328612063608   , -0.13467887930396819 , 0.0631102784947237    , -0.03833361741539557  , 0.03006184786820056   , 0.03533529374477769
UDAYAPUR       ,    2022, 2078/79, 0.07006001936212038   , -0.06360431300990506  , 0.14962914331196783   , -0.05533692124397768  , 0.006331742130015606  , 0.002542098769361783   , -0.13853152689818046  , 0.1324072786687488     , -0.010233009005626693  , 0.088919988788378   , 0.14374075967144337 , 0.1077883119972773    , -0.3028948247919858   , -0.0876534169470102   , 0.0137304749372732    , 0.0768161667474345     , -0.05902155097538157  , -0.008472529671044974 , -0.08838267037734068 , -0.10897376620408622, -0.19439774313663374 , 0.25397542331214606   , 0.092030854521718    , -0.10395656006133014 , 0.048219786537018694   , 0.021100173846786738   , 0.011730154809050004   , -0.009241822816368588  , -0.11804930639125058   , 0.07052545978533659    , 0.06758443270769648   , 0.088279489533848   , 0.07501243398192728    , 0.030203049864991362   , -0.07124440962420646 , 0.03681117215059466   , -0.1622523099336229   , -0.05103116026117621   , -0.013668812202452757  , -0.058232142312775646 , 0.06878668419684807   , 0.11389303843191861    , -0.10510977242943507, 0.26022258280189975   , 0.029252345467502185  , 0.13433965425856953, 0.0055796187617993785  , 0.207986216316027   , -0.028039630724157    , -0.0016748011963099959 , -0.0034855577797828184 , -0.012798902836728764  , 0.1073674972568331    , 0.03697805054292807   , 0.14730286173480853 , -0.1989191905824596  , -0.04335615326945692  , -0.06154460099901989  , -0.041083401382539256, -0.1777115425854579  , 0.10296101176765018   , -0.08043358284508019  , 0.024665696114248434  , 0.007063692412345093
UDAYAPUR       ,    2023, 2079/80, 0.06540800986471944   , -0.07307485572235792  , 0.15410915698750313   , -0.0457901654954276   , -0.025237854004649597 , -0.002488991101217146  , -0.1313526802536427   , 0.16235415869998363    , -0.029046392601896256  , 0.0766837251490247  , 0.15255279297998428 , 0.10271559725413597   , -0.30860248377492866  , -0.050636001748709185 , 0.001986036966108165  , 0.10794331459032598    , -0.05363740247254804  , -0.015731028430688094 , -0.09518377803180043 , -0.10706768706562277, -0.20394016189509948 , 0.25754228310155786   , 0.12702770352715492  , -0.11777879756427447 , 0.04684457379218466    , 0.007833886541815792   , 0.06708116982521617    , 0.007595462314796123   , -0.09749564663721752   , 0.06306867764528598    , 0.044634560625278694  , 0.10392624049218868 , 0.06008027995394995    , 0.02772535025281646    , -0.032391974398569515, 0.006237101159439227  , -0.15779051366230418  , -0.0583511987664742    , -0.02124423354555505   , -0.06541982193337056  , 0.05704948928577723   , 0.1033210526460593     , -0.08222063528966671, 0.28870861086845284   , 0.031189960580661015  , 0.15162302373842038, 0.02069484977934591    , 0.20475107100249748 , -0.0358966292100335   , -0.005757215288769883  , -0.0017874352731035953 , 0.005349087901095289   , 0.1290478253413756    , 0.0021918822312402544 , 0.10970895217832938 , -0.1750287345621455  , -0.024243383794624027 , -0.0847288884349519   , -0.03630350178480828 , -0.18327653064896796 , 0.083704172249132     , -0.0732540219063245   , 0.05128051759995552   , -0.009787873975535336
UDAYAPUR       ,    2024, 2080/81, 0.06666886737091339   , -0.0873518829443115   , 0.158643561508687     , -0.043146993050446586 , 0.00091669173716922   , -0.016460326706456897  , -0.12594013109556973  , 0.1938700451406832     , -0.02271779608029405   , 0.087846215826475   , 0.12857015418685708 , 0.06463620353275121   , -0.32296682342925515  , -0.034636571764329    , 0.01207349384293023   , 0.054870597386261835   , -0.0948963519234415   , 0.0323678955415218    , -0.09928179051058525 , -0.07741847970939356, -0.1842881543035472  , 0.23272925258116636   , 0.14014925636286873  , -0.10338285239985034 , 0.06073180376256806    , 0.020918253686165327   , 0.04595062215903324    , 0.00144220395520814    , -0.1098121172787326    , 0.09936911495082804    , 0.07716173257241976   , 0.11272457015501237 , 0.05177237254862591    , 0.0035937513286296977  , -0.027813573746606708, 0.045622717565096504  , -0.16336299879340402  , -0.027815805665423368  , 0.06100602139675932    , -0.05983970663842188  , 0.051050633028549126  , 0.08602766835784177    , -0.1344784568125264 , 0.2675248366990006    , 0.0713083093094582    , 0.11792210861756902, 0.0008636625867617563  , 0.22459211239780044 , -0.0667345815154146   , 0.04435703258854707    , 0.012184523398509348   , 0.031335736084151175   , 0.05233976690538599   , -0.015511907567751719 , 0.17617307754924227 , -0.16660703159809537 , -0.06073672352215158  , -0.0370462206337745   , -0.07696141965957605 , -0.136727590483542   , 0.0795358059478042    , -0.0655892259333501   , 0.03027756311458504   , 0.0012941831867278593
