District_Key   , District       , Year_AD, Year_BS, Province              , A00                   , A01                , A02                , A03                , A04                   , A05                , A06                , A07                , A08                   , A09               , A10               , A11                , A12                , A13                   , A14                , A15                , A16                , A17                , A18                , A19                , A20                , A21                , A22                , A23                , A24                , A25                , A26                   , A27                  , A28                   , A29                  , A30                , A31               , A32                   , A33                  , A34                , A35                , A36                , A37                , A38                , A39                , A40                   , A41                , A42                , A43                , A44                , A45               , A46                    , A47               , A48                , A49                    , A50                   , A51                , A52                   , A53                , A54               , A55                , A56                  , A57                , A58                , A59                , A60                , A61                , A62                  , A63                , Barley_Area_Ha, Maize_Area_Ha, Millet_Area_Ha, Wheat_Area_Ha, Barley_Production_Mt, Maize_Production_Mt, Millet_Production_Mt, Wheat_Production_Mt, Barley_Yield_MtHa, Maize_Yield_MtHa, Millet_Yield_MtHa, Wheat_Yield_MtHa
ACHHAM         , ACHHAM         ,2019, 2075/76, Sudurpashchim Province,0.0149197967957041,-0.1434536465195839,0.1763203790192385,-0.0741782586252372,-0.0252304414158786,-0.0725825417284171,-0.1118331141906568,0.1889379748119966,-0.0338843982244454,0.0358570657322218,0.0437635437467772,0.0315984220004317,-0.2640209829710687,-0.0276351444675108,0.066715452182005,-0.0483771861960957,-0.1342755700278649,0.11883254741492,-0.1006615357040157,-0.1879755765920067,-0.1082161930670626,0.0269154342627873,0.1413022802948741,-0.0919766814932067,0.0656524863771263,-0.0291760652015601,-0.0176864226691498,0.0359445068055692,-0.0668629754024952,-0.0266321070184332,0.0679333560147038,0.2303949805161576,0.0783729301879461,0.0166021146153949,-0.1312294889235242,-0.0313331548490039,-0.0424681106853239,0.0231205100246525,0.0227769178919535,-0.0438349092317925,0.006672401049485,-0.0371817457388536,-0.1440270969340282,0.0625908787713319,0.1275354916602448,0.1405553542175993,0.0033555568289139,0.2076401134498503,0.0117191290909856,0.0617853954535849,0.0678143747937014,0.0007430446353112,0.0597506223760203,0.0294763658066841,0.1412617712450125,-0.0965272868089767,-0.1342887540070171,-0.0788220043916144,-0.1398687457004167,-0.1379575164861798,0.1642993845819317,-0.0533852714819622,0.0274655934713762,-0.1285505265089497, 446.0         , 6907.0       , 3430.0        , 14460.0      , 544.0               , 16349.0            , 3840.0              , 25207.0            , 1.22             , 2.37            , 1.12             , 1.74
ARGHAKHANCHI   , ARGHAKHANCHI   ,2019, 2075/76, Lumbini Province      ,0.0373067322973649,-0.1166532318344418,0.1604613599335319,-0.0524584301251897,-0.0115309606284574,-0.0836588835236459,-0.1315138352875964,0.1976034081987642,-0.0167262317321173,0.0618619352843655,0.0614181972625674,0.058115022071067,-0.3094815101005905,0.0055429608744162,0.0227708397755627,-0.0061839554450468,-0.137320468614817,0.0874323424551442,-0.0978368727813563,-0.1621740374304146,-0.1656460237271485,0.0798571405304293,0.191269421705278,-0.106454610524105,0.0433574135865542,-0.0138019810932431,0.0055942443092679,0.0711955515852531,-0.0883440713175708,0.0329741304333906,0.0755047065797426,0.2226001155613587,0.0889213376651931,-0.0080150811243715,-0.0834508031962175,-0.0077005802792186,-0.0829620496450813,0.0267399200881687,0.0807881991295147,-0.0611416294231929,0.0054161528281149,-0.0370600211762551,-0.165635322478969,0.1571145134208035,0.1309549087208401,0.1109148400089002,-0.0239358605684463,0.2193540917665164,-0.0372989470654429,0.0717235906436098,0.0667794175085125,0.0336614622248037,0.0481712629585872,-0.0387229390567568,0.1889359298891646,-0.1303926276238103,-0.1170616703615536,-0.045529478841758,-0.1114343975556159,-0.1112701010931994,0.1573939858347247,-0.0732763115932915,0.0395146575329967,-0.0929550396767934, 219.0         , 16729.0      , 499.0         , 5446.0       , 387.0               , 57715.0            , 639.0               , 16067.0            , 1.77             , 3.45            , 1.28             , 2.95
BAGLUNG        , BAGLUNG        ,2019, 2075/76, Gandaki Province      ,0.0023611016431455,-0.1442213577804222,0.1459531101897383,-0.0708061967611441,-0.0372151078919625,-0.0673961895511995,-0.0943091706882211,0.1503660875769302,0.0013853822457418,0.0908295936255404,0.0351055408313302,-0.012236817578463,-0.210579789654893,0.0044104770394053,-0.0162384106628502,-0.0558006917450592,-0.1601395677523291,0.0920840312217382,-0.1102071576548242,-0.1767858631330755,-0.0225186986963695,-0.0279416699446628,0.1393649748565446,-0.0925896771138813,0.0635969427849245,-0.0704370104253323,-0.0145962030615966,0.0186428420216991,-0.0734730722914876,-0.0259457051150282,0.0300569632670476,0.2341766808483115,0.0179735239421533,0.0201748201088475,-0.1436389497683801,-0.0832349337066177,-0.0297613402949541,-0.0231969394783681,-0.000778459548554,-0.0443848667487308,-0.04415077516937,-0.0224184302520932,-0.1671819653287009,0.0137489633614837,0.0729447370779059,0.1306686517751964,-0.0104379480647033,0.1999797842694874,0.0285375190059972,0.0722979395740473,0.0528767667633836,-0.045472580370191,0.0501827069105862,0.0965468612581327,0.1483723920344888,-0.1148912268948854,-0.1364199233637804,-0.1072750293611277,-0.1803736509090857,-0.1419735284245236,0.0883382655044711,0.0208784371787482,-0.0308205276192779,-0.0985964238294215, 776.0         , 20697.0      , 18163.0       , 6493.0       , 1115.0              , 72170.0            , 22505.0             , 15439.0            , 1.44             , 3.49            , 1.24             , 2.38
BAITADI        , BAITADI        ,2019, 2075/76, Sudurpashchim Province,0.0175846006274151,-0.1753695173088727,0.1584102468123654,-0.1054371921269609,-0.0424691974881105,-0.0456149695529427,-0.079791956864523,0.1934721314572075,-0.033997736460538,0.0470894166538766,0.063567261948958,0.0409063899959363,-0.2748248851921588,-0.0276155638530045,0.0864999032032945,-0.0808441028035451,-0.142072843910193,0.1150382540709258,-0.1269789171313168,-0.1980544255440756,-0.0958303192231979,0.0033379926708401,0.0959970696245961,-0.1065512020986638,0.0894180993351565,0.0026446887692292,-0.0448428840319868,-0.0136479044786222,-0.051858843999656,0.0062310415927781,0.060735693575036,0.1748274950577515,0.1023859401771623,0.0254770743843047,-0.1531015299685151,-0.0157920907187285,-0.0682761329333666,-0.010356509992771,0.0144477999129044,-0.0076174443667442,-0.0147855219808859,0.0181971200942784,-0.1466563609142092,0.0166269129679842,0.0982631423500154,0.1466731116974448,-0.002542865810267,0.268769935841308,-0.0089919233498139,0.0294561388771424,0.0677728478728035,0.008022992442771,0.0808540843868123,0.0933357997261899,0.122673349255484,-0.0946418968379478,-0.1233073202187271,-0.0810626029872371,-0.1286982572991359,-0.1037649441831267,0.134945074691287,-0.0028037055624976,0.0225870681691684,-0.1041447231628494, 885.0         , 14990.0      , 352.0         , 19527.0      , 599.0               , 27791.0            , 408.0               , 21961.0            , 0.68             , 1.85            , 1.16             , 1.12
BAJHANG        , BAJHANG        ,2019, 2075/76, Sudurpashchim Province,-0.0508641562890628,-0.2039594565684341,0.0542370619632261,-0.0897603779105447,-0.0749232443521465,-0.00623577916915,0.0133896974783631,0.1245754700878647,-0.0336051383989598,0.1048662695766479,0.016672641773492,0.0352433709952665,-0.0957254411395355,-0.0158094906700059,-0.0848707632980629,-0.01748199179901,-0.0985913946489521,0.0895574763258382,-0.0930551709054995,-0.1769979587182674,0.0363369586928241,-0.0287035245023541,0.0697108673029318,-0.1125064611572158,0.0396848120686227,-0.0385594143778286,-0.0284708385749712,0.0210046752409275,-0.0143796993403705,-0.0410309275783676,0.0389968957696196,0.1821656189961236,-0.0061291295511022,0.0219232880572061,-0.0824811091868507,-0.0866943522705776,-0.0432490637691498,-0.0406011237637035,-0.0815800052371989,-0.0287599263074944,-0.0332495402312515,0.0726985999697643,-0.1431462463857892,-0.0822551956374473,0.056754299489533,0.1946745611592547,0.0004452453240874,0.1507246227544349,-0.0417579013632042,0.0505159920125912,0.0301112700199004,-0.0035643722668599,0.0402369044413279,0.1455478563391867,0.1906679506870452,-0.0580861814753076,-0.180536618546807,-0.1464880294120249,-0.1167289554790853,-0.0775735755032379,-0.0094275619182019,0.1184510346898202,-0.0668212922682626,-0.0666277868907373, 3971.0        , 4164.0       , 2736.0        , 10260.0      , 2943.0              , 5792.0             , 2057.0              , 16138.0            , 0.74             , 1.39            , 0.75             , 1.57
BAJURA         , BAJURA         ,2019, 2075/76, Sudurpashchim Province,-0.0253411414403682,-0.1954444014927214,0.0908599155573598,-0.0844012307779332,-0.0497924463237206,-0.0305998679065039,-0.0318171636104381,0.1351267135844801,-0.0130018077638587,0.0900677022916681,0.0261043977030037,0.0098476694464087,-0.1349131061292946,-0.0071491475514519,-0.0532708342799383,-0.0192053393071037,-0.1260799146090909,0.08997289390427,-0.1047047195591779,-0.1724444576304436,0.039494552181308,-0.0365552778925869,0.0947222627985928,-0.0991890101114833,0.0444024791329105,-0.064547127809006,-0.0366844589931445,0.0179492526227743,-0.0286075924286934,-0.052450669001565,0.03988549611703,0.2238898239858455,-0.0205170852823625,0.0263681330143983,-0.1066634418551028,-0.0803652371299435,-0.0370177740069192,-0.0119526107350121,-0.0637314538870745,-0.0340306066125073,-0.0518684208207278,0.0265935757638293,-0.1416211360379371,-0.062776786271338,0.0598411392634431,0.175521079151164,0.026396143987591,0.1403755029496725,-0.015112407431565,0.0502457629762541,0.0374440894626411,-0.032001837530324,0.0439269800829623,0.1638802144139905,0.1645965268736762,-0.0518509936636301,-0.1881649530237196,-0.1403918302618687,-0.1513736373894801,-0.0892815765612727,0.0311941893455356,0.0780371415838607,-0.0436194993270354,-0.0752166182409615, 955.0         , 904.0        , 2545.0        , 6664.0       , 958.0               , 1444.0             , 2588.0              , 6265.0             , 1.0              , 1.6             , 1.02             , 0.94
BANKE          , BANKE          ,2019, 2075/76, Lumbini Province      ,0.0154548177477496,-0.1231540709631856,0.1377310093852179,-0.0227517948293727,0.004268018597534,-0.0066746289834819,-0.0752863488752824,0.1685032905523915,-0.0817297091754959,0.0955133020909198,0.1069562874367184,0.090587010154566,-0.32949562459993,0.0081568676559008,0.0221307972618381,0.0857420968492277,-0.1526018766690195,0.0306184745209477,-0.0594217864503213,-0.1826220478515006,-0.200930855922729,0.2179039233563896,0.2148129363512099,-0.0666127289175652,0.0531255395910443,0.0341948510426109,0.0068585976062133,0.1085925775435335,-0.035940256105163,0.049701055498849,0.08013003162107,0.1797533068381434,0.0799916395893057,-0.074533128817174,0.0182611713113547,0.0575986893527021,-0.1210400841757233,0.0419097135551131,0.1055688523396553,-0.0758959231438661,0.0688363557600646,-0.0518834853193565,-0.1530297263868944,0.2178505695646382,0.1364460933211876,0.1047469433949325,0.0419648670092366,0.1056370947863851,-0.0764785136416291,0.0753266699757895,0.0111689183908951,0.1212336819779454,0.0099834432439111,-0.1200754000273607,0.1626950555798878,-0.1100099286858325,-0.1136584070503273,0.0189476488686408,-0.1019099691576906,-0.0970230019559584,0.1699785918264788,-0.1142635790051963,0.0835310106943445,-0.0272568712157258, 9.0           , 9183.0       , N/A           , 17798.0      , 10.0                , 20386.0            , N/A                 , 66521.0            , 1.11             , 2.22            , N/A              , 3.74
BARA           , BARA           ,2019, 2075/76, Madhesh Province      ,0.0107566763686605,-0.1418881045426496,0.1384398549928057,-0.0228739903234601,0.0063585613177676,0.0389150113654956,-0.0338422244121266,0.1255574676775263,-0.0719266041273044,0.1509121128862295,0.12785139283537,0.0812176535380548,-0.3107568016948714,0.0137331343154589,0.0405446304255105,0.0597623854587404,-0.188875942629022,-0.0093222423887309,-0.1003187008589605,-0.1128537580209821,-0.2038861163547068,0.2459826419969007,0.1077039098424001,-0.0277196472437298,0.0560270898100046,0.1356522062634302,0.0241247204680847,0.0548239269720801,-0.0433791549287788,0.0590416493359032,0.0767927869607852,0.0793687054788704,-0.0006650984495628,-0.0367917396334152,0.1157614727931911,0.132547548238634,-0.1919864743546066,0.0192768116019005,0.1253670780988409,-0.0452684724885052,0.0660147510179997,0.0286951149573742,-0.1674709377720719,0.2082883597988944,0.0560499475065748,0.0993923694553017,0.0570845673548352,0.133751720759126,-0.1135100172426047,0.095451507142955,0.0186065276874483,0.1527729930093273,-0.018200420385552,-0.1208482970793271,0.2378949696194365,-0.1268900336916159,-0.129034973954198,0.0205990186910837,-0.1216058234065572,-0.0549380751398982,0.0884827997134207,-0.0688891096922062,0.0487199325173475,0.0426705868195945, 39.0          , 11941.0      , 69.0          , 27094.0      , 85.0                , 43477.0            , 75.0                , 94329.0            , 2.18             , 3.64            , 1.08             , 3.48
BARDIYA        , BARDIYA        ,2019, 2075/76, Lumbini Province      ,0.0184076354101469,-0.131371090177517,0.1377213485440862,-0.0198757810570728,0.008321085239494,0.0057136279946313,-0.0638418135610968,0.1606182904837348,-0.0711378736112932,0.1119465921776305,0.1045210962795726,0.0990765174659413,-0.3130878970591642,0.0109705899384431,0.0332536753428005,0.0846783466526091,-0.1527079594640024,0.0248483522507099,-0.0704368251018353,-0.1855270587649286,-0.1913225094448086,0.2177152421588732,0.190063093961547,-0.0618071450343884,0.045806990350148,0.0374343944729727,-0.0105008723888795,0.0972530992977748,-0.0236987472248371,0.0297522346258796,0.0806973705574365,0.1685540397389796,0.0621421351663738,-0.0798842102616379,0.0257013116572746,0.0646595892174552,-0.1136869316204002,0.0487522386500906,0.087280029481513,-0.0822167094271209,0.0688129580173789,-0.0554409350445356,-0.1456087735015501,0.2143924080014452,0.1395153006222383,0.1164167683394615,0.0455425741131629,0.1183994195946975,-0.0689805966421379,0.0859228313186647,0.001601132009116,0.1137172871618461,0.0126502910295793,-0.115482594955633,0.1687168059069305,-0.1085673579067141,-0.1205808513536481,0.0192993688863975,-0.1071974351194199,-0.105031803550807,0.1814154584801647,-0.1240617318275698,0.0870575283209624,-0.0433304602808003, 9.0           , 2697.0       , N/A           , 17638.0      , 10.0                , 7921.0             , N/A                 , 67057.0            , 1.11             , 2.94            , N/A              , 3.8
BHAKTAPUR      , BHAKTAPUR      ,2019, 2075/76, Bagmati Province      ,-0.011793753701253,-0.1734014641934215,0.1627245193623543,-0.1102782237107879,0.0260415727353669,-0.0597146134229156,-0.0512764475575912,0.0953584850448486,-0.0711568392314835,0.110020558311534,0.0866521521197025,-0.0635820745614448,-0.3103264557458502,-0.0310475896000784,0.0689088864867926,-0.1263916182482204,-0.1902238896809357,0.0231376753274943,-0.1062209680535072,-0.1722091494303186,-0.1588583449381997,0.142377595454531,0.1033084095468043,-0.1219364402942918,0.034458638715464,0.0784022226073282,-0.0357561949566797,0.0273749955776483,-0.0676069019390653,-0.0200621869511889,0.035080623991881,0.1840864398027225,0.014279162337959,-0.025270838817298,0.0278002316113086,-0.0341528774650466,-0.1170958178361283,0.0250000577839265,0.0523333541683101,-0.0042456619180783,0.0280973750913873,-0.0069882896498463,-0.2416014670746319,0.1400761083551802,0.1051197340290962,0.0737657151141405,0.0811677213844004,0.1869798619344165,-0.0092761189038214,0.030738184001802,0.1113133742327032,0.1162377738991001,0.0379714706892104,0.023506346519242,0.2122073402583787,-0.1515396843721449,-0.1414978936526386,-0.0584575173288517,-0.1775918769791183,-0.1430188903161857,0.0448622469967634,-0.1087332431029312,0.0179481218850639,-0.0421623811473918, 18.0          , 1998.0       , 112.0         , 2172.0       , 37.0                , 8016.0             , 139.0               , 11113.0            , 2.08             , 4.01            , 1.24             , 5.12
BHOJPUR        , BHOJPUR        ,2019, 2075/76, Koshi Province        ,0.0094847016897517,-0.1254608381770447,0.1729814870990301,-0.0878326176986678,-0.0151079771924821,-0.0476707361956484,-0.1062624728037799,0.1424561000013791,0.025457304045431,0.1055155575577016,0.083464097675186,0.0176786279851417,-0.2842262349200802,-0.0591768346792051,0.026922303804485,-0.0513384319201085,-0.156833289698932,0.0686032232950563,-0.1051335451367418,-0.1474356788613235,-0.1474690696150087,0.1195690703850724,0.1240002180663376,-0.098130556126672,0.0785192543912654,-0.0350025962734321,-0.036296313365546,-0.021609095103728,-0.1639020866995002,-0.0179385594686925,0.0543197900360759,0.1805254893388692,0.0797926151115435,0.0111072207643144,-0.1245087190037044,0.0041689062705859,-0.0875560774755835,-0.0291888225127964,0.0171008119381784,-0.0384245399538829,0.0120763632434288,0.019275174564895,-0.1779408604619546,0.1521804438885557,0.0651619094681758,0.152460425633367,0.0269760195753456,0.221252932940362,-0.018055717147078,0.0560861219234928,0.0564721712871181,0.0109826373450331,0.0943675584159145,0.0357646427396456,0.1386264897655324,-0.146710361324893,-0.09457286379228,-0.0705326487068054,-0.1298470059182944,-0.2121467645083853,0.0952534249894465,-0.0043258963040096,-0.0101367096071355,-0.0948243483808429, 10.0          , 37629.0      , 5531.0        , 405.0        , 12.0                , 99378.0            , 6983.0              , 856.0              , 1.2              , 2.64            , 1.26             , 2.11
CHITAWAN       , CHITAWAN       ,2019, 2075/76, Bagmati Province      ,0.0441381127574925,-0.1326010480070264,0.1363342054056587,-0.0376377045226622,0.0171342067782309,-0.0007742068362415,-0.1033828448477017,0.1820116368768422,-0.029075536197499,0.1447164886238816,0.1074043199986633,0.081639413467193,-0.3142263305464204,-0.0014854452595632,0.0100622325087352,0.0185017065949104,-0.1543405711056607,-0.0021807883177793,-0.0952328530142829,-0.0901564780826452,-0.1945292544461074,0.2007446394917977,0.1464641422169894,-0.0574571232468869,0.0559364060731678,0.0850555101211988,-0.0202764117506288,0.0261251640293296,-0.0621662577324831,0.0261763776115201,0.0494095290554328,0.1438061433580339,0.0068643281914529,-0.0410154020227917,0.0523598598489743,0.0620585063353499,-0.1645076881889959,0.0162639428752341,0.1155145605390089,-0.0830249951044993,0.0556527667806992,0.003477037466371,-0.1376577794137957,0.2391119406805336,0.1028875793369121,0.1069971854939296,0.0311437322552779,0.192420576990412,-0.0583305660620465,0.113114291307898,0.025525654528055,0.0756829524560035,0.0400883181266089,-0.0694969044179853,0.2121279331265275,-0.134076933040696,-0.1454785633773385,-0.0101046728072078,-0.1080398886168238,-0.0347301745713471,0.1214033989053522,-0.0849702456754829,0.0774982748618668,-0.0258652583245468, 19.0          , 5763.0       , 1483.0        , 5055.0       , 36.0                , 21381.0            , 1522.0              , 23199.0            , 1.92             , 3.71            , 1.03             , 4.59
DADELDHURA     , DADELDHURA     ,2019, 2075/76, Sudurpashchim Province,0.0521965583412115,-0.1696924280145849,0.1464848137201144,-0.0925129934677401,-0.0176161419805301,-0.0388135310478145,-0.1013877092582667,0.1962234556733097,-0.0147196668609757,0.0631808694689182,0.087000138739915,0.07875318340565,-0.3186407149070592,-0.0056659384368812,0.0725767337479288,-0.0263066662261172,-0.142949575012477,0.0825829856279293,-0.0984844966437178,-0.2044813904121694,-0.1191280015090324,0.0456086813971931,0.1484274353051924,-0.1074408601261244,0.0704418073883284,0.0195883846462147,-0.0440981614473506,0.0050438326750446,-0.0640265559834836,-0.0129017169573018,0.0444496028995102,0.1803020484623592,0.1069557902264779,-0.0104105601258182,-0.099562803603963,-0.000212325247519,-0.1035895991202596,-0.0140487578400384,0.0238995249814018,-0.0627674861304974,0.0058827901804337,-0.0245543493943357,-0.1460040363557618,0.1084974059335039,0.094206073057744,0.1553985517539242,-0.0135678711181985,0.2608320996164865,-0.0385984661290301,0.0501326300464287,0.0566518476584302,0.0259147682429973,0.0847937103115984,0.037896960623847,0.1171127965068584,-0.1131027373128886,-0.1121432806928567,-0.0337922136324234,-0.1095939504070972,-0.1153341705022849,0.1869351170023004,-0.0174843584639523,0.0387214153797312,-0.1062992697353509, 175.0         , 3871.0       , 259.0         , 9560.0       , 238.0               , 14280.0            , 304.0               , 19363.0            , 1.36             , 3.69            , 1.18             , 2.03
DAILEKH        , DAILEKH        ,2019, 2075/76, Karnali Province      ,0.0234260927420354,-0.152030699284384,0.165709871760453,-0.0750103539907962,-0.0272611175192822,-0.0811684430634566,-0.1165877345002039,0.1773960833875608,-0.0177120549059998,0.0417643414043298,0.0592367973524411,0.021027871729708,-0.2626089514893952,-0.0126909197679472,0.0634446358642674,-0.0434611813315005,-0.1404802515263139,0.1078919480141882,-0.1049404940486334,-0.2030385775687695,-0.0952324137372945,0.0110611166962861,0.1464759865587365,-0.1060732925072609,0.0431399503516019,-0.0351878545571787,-0.0245604603900111,0.03483419584201,-0.0615943121499504,-0.0111843110101659,0.0569993509785254,0.2313234816476004,0.0503214319128978,0.0325000861109242,-0.1300069449785223,-0.0419888841779159,-0.0450414388024233,0.0355762659472459,0.0263897051360548,-0.0487468964286488,0.0015199377386868,-0.0400364470209613,-0.1490340814028109,0.058284367220224,0.1143748587154838,0.1210596173875093,-0.0006149256625018,0.2149409897080343,0.0189331877598509,0.0436121141531484,0.0840520064120682,-0.008902180493998,0.0668930565679313,0.0427566164191887,0.149000314405037,-0.1156727106635245,-0.1373470724267616,-0.080750836936042,-0.1374229188277107,-0.1475364342262106,0.1579643754827172,-0.0590988063408204,0.0341913573591371,-0.1275736141126826, 178.0         , 21331.0      , 2489.0        , 17785.0      , 207.0               , 52112.0            , 2865.0              , 30953.0            , 1.16             , 2.44            , 1.15             , 1.74
DANG           , DANG           ,2019, 2075/76, Lumbini Province      ,0.0255452651658288,-0.1151055949602462,0.1541460159235939,-0.0508836388931308,-0.0164345982119463,-0.0534162695923509,-0.114807238234798,0.1719990139894298,-0.0527329835867473,0.0603120098092289,0.0854347053706669,0.0753393384147084,-0.3220080073953033,-0.0194721847476072,0.0359808089449959,0.0603492560573964,-0.1570650374442803,0.0609950180923193,-0.0737855104641494,-0.1859448927223139,-0.1951121021816416,0.1462598291296243,0.2276524932604511,-0.0750308426701543,0.0455356545843967,0.0003619857009664,-0.0076932171281589,0.0964915757924498,-0.0695571873540782,0.0379544836016268,0.0668218458204349,0.2173518243719849,0.1017214581925939,-0.0519139445775319,-0.023494857106177,0.0181166822455304,-0.078527960719489,0.0316336817756552,0.1004639845868251,-0.0626549796103088,0.0392667770222781,-0.0456304835684002,-0.1661320873462368,0.1968842356047646,0.1490260113483362,0.1092446486424615,0.0059862700242358,0.1404796297292862,-0.0521410178372038,0.0618429678129771,0.0532203862640189,0.1026951270327303,0.0386422183771216,-0.0868958781965623,0.1565592231434908,-0.1206677705020256,-0.0990877065929759,-0.024609645285105,-0.1135993883622132,-0.1215600228908479,0.1687814290830769,-0.1065814189206019,0.0536168485453421,-0.0617520388790902, 22.0          , 25691.0      , 15.0          , 11772.0      , 27.0                , 62095.0            , 16.0                , 30048.0            , 1.2              , 2.42            , 1.05             , 2.55
DARCHULA       , DARCHULA       ,2019, 2075/76, Sudurpashchim Province,-0.0453467868191719,-0.2246359483864524,0.0391096877067513,-0.1053570883048221,-0.0862097873621486,0.0054501136293788,0.0287681141741113,0.1347605342046599,-0.0256435586707984,0.1242260798843737,0.0247564527420046,0.0518793009765,-0.0784043849732778,-0.0117548017166368,-0.0802942641057929,-0.0184237716014239,-0.0750409029695446,0.0888806086581231,-0.0877151051225993,-0.1904954024258919,0.0451379039455856,-0.0328233659389751,0.0519838337234864,-0.1178910595142925,0.0404910033798308,-0.0263469645756372,-0.0393665297413052,0.0114636823565892,-0.0012581973326557,-0.023061232045268,0.0217129500522077,0.1446010914279041,0.0021552717764487,0.0251695836835161,-0.0798794891535639,-0.0902464459375213,-0.0448260528858376,-0.0500792614451369,-0.0866161831155763,-0.0466049908786575,-0.0197656202293025,0.0813368876812077,-0.1341419377470303,-0.0773779726636427,0.0400776193990327,0.1928172862618278,-0.0127556394126285,0.180530042357911,-0.0512862784246113,0.0452328391878193,0.0261017973967023,0.0023379230158464,0.0497792629210037,0.1462239196108479,0.2056664217016249,-0.0550185349783488,-0.176395391433106,-0.1453762681985748,-0.0937386930452786,-0.0668970648169302,-0.0071701518940602,0.1439141629511076,-0.0540170123090792,-0.0550612349517125, 1069.0        , 5739.0       , 1374.0        , 6581.0       , 866.0               , 12236.0            , 1133.0              , 9688.0             , 0.81             , 2.13            , 0.82             , 1.47
DHADING        , DHADING        ,2019, 2075/76, Bagmati Province      ,0.0016789291900408,-0.1458957349203568,0.149750363272688,-0.0698715133244751,-0.0263552067147458,-0.0676220222982721,-0.0960391849147245,0.176434378390497,-0.0033479438388029,0.1038708297082497,0.0549499251482432,0.0294734911597163,-0.2570486407641745,-0.0060067392039871,0.0154822105274804,-0.0623525956300141,-0.1315045097243263,0.0774854239573005,-0.1319002907472473,-0.1393995121161029,-0.1265765713936805,0.066267222043945,0.1186687205940645,-0.0885563702879737,0.0701607175470196,0.004180033880961,-0.0275448174818723,0.0173483395395185,-0.0766281481861859,-0.0094349236207132,0.0373692788666991,0.2212251266460395,0.0250113746381146,0.0133796688691988,-0.0786834028131541,-0.046621514649069,-0.0803419705680409,-0.0012390491158751,0.0589493322775518,-0.0157327272391967,-0.0009744422881561,0.0200453656218144,-0.1656933262903692,0.0885288062155343,0.0941399307327143,0.1177450909517685,0.0193169431710431,0.2394999316741208,-0.0161796486725071,0.0757616460747992,0.0551992263687769,0.026925750117843,0.0575860568590958,0.0377671471888794,0.2000324347783193,-0.136744978167382,-0.1323412046689841,-0.0964716211990713,-0.1320441540745571,-0.0834047199026573,0.0716671417412147,0.0013632391478472,0.0202608177439693,-0.0760885048700175, 255.0         , 20678.0      , 6933.0        , 4638.0       , 346.0               , 58601.0            , 6408.0              , 12276.0            , 1.36             , 2.83            , 0.92             , 2.65
DHANKUTA       , DHANKUTA       ,2019, 2075/76, Koshi Province        ,0.0134943713879845,-0.134169232567112,0.1795794424459731,-0.086494627281962,-0.0418510399670447,-0.0511989649187454,-0.1040918202917334,0.1665113874899152,0.0086056588018612,0.1033859615648795,0.0968281119031121,0.0115465442826204,-0.2979769204046788,-0.0673298175423662,0.0497876620354695,-0.0321213134326622,-0.1352558660847627,0.077031990936566,-0.1163311239074353,-0.1648865858566421,-0.1960304212138134,0.1519553849500695,0.11784945038023,-0.1198418511709817,0.0784079003392989,0.0175324392009461,-0.0214264026263539,-0.0073664499097025,-0.1343450906268351,0.0397855902290648,0.0378654216939863,0.1634031144458662,0.0891400908856404,0.0370468493221647,-0.0890320380343399,-0.0022553266597854,-0.0812546283948235,-0.0130845254431543,0.0262244901791845,-0.0368836867655508,0.0376263497156608,0.0417501535546819,-0.186030036467688,0.1716319294164356,0.070024148975297,0.1255372601897821,0.0149609123833261,0.2508929117539302,-0.0228395496980662,0.0500307138346592,0.0645525336419791,0.0422439006735582,0.0955221260402189,0.0168125255286088,0.1627967751745571,-0.1475006188333769,-0.067200318537085,-0.0688946778606886,-0.0984543157000949,-0.1876699007725698,0.100812097152805,-0.0407340759122289,0.0323280029094885,-0.0637087407537292, N/A           , 13467.0      , 7934.0        , 1302.0       , N/A                 , 41613.0            , 9587.0              , 2800.0             , N/A              , 3.09            , 1.21             , 2.15
DHANUSHA       , DHANUSHA       ,2019, 2075/76, Madhesh Province      ,-0.0022244656751784,-0.1287888885716717,0.1396839002910744,-0.0193765563164901,-0.0146182410133503,0.0625341461928017,-0.0186069493787991,0.1041418407533822,-0.0739216606590945,0.1412815571670915,0.1519521580977816,0.0483999324942115,-0.3284079478673882,-0.0122804206751238,0.0590709807421367,0.0875713692649835,-0.1748536106441995,0.0229744072631761,-0.1127691869696206,-0.120717601733609,-0.2285489589754659,0.2923831656908946,0.0792407637871866,-0.0470086094544715,0.0720241832633766,0.1275402693649784,0.05669669406497,0.0222371088818808,-0.0816685703063995,0.0982306022064803,0.0904078163591733,0.0569749062651589,-0.0050595648214565,-0.0250330048478564,0.0949618159572034,0.1428214351556752,-0.1993863507375278,0.0328370315093389,0.109822606282405,-0.0328603629898146,0.0658618500575887,0.0517255667343423,-0.1807979925425011,0.2288782355599532,0.0227474476868481,0.1286750803535152,0.0728506830526032,0.1017493137383534,-0.1233755471997906,0.060484579529106,0.0288289824519823,0.1683312791235508,-0.011313898676793,-0.0914866696758718,0.2129914144433839,-0.1267183730795468,-0.0916912628278467,0.0302914492126236,-0.0867688179490776,-0.1110803120332536,0.0833568510878216,-0.0660157791953018,0.0435511594735465,0.053063384777342, 2.0           , 3284.0       , 184.0         , 36290.0      , 3.0                 , 9556.0             , 178.0               , 116708.0           , 1.5              , 2.91            , 0.96             , 3.22
DOLAKHA        , DOLAKHA        ,2019, 2075/76, Bagmati Province      ,-0.0299905389850746,-0.1866602862403364,0.0886661773982025,-0.086401470979966,-0.0673389889050756,-0.0142242776901582,-0.0224433523592518,0.0982764846033538,-0.0040627124249995,0.1366438966279283,0.0893250045694958,-0.0015081625021152,-0.1625819650520743,-0.021045505506013,-0.0400189924955284,-0.0515634125209558,-0.1434498360934116,0.0788634605049081,-0.1081845652929044,-0.209483082996823,-0.0062619206015653,0.0108638455586619,0.1041858477296184,-0.1152251100322923,0.0598620895338479,-0.0569677210199128,-0.0430831924896921,0.0202285384137727,-0.0760884030843994,-0.0216033362411655,0.0251591203973772,0.1908020742258147,0.0032636031507297,0.0237045032818518,-0.1333724354715666,-0.0942260771759568,-0.0558346409301705,-0.0617874152613006,-0.0409752136008443,-0.0412473595168712,-0.0044963448582153,0.0329773118332935,-0.1747104279310395,0.0207650652824364,0.0458023470073669,0.1515991036216153,0.0043557858884308,0.1979106064642599,-0.0116790364920012,0.039780688636337,0.0337253854691111,-0.0143743688846294,0.0868552317082531,0.1080141740917981,0.1435463977447014,-0.1253317184442169,-0.1341845418213735,-0.1162630644744236,-0.1316098577845649,-0.1786009469478313,0.0291672401494369,0.0799610547003624,-0.0590516346228697,-0.0833555503555986, 145.0         , 6054.0       , 3556.0        , 4236.0       , 173.0               , 17018.0            , 4759.0              , 8260.0             , 1.19             , 2.81            , 1.34             , 1.95
DOLPA          , DOLPA          ,2019, 2075/76, Karnali Province      ,-0.0886498523388266,-0.2204192120689158,-0.0247672505679998,-0.0913696653563917,-0.1429121064818325,0.0671884123081269,0.0597302085792238,0.0417195749485011,-0.0634526593146545,0.1397250493061243,0.0527173869174855,0.0166707472758873,0.002758486353077,-0.0243800346317545,-0.145805775350076,0.0210677157402784,-0.0699865975179908,0.0947195151924058,-0.0556756813673051,-0.173942097638044,0.0839657872851434,-0.0550022534061691,0.0714419068821047,-0.1194156668902071,-0.0441874597614115,-0.0458569645645382,0.0033537471824773,0.0891447344900992,0.0314460565401863,-0.0052720454783919,0.0354466876708429,0.215436497190068,-0.076261893440605,0.0032362296197927,-0.0579602731625868,-0.1522865543154533,-0.0208094924909324,-0.077977054931917,-0.105189999423472,-0.028183489864254,-0.0184924716368138,0.0811756768497168,-0.1171479606320242,-0.0996087247316385,0.0847053337646146,0.1578791415184395,-0.0208000023320342,0.0913135273915567,-0.0746353659591444,0.0528026298240634,0.0205896742454004,0.0068967589793591,0.0277677756982454,0.1257138387901884,0.2596629174311983,-0.0387770535118161,-0.2052928685218566,-0.1807837053311397,-0.1265811238064737,-0.0802719281618969,-0.092984931732282,0.1506690089108806,-0.1841270855533901,-0.015789999406489, 355.0         , 2308.0       , 277.0         , 2794.0       , 344.0               , 3148.0             , 302.0               , 5015.0             , 0.97             , 1.36            , 1.09             , 1.79
DOTI           , DOTI           ,2019, 2075/76, Sudurpashchim Province,0.0316816884237483,-0.1455463025743202,0.1516551511233922,-0.0730045646130555,-0.0196785417816284,-0.0506462668599191,-0.0982761723685332,0.1862925071600842,-0.0174563647702254,0.0606211572290352,0.0679618070899606,0.0530336279101432,-0.292641382180682,-0.0153973572743484,0.042283264806647,-0.0413584180213229,-0.1525140907708374,0.1033691745921771,-0.0952021957836054,-0.2015824332911281,-0.1019621166761811,0.0305521660024768,0.1408914344312045,-0.1002258180930611,0.0756887045987023,-0.0110787348406779,-0.0402265160895434,0.0113505630998648,-0.0756914451969932,-0.0214952318690579,0.0546301036383956,0.2050531612289094,0.0863135850877007,0.0087022504943819,-0.1226556487847207,-0.0206107667534959,-0.0787271978885261,-0.0143034902331664,0.0134902149331693,-0.0620286547580027,-0.0012748139415213,-0.0273919308701496,-0.1436050561510481,0.0762616898211489,0.1081127020546092,0.1589212180516394,-0.0147934796966077,0.2450793622307819,-0.0098691654801356,0.0548861124713301,0.0543993568783418,-0.0038131808646923,0.0788546458632793,0.0348231242326559,0.1258046082183112,-0.1086152374525137,-0.1150560963303362,-0.0462216591745204,-0.1245766396979439,-0.1324370777157521,0.1697852430115254,-0.0175228460184009,0.0223166264571126,-0.1198547615152974, 187.0         , 3642.0       , 4577.0        , 12334.0      , 175.0               , 8595.0             , 4933.0              , 27770.0            , 0.94             , 2.36            , 1.08             , 2.25
GORKHA         , GORKHA         ,2019, 2075/76, Gandaki Province      ,-0.0326339028984274,-0.1747893716406081,0.0669500522859983,-0.0659859124643601,-0.0587889752499891,-0.0148380088474926,-0.0069769174882301,0.1079323734661279,-0.0004946750494431,0.1330010889533978,0.0524385007279982,0.0310010608389727,-0.1317623219108047,-0.000564376887155,-0.087325141911627,-0.0324814754723795,-0.104107941806459,0.0734781865737379,-0.1080711184703195,-0.156308415462068,-0.0128246596473757,0.0109699431582935,0.0986506610600141,-0.0924846726779875,0.0398956133760963,-0.035400548854601,-0.039071617492573,0.037831911703565,-0.0423084366450546,-0.032832851696858,0.0225477050185846,0.2072912891345443,-0.0191909132785438,0.0178861788456158,-0.0822184096638389,-0.108239659980807,-0.0567081609757024,-0.0472034391038772,-0.0136363987053813,-0.0206748337983151,-0.012864159277738,0.0460890415928963,-0.150136695469271,-0.0096552171614197,0.0488824042813902,0.1463050112422308,-0.0018784667533035,0.1847137184357633,-0.0433512992398383,0.0699740134226504,0.0223546413178965,0.012249663310044,0.0460150419033695,0.089671133143181,0.2171329528887958,-0.1081328189661158,-0.146228853490883,-0.1267462057188924,-0.1219773645490085,-0.0954580650693694,-0.0087015221172218,0.09355239807552,-0.0501875957858009,-0.0559932807464783, 97.0          , 17567.0      , 11721.0       , 3653.0       , 138.0               , 45253.0            , 14903.0             , 7951.0             , 1.43             , 2.58            , 1.27             , 2.18
GULMI          , GULMI          ,2019, 2075/76, Lumbini Province      ,0.0076659923594427,-0.1321714069358104,0.183756386982429,-0.0637302246890284,-0.0039779925351972,-0.0943768830354723,-0.1295106340152675,0.1976105134206126,-0.0177969285920237,0.0608227700156864,0.0296923752109194,0.0101712339169943,-0.2803785236299351,-0.0148628554804899,0.0439393089377875,-0.074349187155715,-0.1459571986744783,0.0847261978108247,-0.1149471518951766,-0.1449333213961534,-0.1357933329981449,0.0457875980086618,0.1325155196950861,-0.0987276543464061,0.0801851035492382,-0.0305186245225176,0.0049880510557803,0.0442925519082508,-0.0972426063304309,-0.0141447877469717,0.0563921291608559,0.2346874746036359,0.056109646798125,-0.0001014337395707,-0.1166109283492971,-0.0429616855502083,-0.0472825728534785,0.0166921503628534,0.0607635379372287,-0.0234874398549246,-0.0134001287578807,-0.0179961655804836,-0.1657347778307937,0.0891013641775164,0.1231035492610149,0.1223346334498731,-0.0030869800428243,0.2203863364550714,0.0231471082567615,0.0871822893020404,0.0698524215445286,0.0183151373585542,0.0428908095966653,0.011530792190529,0.1825000962695493,-0.1172093090851471,-0.1352015699211042,-0.0974197945958302,-0.153222010392562,-0.1113439214315617,0.1308862115718356,-0.0614380671832721,0.0211511630023742,-0.1102498650208183, 242.0         , 24086.0      , 2997.0        , 6601.0       , 425.0               , 61829.0            , 3044.0              , 19480.0            , 1.76             , 2.57            , 1.02             , 2.95
HUMLA          , HUMLA          ,2019, 2075/76, Karnali Province      ,-0.0833594060930278,-0.2258038486323486,-0.0411322668636467,-0.1011718233446633,-0.0877966868870709,0.0395353446924788,0.0629292269274928,0.0622585972396102,-0.0422608491009389,0.1405771051671454,0.0121137086140861,0.026849181089454,-0.0087600737953727,-0.0285715050308676,-0.1659731855413636,0.0299894917064991,-0.0701909754096804,0.068864545980242,-0.0631888415699191,-0.1736483329258389,0.0768116569400894,-0.0337903249690869,0.0657374712119638,-0.1528545383684985,-0.0315678339370102,-0.0272855703109164,-0.0141897018387644,0.0794050061380627,0.032024071926574,-0.0435734218110281,0.030196145713471,0.1931991595361522,-0.0689291172822942,0.0020895263736445,-0.0554298813879836,-0.1313681969162265,-0.0411744735255811,-0.050730208691026,-0.120905632052963,-0.0258481193924757,0.0016056252486836,0.1096174199113659,-0.1478834437238051,-0.1019121655887489,0.0648609423105791,0.1959314035637912,-0.008112312145777,0.0588306611463976,-0.0926146289017945,0.0505669428461085,0.0372001866856015,0.0095043276503626,0.0076636817680927,0.141491381908419,0.2466316598604564,-0.0444462633448887,-0.2164452738882195,-0.1659349701045609,-0.0992338029908858,-0.0659350042075859,-0.0943313449318223,0.1465477903043256,-0.12325473551415,-0.0300674490025139, 614.0         , 141.0        , 1294.0        , 957.0        , 799.0               , 255.0              , 1497.0              , 1263.0             , 1.3              , 1.81            , 1.16             , 1.32
ILAM           , ILAM           ,2019, 2075/76, Koshi Province        ,0.0317090821898428,-0.1062925249416583,0.1747714785708433,-0.0532703925194996,0.0141232730686403,-0.0184354134190614,-0.1251663361709334,0.1409162360615132,0.0193419448507792,0.1399535642512031,0.0829300291218053,0.0203206112668829,-0.3091865123626587,-0.0560311924865265,-0.0195574402436729,-0.009468480303098,-0.1516266886544258,0.0665412876702348,-0.0973798288715366,-0.1524829095105405,-0.169502764831074,0.1984025291341985,0.111210787661166,-0.1237784937006934,0.0679314870844123,0.0007244631044154,-0.010631930813515,-0.0281275206595831,-0.1708842592454139,0.0520154960441132,0.0391593486931671,0.1466204794576386,0.0573341698290858,0.0320084708895121,-0.0978588017864493,0.0235980902936263,-0.1253919097009042,-0.0463466183783301,0.0003968375703156,-0.0632072183760869,0.0570591889145987,0.0512157112327744,-0.1760157601486449,0.2214655046290919,0.0586697352404245,0.1280827897529975,0.0113950475433355,0.2508276595003995,-0.0476669297401062,0.0497075495250599,0.0411509486544044,-0.0003204892176661,0.0910812125868163,-0.0079928510359138,0.1409199865215762,-0.193073715512206,-0.0545520534036096,-0.032669010733662,-0.101073299711877,-0.1850068441798346,0.0673735746855159,-0.0339824392227785,0.0150640476831612,-0.0566132791417428, 47.0          , 32798.0      , 1692.0        , 4720.0       , 59.0                , 120533.0           , 1977.0              , 15449.0            , 1.26             , 3.68            , 1.17             , 3.27
JAJARKOT       , JAJARKOT       ,2019, 2075/76, Karnali Province      ,-0.0015746152710189,-0.1659526372237711,0.1455596781017046,-0.0768412141345552,-0.0496496912755927,-0.0804158162162545,-0.0916357318921058,0.1582854814758356,-0.012606703402068,0.0559288014212684,0.0361089827442286,0.0116649372210642,-0.2045854509969387,-0.0100692736388394,-0.0062376335026752,-0.0236039413622042,-0.150431952653887,0.0965391343026367,-0.1014270375251753,-0.1706299818178128,-0.0147238950806622,-0.0083395725181056,0.1366744312518612,-0.0941772103130378,0.0327916339280948,-0.0741231563740361,-0.020203971793918,0.0337700502474089,-0.066637017115899,-0.0351058231520568,0.0547113896179927,0.2302507992196048,0.0082040454574871,0.0381176671100733,-0.135897307790167,-0.065951909852861,-0.0292052607761283,-0.0026339749403947,-0.00592036063829,-0.0585910479305113,-0.0379377763960785,-0.012577925916524,-0.1543465084475463,0.0004457370306847,0.0823561202912433,0.1489921142656661,-0.0029461756144546,0.1835891091522237,-0.002841608641176,0.0349521388529444,0.0512241264863129,-0.0299897448713425,0.0560253672170004,0.0993719188973177,0.1481959763812525,-0.0973450935054021,-0.1471423674089884,-0.1053593525392887,-0.1538839442237096,-0.1360548709869688,0.1092468852520687,0.0153112032561707,-0.0218960563134306,-0.1067306671885713, 618.0         , 14693.0      , 1724.0        , 14003.0      , 694.0               , 36248.0            , 1916.0              , 21634.0            , 1.12             , 2.47            , 1.11             , 1.54
JHAPA          , JHAPA          ,2019, 2075/76, Koshi Province        ,-0.0219478667579776,-0.1347281021787898,0.1882821588070932,-0.0757923935652485,-0.0123825807776659,0.0848972031723676,-0.0226690883800247,0.0891736208447868,-0.0212623114690503,0.2054336464879616,0.1301589228939546,0.0224871916333883,-0.2688361730927104,-0.0648184047228617,0.0630753074079191,0.0701948980303352,-0.2315200797487476,0.0020751857645528,-0.0894797063164594,-0.0767619769835185,-0.2130539614159575,0.3056351150849727,0.018542832314198,-0.0281858336308944,0.1023558832057748,0.1312365833047842,-0.0153705000467431,-0.0001043690703504,-0.1256828294533534,0.087833727339404,0.0710521749440909,0.0559922454386987,-0.053451516074931,-0.011625780600867,0.0917382877920023,0.1693436872343268,-0.1890763184915878,0.0366308611663575,0.1154082884843517,-0.0210797240898354,0.0689430474557474,0.0567894293607767,-0.2012977401965852,0.2377779658953224,0.0254746889626496,0.1070634758674317,0.1006438863452088,0.110966253086838,-0.085265764681848,0.0857708891915716,0.0591220123180831,0.1770640680072294,-0.0117275356572289,-0.0840785048254403,0.211810884203795,-0.1310696983789507,-0.1040645415023491,-0.0128495669869564,-0.0831620650519716,-0.1261242184535594,0.0202253778234368,-0.050769634915629,0.040376478352865,0.0594344439661668, 4.0           , 38913.0      , 1224.0        , 7500.0       , 7.0                 , 151644.0           , 1570.0              , 29450.0            , 1.75             , 3.9             , 1.28             , 3.93
JUMLA          , JUMLA          ,2019, 2075/76, Karnali Province      ,-0.0353887504720389,-0.2332170440698604,0.0633362800960818,-0.1266021550076315,-0.0957333809204237,0.0004588677921318,-0.0022328063906216,0.1100252831329804,-0.0117922596589437,0.1378457028658751,0.0436123511872597,-0.0293377343059095,-0.076195371581146,0.00061685168287,-0.0691533238733536,-0.004656352319235,-0.1462217940969046,0.0866891696223228,-0.1128467955128474,-0.1952436624176162,0.0747275292697161,-0.0673935178376221,0.104880394205597,-0.1272636723483877,0.0010408912186827,-0.0552799507029707,-0.0175897394625487,0.0456235579969657,0.0178356519701238,0.0004521901319904,0.0348686702538791,0.2332364771474129,-0.0689027317872976,0.0651811907184416,-0.0905563789397655,-0.1050195066615411,-0.0009183702563633,-0.0217448298059385,-0.0580451399965088,-0.0483329191667684,-0.0612100376451329,0.0367499083250789,-0.1621208369838401,-0.0540314051045796,0.0405111170228908,0.1308915311151368,0.0371457151125812,0.089008872266103,-0.0546298557590869,0.0026492439129553,0.0572097699635863,-0.0333453457224533,0.0338188210053809,0.204093424607499,0.1765194130731143,-0.05022076749306,-0.1939896492838927,-0.1487522257477604,-0.1645757910077411,-0.0907390663034468,-0.0254432555864683,0.0967229958805906,-0.0851528809695569,-0.0347044534014162, 3379.0        , 4327.0       , 3698.0        , 2310.0       , 5732.0              , 6534.0             , 3885.0              , 4204.0             , 1.7              , 1.51            , 1.05             , 1.82
KAILALI        , KAILALI        ,2019, 2075/76, Sudurpashchim Province,0.0343277864864129,-0.1459576737649653,0.1424288349205283,-0.038942599079705,0.0237532228307265,0.0024988968750344,-0.0550311009107166,0.1735520550329421,-0.0709673873425498,0.0912776684402079,0.1088846631682972,0.1059382874633228,-0.3187599600367292,0.0154292845864988,0.0517392931920842,0.0494757315951645,-0.143654002885463,0.0358627811198375,-0.0758752816816012,-0.1917761117517073,-0.1733483775377844,0.1837871833098492,0.1832443110960918,-0.0686430905238186,0.049808325521491,0.0433423752224343,-8.982517055077267e-05,0.078633113560604,-0.0247272774029034,0.010669053233094,0.0740523766336808,0.1636937320763269,0.0908083356954684,-0.0615654081767474,0.0068871584035813,0.0573881781831528,-0.1182401081424772,0.0271390098231532,0.0672444872302204,-0.0811443353936242,0.0644412591634281,-0.0521685706046996,-0.1447582459050065,0.1976926481272448,0.1266361780641589,0.1288426769278491,0.0313895799039011,0.1507172951107352,-0.0823036925922826,0.0787022239008221,-8.795077413837262e-05,0.0994988746092871,0.0207882907210655,-0.0903636937602188,0.1639891070726981,-0.1122401029735025,-0.1187297999426544,0.0126115470683123,-0.1016585078778362,-0.108114814443355,0.1831576770642907,-0.0764955510996938,0.07185102988041,-0.0509728351319995, 175.0         , 6386.0       , 363.0         , 34994.0      , 345.0               , 18334.0            , 369.0               , 109234.0           , 1.97             , 2.87            , 1.02             , 3.12
KALIKOT        , KALIKOT        ,2019, 2075/76, Karnali Province      ,0.0093842094167349,-0.1871191302110448,0.1132017753838025,-0.0866126433940814,-0.0567901053010977,-0.0422459062921201,-0.0600354310321802,0.158205118807933,0.0007958873402348,0.0838438754638111,0.0567888331200279,-0.0099742049539825,-0.1557202665743436,0.005275323890148,-0.0163163016320854,-0.0313794617272874,-0.1514925455487345,0.112274420208259,-0.1024028713796511,-0.1883447356709378,0.0379592187597012,-0.0589381630063044,0.124368956249722,-0.0854329602293801,0.0449272588767215,-0.0733713588270621,-0.044017647008832,0.0118516967591023,-0.0237080371859435,-0.0277669312198741,0.0334157295810714,0.2293174749169855,-0.0181242093114454,0.0605345917449049,-0.125887688408562,-0.0817580270164608,-0.031797995041632,0.0007125555410107,-0.0297645775943608,-0.0695132072207793,-0.0609281418221003,-0.0199639800026112,-0.1347871346811812,-0.0394675006964167,0.0536935347939245,0.1501892503975922,0.0183731472657527,0.1686702522539239,0.0003021155772097,0.0310064626088812,0.0503829441338619,-0.0522365242216951,0.0621995876899379,0.1659899673188774,0.1513284882838608,-0.0649948077794146,-0.1767684321817619,-0.1078005159550436,-0.1631655721173693,-0.1084993792969474,0.0718026357794375,0.051548889751949,-0.0103388125998469,-0.0914079770015763, 829.0         , 2998.0       , 1228.0        , 5039.0       , 1252.0              , 6569.0             , 1290.0              , 6119.0             , 1.51             , 2.19            , 1.05             , 1.21
KANCHANPUR     , KANCHANPUR     ,2019, 2075/76, Sudurpashchim Province,0.031619458575881,-0.1704269751153156,0.1319050412206192,-0.040705858144345,0.00916856670281,0.0267597124191776,-0.0272971063014395,0.1830690999010297,-0.1002072506811665,0.100282947791406,0.1245308817565173,0.1096927684035584,-0.3285906703530305,0.0290543080367199,0.0771864899687062,0.0627222742650479,-0.1793000822216727,0.0002160429019939,-0.0859327846808149,-0.1872008491705992,-0.2016107004272952,0.2314383838129396,0.1665562685548965,-0.052647785369854,0.044626218920397,0.1023493777397296,0.0222590781130345,0.0603150428878483,0.0171210206482982,0.0232693098460781,0.0663313239849809,0.0990386884636684,0.0855907299842812,-0.0770860850937988,0.0778214738947681,0.0955254569904894,-0.1523425760208413,0.0136353963392498,0.0716708884004299,-0.0700879323408869,0.063370542681802,-0.016985695741011,-0.1633095745052956,0.2076134622803778,0.0787466994587664,0.1318474841205546,0.0435035245778567,0.1360767681548645,-0.123502424657937,0.061654951342704,-0.0189297828991181,0.1656468102700239,0.0223325186459108,-0.0974750547649934,0.1445716152602386,-0.1242347882172553,-0.1204648012712516,0.0240694023292823,-0.1035799638797996,-0.0731458192210856,0.1506035333682853,-0.067556043033357,0.0622817359353986,-0.0129494347089097, 8.0           , 3168.0       , N/A           , 33073.0      , 10.0                , 7404.0             , N/A                 , 84544.0            , 1.25             , 2.34            , N/A              , 2.56
KAPILBASTU     , KAPILBASTU     ,2019, 2075/76, Lumbini Province      ,0.0073663356469402,-0.1232724390486889,0.1396171883331098,0.0019284656845378,0.0308658167633795,0.0272267094856206,-0.0119842467818891,0.1453173501626186,-0.0790413054597308,0.1129424005808867,0.1052793010162396,0.0985919575596929,-0.3215181588955759,0.0641275854876164,0.0597933305442699,0.0834059604615746,-0.1694811864643317,0.0308747217197086,-0.092647672063874,-0.171284365041642,-0.2005383322633712,0.223716025364792,0.1609228505722519,-0.0329959728006439,0.0388018751835569,0.0747787578015893,0.0335196010269597,0.0872247688619649,-0.0166496851736412,0.0528779788407643,0.0948185947864683,0.1210411317685435,0.0284523547927786,-0.0721716861903718,0.0793475343221533,0.1196923155879786,-0.1589157838905295,0.0512304648096635,0.1199078635539535,-0.0381332666023678,0.0803297068781665,-0.0209200874811162,-0.1731387471049142,0.1930727243965267,0.0862953018467538,0.107574787490734,0.0672926406401813,0.0876822316062821,-0.1358359193407043,0.0819658951742889,0.0094589137583258,0.1596178544645513,-0.0411548771335751,-0.1466505599404517,0.2258181255479558,-0.1000010785396872,-0.120082798107934,0.0285618825307311,-0.1138243680391041,-0.0923614734556431,0.1202688021748008,-0.0872680524657511,0.0678280721735402,0.0185578904947824, 178.0         , 2688.0       , N/A           , 25667.0      , 328.0               , 9803.0             , N/A                 , 103935.0           , 1.84             , 3.65            , N/A              , 4.05
KASKI          , KASKI          ,2019, 2075/76, Gandaki Province      ,-0.0118763763545259,-0.1559945146473955,0.1055458734224273,-0.0620550424561465,-0.0162804440228933,-0.0361972969295289,-0.059961937104734,0.1057422189412589,0.0212265461786283,0.1470042452044413,0.0264528726680491,0.0249326676631547,-0.1744804454193138,0.0116645929172129,-0.0728816661648203,-0.039521401544105,-0.1352234053146155,0.0636792470903109,-0.0880954391618105,-0.1612780872555488,-0.0367858778468615,0.0417903197555834,0.097264174643126,-0.0932534163845754,0.0432366425552877,-0.0383461594301134,-0.0638497940492483,0.0287521299780191,-0.0757438613066685,-0.0535015339395588,0.0207038060306734,0.2108164315204269,-0.017556292414242,-0.0008840025041437,-0.1033172306001594,-0.0876936434418805,-0.0720873981208349,-0.0415054755855255,-0.0089224771257446,-0.0062884258029108,0.00332306582213,0.0255060757854531,-0.162923518816442,0.0102015340505763,0.0494872946541258,0.1405196587325768,0.0147137476295583,0.197991742456734,-0.0269786501085799,0.0724178661642556,0.0382442658056743,0.0011159198770209,0.0394984199544105,0.0590259591938114,0.1846823689900607,-0.133518581950355,-0.1445331369648914,-0.0878302802655527,-0.1358295498379071,-0.1074216484552615,0.0303080848209646,0.0513035434621627,-0.0293689348988234,-0.07612134658222, 110.0         , 13624.0      , 15441.0       , 5951.0       , 171.0               , 34632.0            , 18973.0             , 13303.0            , 1.55             , 2.54            , 1.23             , 2.24
KATHMANDU      , KATHMANDU      ,2019, 2075/76, Bagmati Province      ,0.0154136864366836,-0.1713978699775145,0.1546630332145218,-0.0802886366970794,0.0409733560159975,-0.0621311657701456,-0.0818812167626681,0.0916327286928937,-0.071772635954963,0.1220069856863269,0.070965099876409,-0.0449922245700851,-0.3047302778852073,-0.0469997703186008,0.0154986423398013,-0.1305671749592397,-0.1752076473200219,0.0556681835114078,-0.0823259477111867,-0.1382592483219596,-0.1325992435745912,0.1222732002003277,0.1158060240256801,-0.1194559046809167,0.0337805556859541,0.043750040549458,-0.0295756110446743,0.0199221873316789,-0.0922365683902828,-0.038513512466644,0.0337970991202524,0.1855121242341035,0.0158019575857412,-0.0258700300588741,-0.0155374648592836,-0.049076181778671,-0.1199474041751471,-0.0320174493972777,0.0392466816903029,-0.0089323797956571,0.0070604654550141,-0.0062883616958392,-0.2251960687636626,0.1313514611024074,0.0958926769354694,0.1029048288391012,0.0301394411262012,0.1919117835899581,-0.0116012517038199,0.0392412028709654,0.0886307502876673,0.0675925303319246,0.0507774992163859,0.0232398523624118,0.1770775084841782,-0.176030287342947,-0.1293428519061017,-0.0522208696094534,-0.1747270198247595,-0.1482867808129477,0.0646494612888048,-0.0699316401894367,-0.0253624627073711,-0.0684428737324866, 3.0           , 6420.0       , 608.0         , 2141.0       , 3.0                 , 24653.0            , 638.0               , 8862.0             , 1.25             , 3.84            , 1.05             , 4.14
KAVRE          , KAVRE          ,2019, 2075/76, Bagmati Province      ,0.0057810964320488,-0.1295406615749786,0.1605401579911083,-0.0752642116012595,-0.0129599422541395,-0.0694675661862768,-0.1101153928048175,0.1718382322205502,-0.0250148453120667,0.091529467871798,0.0781278224849195,0.0123615628764009,-0.2951250643067986,-0.0302785277370788,0.0325709027585228,-0.0689490733438537,-0.1518169010999635,0.073454238289877,-0.1251379791997087,-0.1624061655670942,-0.1537359984796175,0.0923867092584421,0.1249080380117463,-0.1145134830103139,0.073497046798743,-0.0088889908386145,0.0055113860417135,0.008870537801409,-0.1149617309102581,0.0020370756086606,0.0482348443573662,0.199489141586718,0.0729919208294539,0.0224697075902643,-0.110024527562478,-0.0286446082616991,-0.0863517008748316,-0.0121802162070836,0.0445716495252641,-0.0258713105765908,0.0019091336253948,0.0229354810631655,-0.1874760324578634,0.1209094121657676,0.0881377855107194,0.1358965916916425,0.0091624658336535,0.2336387697946213,-0.0186097181759344,0.0532337919431297,0.0669183648487261,0.0251192105153272,0.0683316951140863,0.0147101446632228,0.1710994451070417,-0.1411825720504756,-0.1084438081705172,-0.0840745306387814,-0.1345074714148355,-0.1568764005954616,0.0973406595547689,-0.0359757290807454,0.017076673025843,-0.081469467412086, 357.0         , 24643.0      , 3595.0        , 8292.0       , 596.0               , 76590.0            , 4176.0              , 24030.0            , 1.67             , 3.11            , 1.16             , 2.9
KHOTANG        , KHOTANG        ,2019, 2075/76, Koshi Province        ,0.0085071595044702,-0.1381510917777223,0.1715617623245252,-0.0902922216773023,-0.0519746692410028,-0.0551292627761015,-0.0857397846847462,0.1651743105317599,0.0074366740268355,0.0993592285684592,0.0784893548793443,0.004648284771916,-0.2823964850088531,-0.0533137888348138,0.0320556836378655,-0.0460591436922268,-0.1475857395700117,0.101954953018039,-0.1202105850856681,-0.189560810711477,-0.1468108528633779,0.1127422031565585,0.1171521927298992,-0.1132609343701029,0.0828498315463979,-0.0248317876688971,-0.0172186783239163,-0.0002346678395259,-0.1302031276354019,0.0206962215768654,0.0470434805172454,0.1659953310197649,0.0796115866112004,0.0335642752888682,-0.1242003939483162,-0.021715341989396,-0.0756226815782184,-0.0189072544938848,0.0191252066136087,-0.0463749467765936,0.0222967920382867,0.0270665649394082,-0.187025000525947,0.1251730044139727,0.0728516995180282,0.1410116821799774,0.0126933831192501,0.2457253012838584,-0.0164849015226848,0.0342135342958969,0.0652443383218616,0.0240097783550327,0.0962361506874629,0.0224169369356121,0.1351198570688229,-0.1264095239596915,-0.0849458014347352,-0.0664542036774632,-0.114864960623123,-0.1864717483410124,0.1045538307367417,-0.0217883823065914,0.0143228041646252,-0.0842943309254009, 355.0         , 42621.0      , 23744.0       , 5169.0       , 485.0               , 94219.0            , 26456.0             , 12584.0            , 1.37             , 2.21            , 1.11             , 2.43
LALITPUR       , LALITPUR       ,2019, 2075/76, Bagmati Province      ,0.0121282427304932,-0.1336743850645283,0.1562725092735545,-0.0653766836296822,-0.0057223566098885,-0.0700800409563246,-0.0922242328689276,0.1489975294229162,-0.0307902070966176,0.115715767166541,0.0413100553800225,-0.0180971241232752,-0.2901865723752054,-0.0234686936942256,-0.0031991035024475,-0.0997120988262249,-0.1479082852164085,0.0888881054525982,-0.1154302204523535,-0.1766952703790371,-0.1183283489192378,0.0808711362294785,0.0939174862704379,-0.1264630637223043,0.0629105575097267,0.0054278805284199,0.0005946388887216,0.0031074074084455,-0.1034274041250808,0.0121133245681657,0.0397041131468624,0.1767034200311675,0.0534616794154977,0.0169728116428324,-0.104875440509525,-0.0436552586968894,-0.1050422275437322,-0.0295140176307814,0.0302301596628667,-0.0305892472087124,0.0060625183764622,0.0198808432724912,-0.2061786816192929,0.0856762023214063,0.0799518546532681,0.1113834480900416,-0.0082427563749556,0.2577365500400951,-0.0030125184388036,0.0438534746435264,0.0706168656828753,0.0097951386046667,0.0521742912423806,0.0260625148861961,0.1734423702114963,-0.1509360351415462,-0.1055139754779911,-0.0653339223702818,-0.1428345316072534,-0.1498736984737976,0.0860758957787945,-0.0452357896207909,-0.0023066716608212,-0.0557745133215749, 40.0          , 9165.0       , 560.0         , 2601.0       , 53.0                , 31253.0            , 576.0               , 8870.0             , 1.34             , 3.41            , 1.03             , 3.41
LAMJUNG        , LAMJUNG        ,2019, 2075/76, Gandaki Province      ,-0.0037860351952095,-0.1496930188670911,0.1400819898201946,-0.0745505499420408,-0.0267204901997155,-0.0519715786439211,-0.0754125231781383,0.1343910673578191,0.0288957605430101,0.1453271518870056,0.0201880421274333,0.0201502318296106,-0.1964934104240444,0.0134494560248382,-0.0448370142668708,-0.0479866578683726,-0.1499399561062377,0.0887014528332619,-0.100886823748265,-0.1713528155387871,-0.0507747703072702,0.0372450284072961,0.111964560511047,-0.0867516818311522,0.0614625086359266,-0.0394117355511512,-0.0708426741825837,0.0182417898620545,-0.0780550365070341,-0.0526518130391129,0.0188092465280969,0.2181141207815269,-0.0021753518822599,0.0106065023499141,-0.1166414731036879,-0.0875354005016623,-0.0607678995473099,-0.0320533755982657,0.0021168363893083,-0.0325955189681063,-0.0039868768109057,0.0044701894237482,-0.1715302738342753,0.0274269553091112,0.0609360469294806,0.1314855884429724,0.018082068449543,0.2247651788476458,0.0003986686542315,0.0715476185365649,0.0442171977096092,-0.0182937341444311,0.0534774659331456,0.0605119034803599,0.1704473025308799,-0.132052635268651,-0.1351913828317864,-0.0880336275213975,-0.1462541466030926,-0.112114016429824,0.0639325167842324,0.0392110701232518,-0.0078702047770701,-0.0840750640856289, 36.0          , 9935.0       , 7511.0        , 1627.0       , 53.0                , 23943.0            , 7291.0              , 1381.0             , 1.48             , 2.41            , 0.97             , 0.85
MAHOTTARI      , MAHOTTARI      ,2019, 2075/76, Madhesh Province      ,-0.0030149166497068,-0.1168248996135345,0.1323779274245629,-0.0090894231482486,-0.0015465460799092,0.0703356426410138,-0.021813586403205,0.1047461113652292,-0.0796389304211209,0.1465724292049582,0.1580437772007341,0.0553017502408475,-0.3246703893965411,0.0009542412673846,0.0539641064256942,0.0946039435743711,-0.1757840803254874,0.0134224393212263,-0.1106925643095804,-0.1219692707608612,-0.2330525341546587,0.2945910569098006,0.087790497504114,-0.0502159417200496,0.0654434482153823,0.1277753299106315,0.0584907574006675,0.0260950518963691,-0.0735713273542915,0.0955356479842792,0.0825931035357299,0.0560661016712987,-0.013997968919128,-0.0156346417606355,0.1018757871007496,0.1336635696859793,-0.2001695956284772,0.0357813450317845,0.0984683165023894,-0.0400865697288378,0.0732777544773301,0.0569010172393781,-0.1721305483113634,0.2341218758473068,0.0251690189913537,0.1355488068678662,0.0788990794461658,0.1016563046840419,-0.1160598237239219,0.0632166442043183,0.0164969281430096,0.1529169660768847,-0.00220629138177,-0.0975792134269606,0.2165660520916038,-0.1386933777024801,-0.1002188482684337,0.0285119426200154,-0.0830062960935541,-0.1148733499237211,0.0751540716932191,-0.0763434420666301,0.0573422914388074,0.0454346746004177, 8.0           , 9714.0       , N/A           , 24292.0      , 8.0                 , 24907.0            , N/A                 , 72050.0            , 1.0              , 2.56            , N/A              , 2.97
MAKAWANPUR     , MAKAWANPUR     ,2019, 2075/76, Bagmati Province      ,0.0409569765209721,-0.1283759912187613,0.1586154235025622,-0.0550967890294241,-0.0096680983980627,-0.0501445823675898,-0.127665908472383,0.183963816704109,-0.0141570339643711,0.1129032774233452,0.0783604275788835,0.0487702666321464,-0.3170410801117345,-0.0146002057620835,0.0137157955370139,-0.0184467516860705,-0.127398920019845,0.0591039588718514,-0.103361202075276,-0.1103806255819521,-0.1645335455455815,0.1378821405197454,0.1508886575370882,-0.0915236925380799,0.064871885625507,0.0196413200110678,-0.0107622292826971,0.0159925181272855,-0.1078652968678483,0.0267868447023622,0.0614287831099943,0.1800305122668434,0.0440330350067212,-0.0138168536250949,-0.0475212383823781,0.0123375216544069,-0.1296875805089239,0.0018841124032459,0.0816537486105391,-0.0593166883317529,0.0339741361761576,0.0120394043509205,-0.1580295024169855,0.1959054612974267,0.0971073217753555,0.1113965605431987,-0.0014893828249018,0.2351209498639388,-0.0331729163489556,0.0772820006129784,0.0464687132970586,0.0305601820817807,0.0536102665702707,-0.0221923466056212,0.2060062193474303,-0.1439008906272454,-0.1225745601400701,-0.0459136431708617,-0.1117473885070114,-0.1109743545625588,0.1250626727547629,-0.0492488888343214,0.0435056983244372,-0.0484727763313334, 252.0         , 25886.0      , 2774.0        , 3915.0       , 355.0               , 81722.0            , 3467.0              , 13202.0            , 1.41             , 3.16            , 1.25             , 3.37
MANANG         , MANANG         ,2019, 2075/76, Gandaki Province      ,-0.0812146499932359,-0.2104406583793241,-0.043736221139016,-0.0603111726344797,-0.1295431410091742,0.0644779736240291,0.0879550134883667,0.0274967912530412,-0.041840100696297,0.1525518995519421,0.0678308326812853,0.0200021829179914,0.0167347315295886,-0.0108154400522105,-0.1869250064517527,0.0011933603256932,-0.049154614152168,0.0667146199745337,-0.0665917961970343,-0.1812194287843174,0.0798993552231341,-0.0472997491644114,0.0779225906021923,-0.125525605043751,-0.0127403123259532,-0.0454163028821001,-0.0185897680775494,0.0872016924275903,0.0126454956183453,-0.022781082544588,0.009438277795212,0.1996207064683846,-0.0801474852506776,0.0029247078135674,-0.0633298066598635,-0.1789752552515085,-0.0395737471736033,-0.1036792955154766,-0.0916654418752974,-0.0081241101826275,0.0009152572830718,0.097512484888685,-0.1195717856849897,-0.1047581024437349,0.0338992442802109,0.1545777699995986,-0.0431645395725765,0.1087736510233022,-0.0840889068953609,0.0565293736881659,-0.0020780782557073,0.0211121765910815,0.0269698407361069,0.1130296753017517,0.2656254031486438,-0.0691553435483423,-0.1725853721961131,-0.1600604212375059,-0.1193795889833253,-0.0877506272110717,-0.0937982078235599,0.1663394565068574,-0.1610339421992447,-0.0221227628224709, 109.0         , 68.0         , N/A           , 199.0        , 191.0               , 107.0              , N/A                 , 278.0              , 1.76             , 1.58            , N/A              , 1.4
MORANG         , MORANG         ,2019, 2075/76, Koshi Province        ,0.0062788753749484,-0.1348926518799191,0.179772293880849,-0.0580616477151772,-0.0033187728606104,0.0588605489441561,-0.0341897060146737,0.0898292149294734,-0.0410638020159251,0.184024631868757,0.1200666302050037,0.0376631981244326,-0.2882019774734979,-0.0488892652896266,0.0388016005786062,0.0535100658633904,-0.2020368251417896,0.0123300090734888,-0.0956805907949915,-0.0890200457303847,-0.1995371495798928,0.2690930038739024,0.0372128109244806,-0.0310005212813609,0.0897277866387913,0.1210785358039719,-0.0063721034459368,0.002352614126977,-0.1160793920622634,0.0702349773431968,0.0783515499107486,0.0588805220240253,-0.0204829443006223,0.0001122066834772,0.0617444150768936,0.1481014946221729,-0.1872639703088141,0.0108196193984346,0.113191461494662,-0.034772771997646,0.0574561308611222,0.0685945945804793,-0.1943637695590839,0.2238159436433573,0.0406604970562159,0.1013976280230196,0.0570211923095563,0.1500892317598925,-0.094404738364108,0.0924901791188178,0.0412238309846874,0.1305560170916685,0.0020869993444212,-0.0781520964712111,0.2195409173911973,-0.1350969881082839,-0.096934171098628,0.0053283686696436,-0.112408068607682,-0.1143747850439995,0.0519512895896185,-0.0485417093176371,0.0285763300802906,0.0493340455428364, N/A           , 17290.0      , 1321.0        , 12305.0      , N/A                 , 67103.0            , 1606.0              , 42773.0            , N/A              , 3.88            , 1.22             , 3.48
MUGU           , MUGU           ,2019, 2075/76, Karnali Province      ,-0.0524324279208952,-0.2265961651048932,0.0147440202109388,-0.0917945017955171,-0.0906037171840253,0.0176701564476362,0.0240998929134103,0.0983304349920288,-0.0326013499631702,0.1238014468008044,0.0399139668645733,0.0013462782822,-0.0334467551646246,-0.0197037932342911,-0.1052102556968678,-0.0062921100787152,-0.0697576126266537,0.1023012763471375,-0.0963918242224223,-0.1677142434659552,0.0776882152278182,-0.0613943921124973,0.0728424390152703,-0.119940997331611,0.0007509200800601,-0.0557770788675905,-0.0051613076292872,0.0591127705945005,0.0250790642371091,-0.0149792584843192,0.0329682770436638,0.1955062132505648,-0.0579742365307332,0.0394195155634613,-0.0941516702792189,-0.1290845671081107,-0.0315135485983837,-0.0490408616781471,-0.0730094041537974,-0.0282487134416498,-0.0328523923919931,0.0688146669769202,-0.1347866359363459,-0.0858307545384974,0.0478947966526856,0.1710558497438853,-0.00547220160244,0.1051152387997554,-0.0549347224311169,0.0486722953668024,0.022636084566202,-0.0160042194355696,0.0180851141273659,0.163837701927346,0.2290668253449452,-0.03607337328957,-0.2000873073920973,-0.1767652741101746,-0.1289570282520264,-0.0813167761023335,-0.0465580576613003,0.1219029865927926,-0.0861499983739547,-0.0251302037653378, 1036.0        , 588.0        , 4219.0        , 3255.0       , 1149.0              , 934.0              , 3250.0              , 3282.0             , 1.11             , 1.59            , 0.77             , 1.01
MUSTANG        , MUSTANG        ,2019, 2075/76, Gandaki Province      ,-0.099069847722381,-0.1954293757013557,-0.0207401728766237,-0.0813235275784485,-0.1508966323172477,0.1100802618615874,0.0679347766680146,0.0232360136481322,-0.0894747884135084,0.1479237556485983,0.0862512358289558,-0.0047505957449746,-0.0110660260794878,-0.0168079256354725,-0.1408089186079171,-0.0033031871290843,-0.0713036508590342,0.0936132397688653,-0.0242131268067043,-0.1858147214731755,0.0762066264475011,-0.0542572475334763,0.0790156179253852,-0.1201740239464771,-0.0562352124066057,-0.035166446333171,0.0097553788486202,0.0755826764287967,0.0160914258750106,0.025107320245402,0.0355145584275358,0.2296481259757465,-0.0621003463566558,-0.0412787130625273,-0.0512391069984645,-0.1648872549672402,-0.0165470550151136,-0.0960447783268178,-0.1131245523289134,0.0004063760793009,-0.0045474526604005,0.0685006715729554,-0.0922125776382379,-0.1104561213551312,0.0952364633201442,0.120021558061067,-0.0149629797026365,0.0914044046842843,-0.0673130566056645,0.0398243566905063,0.0183376050446016,0.0265820492145339,0.0459075959842048,0.099076558644125,0.2699513848716223,-0.0253710532166876,-0.2024171940132195,-0.1617070454487333,-0.1451770560972627,-0.0678431559993242,-0.0924103486264925,0.1321044394960349,-0.2236721675427314,-0.0280697629686554, 255.0         , 551.0        , N/A           , 544.0        , 479.0               , 920.0              , N/A                 , 1028.0             , 1.88             , 1.67            , N/A              , 1.89
MYAGDI         , MYAGDI         ,2019, 2075/76, Gandaki Province      ,-0.0384269108436659,-0.1724173185494699,0.0733817649658048,-0.0578335253097078,-0.0669847945465612,-0.0200222468935031,-0.0123080628563064,0.0991507237976981,-0.0148784141821193,0.1233857377185901,0.0411716354583966,0.001184749195817,-0.0971496593448292,0.0010630650860537,-0.1053617452907774,-0.038971676745912,-0.1057678877331957,0.0802681532574366,-0.0965456901730166,-0.1720077270829579,0.0391714786837859,-0.0302858149757415,0.0968788914883735,-0.0978467498125472,0.0540184812503062,-0.0754397320891481,-0.0247795427576997,0.0390405218257963,-0.0451713446305364,-0.0441629454083491,0.0131317683446752,0.2173178093650103,-0.0306579725094491,0.0139023825089662,-0.1137782830232572,-0.1351530871785388,-0.0435014443321122,-0.0653436387927036,-0.0432161186829953,-0.0256349698202351,-0.0263693877015264,0.0361797628478234,-0.1486700983968547,-0.0595866375827772,0.0329740958637073,0.1551707259551294,-0.0154020796614879,0.1646497924013537,-0.009644953618499,0.0781172011551415,0.0151183773477035,-0.0189539764317464,0.0328852842100778,0.1165053747156282,0.1901378409260479,-0.0977277172753314,-0.1453580393115479,-0.1449674670605613,-0.1568407909940546,-0.1139592875824733,0.0025633838341371,0.0888027483577936,-0.0677096333781439,-0.0673876445249029, 274.0         , 9431.0       , 2531.0        , 2861.0       , 370.0               , 32697.0            , 3366.0              , 7132.0             , 1.35             , 3.47            , 1.33             , 2.49
NAWALPARASIEAST, NAWALPARASIEAST,2019, 2075/76, Gandaki Province      ,0.0465149847172598,-0.1157925180964649,0.1574425289012016,-0.0405698482635011,0.0124585360464082,-0.0265243181376257,-0.1236027553166861,0.2027570334102068,-0.0296622654531499,0.1140815521701127,0.0871278241600577,0.0722101225539793,-0.3113848376353221,0.0028823864922143,0.022489305883133,-0.003528672836449,-0.144134993478699,0.031624352587103,-0.0970655425648215,-0.0957350637296036,-0.2059944679714521,0.1820031510025215,0.1503917835710234,-0.0788923345533753,0.0434736636238958,0.0673398001887568,-0.0035949306488705,0.0346061572114103,-0.0638689627425371,0.0325224617498652,0.0595546035267068,0.1819929222578722,0.0417352399368137,-0.0177257861246794,0.0166478594750832,0.0574546201386502,-0.1391800958869357,0.0147517256548571,0.1054911696126235,-0.0438639717148797,0.044204064357397,0.0112804920183954,-0.1504979976875428,0.2052432724170665,0.0969391273928507,0.1129691325934729,0.0356804329796843,0.1921259895256477,-0.0751429253370642,0.0935080151294615,0.048764997515098,0.0774099077082049,0.026497537451074,-0.0677338827442123,0.2053181556125563,-0.1373678181543643,-0.1429970904954766,-0.0074659084017664,-0.1124156815039026,-0.0479098844801212,0.1127169978795815,-0.0825315078761676,0.0573034538706535,-0.0387421204808622, 9.0           , 4651.0       , 251.0         , 8409.0       , 11.0                , 11683.0            , 256.0               , 22879.0            , 1.22             , 2.51            , 1.02             , 2.72
NAWALPARASIWEST, NAWALPARASIWEST,2019, 2075/76, Lumbini Province      ,0.0300410769332376,-0.1164286291742601,0.1481743581159831,-0.01382774849964,0.0341622022175862,0.0419778243416735,-0.0239345528901111,0.1477315511514682,-0.0866328190658121,0.1233712366473574,0.1021428351129622,0.0961498567422732,-0.3139909651252656,0.0659905677960544,0.0552324776889243,0.0559144342030192,-0.1648270101016241,0.0197558958347136,-0.1117110365299681,-0.145955547526854,-0.2049131832283593,0.2241591350458924,0.1122017815916364,-0.0398137132057037,0.0249569566375902,0.1317620877251824,0.0358788756484767,0.0626546999001966,-0.0078957040507647,0.0438052740902283,0.0843947554404171,0.1099203358747507,0.0163834081363475,-0.0373818174244923,0.1017464882146307,0.1337844221520344,-0.1705817654633767,0.0335575357026826,0.11697522859699,-0.0206544945619102,0.0856192579117666,0.0141342569128619,-0.1669114650333414,0.180668986757241,0.0585894970999198,0.1133466149956264,0.0778398399235635,0.123521502730089,-0.1483434251879434,0.0800495258409285,0.0192021982631923,0.1503559830386792,-0.0431335377861894,-0.1278503674108074,0.2358856203398367,-0.1226203908389587,-0.1273827448780716,0.0397641574115454,-0.1211659136368284,-0.0597219830457826,0.0944621464669587,-0.077710791578124,0.051676178410417,0.026595165686371, 4.0           , 4651.0       , 221.0         , 8409.0       , 5.0                 , 11683.0            , 232.0               , 23164.0            , 1.11             , 2.51            , 1.05             , 2.75
NUWAKOT        , NUWAKOT        ,2019, 2075/76, Bagmati Province      ,-0.0053645423755772,-0.1425326744479864,0.1669640418978749,-0.0836013563229786,-0.0206042690396171,-0.0650451974555526,-0.1073731598339611,0.16570732144181,-0.0114266769912543,0.113308250211329,0.04811761528317,0.0100879338971407,-0.2719218210712564,-0.0142486816556856,0.0349812253015807,-0.0753758111344763,-0.1575218726977214,0.0770480745142712,-0.1307687451753965,-0.1588970742647477,-0.136358178082005,0.0764549897894985,0.1142405259082824,-0.0900468986689293,0.0745120350565572,-0.0004299473558082,-0.0295896498903261,0.0184545920917464,-0.0855058756521584,-0.0222346984346944,0.0340705599882665,0.2144134215398863,0.0301493388755567,0.007907455000128,-0.0920250571358368,-0.0454195588649592,-0.0703328219723282,-0.0045783602492162,0.0524020371811224,-0.0060409781865163,-0.0058287056112461,0.0182367315745671,-0.1846559095651568,0.094929107882107,0.0980107219493166,0.1175668302547433,0.0261819193328315,0.2370989600781193,0.0005506881465949,0.0671608830252651,0.0649483475291435,0.0272119716550515,0.0715607225302264,0.0271965098491303,0.1841615746889697,-0.1448953742838064,-0.1329004429091188,-0.0837301446935588,-0.1570502906336452,-0.1089011583032603,0.0787935545207644,-0.0300903339465547,0.0164984335722371,-0.0879646328146607, 152.0         , 16879.0      , 5158.0        , 4134.0       , 196.0               , 59650.0            , 6382.0              , 14069.0            , 1.29             , 3.53            , 1.24             , 3.4
OKHALDHUNGA    , OKHALDHUNGA    ,2019, 2075/76, Koshi Province        ,3.391331835470122e-05,-0.1402276640736345,0.1713442519640227,-0.0840610290134672,-0.0585335217000301,-0.0584405008026016,-0.0796700688545673,0.1665464751041645,-0.0109511318749494,0.0874920938719395,0.0761941427855306,-0.005276156325259,-0.2734622889734498,-0.0554476825133881,0.0280615368044367,-0.061800178220231,-0.1437011957102784,0.0961541554349101,-0.1275553057737364,-0.1856230406537238,-0.1281792427983231,0.0878082100330227,0.1119074256464675,-0.1199827299516788,0.089345161969224,-0.0288096324984621,-0.0115436382814275,-0.0002572002428351,-0.1244764664834509,0.023734489426719,0.0543988348648666,0.1698976226295893,0.0868552905574989,0.0390851909183707,-0.1435733328198437,-0.0328721594592163,-0.0623052076173802,-0.0269547613102824,0.0185430228491014,-0.0394626237083253,0.0022145661573747,0.0291967782069136,-0.191304056145208,0.0936901233601646,0.0766231937307129,0.1377696268249077,0.0071331816482852,0.2442838254939554,-0.0140238919911443,0.0251211617874003,0.0645767513598273,0.014563342090837,0.0941104482415026,0.0413967116412492,0.1272030683751943,-0.1144619264812126,-0.0826613557415319,-0.0782080576076412,-0.1224246645518763,-0.1854991033599821,0.1022706278019792,-0.019003945436034,0.0046436517273341,-0.0871130626368162, 88.0          , 12937.0      , 7988.0        , 2210.0       , 149.0               , 33352.0            , 15285.0             , 4611.0             , 1.69             , 2.58            , 1.91             , 2.09
PALPA          , PALPA          ,2019, 2075/76, Lumbini Province      ,0.0382924233582275,-0.1043961718065212,0.1694977684975389,-0.0501466122335618,0.0078584268395192,-0.0717460116352921,-0.1343215132515942,0.2115718595322988,-0.0116405578150096,0.0754128530660061,0.0460711537037175,0.043308749804025,-0.3155352238843819,-0.0027591259265841,0.0322505182474472,-0.0522450041456845,-0.1459717701631295,0.0827935168675252,-0.1194367902611064,-0.1260495980787887,-0.1759152993153758,0.0852874149179122,0.1539227270978463,-0.1090909220942834,0.0744467907628053,0.0159742195318641,0.003990466344645,0.0287335574773981,-0.095459533805993,0.024718403337867,0.0613763878129147,0.239270757678249,0.0864878145338622,0.0113131069183993,-0.0770841661793796,-0.0044106963716067,-0.0905644880503363,0.0206006289955933,0.0786826486713358,-0.0201607962052465,0.0140952756868467,-0.0112618091844932,-0.1585882290299084,0.1430296633966123,0.1237307899085344,0.1168676197833971,-0.0005027321367968,0.2343527743160837,-0.0195598919261577,0.0854377867966309,0.0833010119367032,0.0298173540654708,0.0358589064651069,-0.0159090373385086,0.1792536333103255,-0.1440722174430971,-0.1267515783755431,-0.0530617323038227,-0.1182178047520287,-0.0869352340152133,0.1073712795291507,-0.0605539095078924,0.0274564877693814,-0.0770439015789054, 19.0          , 21031.0      , 2634.0        , 5741.0       , 33.0                , 48624.0            , 2792.0              , 14710.0            , 1.78             , 2.31            , 1.06             , 2.56
PANCHTHAR      , PANCHTHAR      ,2019, 2075/76, Koshi Province        ,0.0170499772124029,-0.1366331320346201,0.1544390237950567,-0.0898483886975157,-0.0319064650502559,-0.0420463562724597,-0.0985040930179602,0.1476200834770548,0.029257787040068,0.1138197968240295,0.0993185317904848,-0.0146965373494403,-0.2762789525285871,-0.0413516867889016,0.0249514232542979,-0.0414124147679329,-0.1345520750475416,0.0644733357480741,-0.1243964685680957,-0.2072840268115131,-0.1286028579111026,0.1019509209139216,0.1252847092329691,-0.1355767138281662,0.0733098282196738,-0.018898816390213,-0.0251055124212709,-0.0195698819850439,-0.1268845592464081,0.0397721017152141,0.0084608550256624,0.1635420943651483,0.0683104880544322,0.0450721477919673,-0.1226499525629723,-0.0456890765076373,-0.0797220572997607,-0.0261119086333052,-0.0036937749986006,-0.0490998246550079,0.0351782742337893,0.0321593020694654,-0.1908045439950432,0.1388538009028815,0.0582971649837136,0.1247754673493463,0.0116241190253049,0.2694730867065451,-0.0085348083541564,0.0476449661829868,0.0594069513689534,0.0056652469757638,0.098666286674708,0.0545697412798029,0.14101883045614,-0.1609494305852295,-0.0549406497677048,-0.0819034679378306,-0.1221938720722444,-0.1899673309517059,0.0851961632326101,-0.0123371912141916,0.0161727928452985,-0.0746612066853689, 302.0         , 18879.0      , 4751.0        , 3055.0       , 405.0               , 37418.0            , 9092.0              , 7419.0             , 1.34             , 1.98            , 1.91             , 2.43
PARBAT         , PARBAT         ,2019, 2075/76, Gandaki Province      ,0.0024145471517025,-0.1342977266782281,0.1863420083353985,-0.0793100319896504,-0.0048171404300345,-0.0773905666860544,-0.1216247695854894,0.1733047515287617,0.013164586627833,0.110054780275548,0.022130087292272,-0.0009401707822264,-0.2646285163674672,-0.0029220044069112,0.0454671629495628,-0.0871895819431628,-0.1659086226298631,0.0823560875708706,-0.1039784217870883,-0.1721281583781936,-0.1203908452477158,0.0438428927063393,0.1273906556681741,-0.1054634377238441,0.0884960744810872,-0.0104692166799031,-0.0522944127963773,0.0217273137919178,-0.0794008755989064,-0.0306821751940599,0.0293134352463661,0.2441419347336458,0.0360357518675629,0.0011634543360484,-0.1152740766365543,-0.0557229635042743,-0.0529170680400936,0.0107978424612742,0.0437557907675689,-0.0019978270147867,-0.0021240959928925,-0.0187559935165751,-0.1752496786941587,0.078168051768093,0.1056993395553181,0.1041623283695258,0.0295685199885629,0.2312321587359111,0.0538125606890254,0.083776221776974,0.0845055969132265,-0.0003672627314996,0.0417384774786974,0.0399936250545722,0.1630101694996542,-0.1391731455430062,-0.1461312284606464,-0.0782558578805423,-0.1670648405502311,-0.1182259214139971,0.1013935474628721,-0.051342417884973,0.0115577075726844,-0.1038968789267657, 79.0          , 13673.0      , 8502.0        , 2646.0       , 104.0               , 31721.0            , 7997.0              , 6775.0             , 1.32             , 2.32            , 0.94             , 2.56
PARSA          , PARSA          ,2019, 2075/76, Madhesh Province      ,0.0381101258267375,-0.1470904080682636,0.1232596047965343,-0.0276321848545673,0.0150518718671944,0.0254529957730206,-0.0553662980939711,0.1515863211689822,-0.0586647234596455,0.144404504539621,0.1210420221628824,0.1008570536858693,-0.3245096786245791,0.0261256231280497,0.0185139875790634,0.0621580313371678,-0.1619982986517971,-0.0035480914345556,-0.0848876680576699,-0.1047362700827792,-0.1851663720153689,0.2337331212999539,0.1577129404180337,-0.0461830223156262,0.0530948410851759,0.1052041313177212,0.0208090555709388,0.0572238090221874,-0.0532276020628605,0.0506044674931913,0.0767567655188119,0.0833395553473612,-0.0048871164670968,-0.0606256434465778,0.1001301179062258,0.1011551671501439,-0.1978097069744493,0.0178706811922855,0.1312315176429189,-0.0780213845783388,0.0701951690980173,0.0042045149459219,-0.1536873385208723,0.2401577476869757,0.0684059202675684,0.0949423425866319,0.0407819927086867,0.1465002897658601,-0.1130242047297092,0.0894583171502372,0.0121360533883607,0.1171996488564326,-6.286708900187161e-05,-0.1137108758541279,0.2294816954286602,-0.1176122905138511,-0.1278158293836271,0.0281032219331021,-0.1157948355696257,-0.0582503772563573,0.1215873249386699,-0.0739336374056334,0.0562288813883356,0.025926020756403, 30.0          , 4412.0       , N/A           , 21981.0      , 41.0                , 16973.0            , N/A                 , 78563.0            , 1.37             , 3.85            , N/A              , 3.57
PYUTHAN        , PYUTHAN        ,2019, 2075/76, Lumbini Province      ,0.0195353342178206,-0.1394271489947817,0.1659141226995966,-0.0596877303752173,-0.0265703831547707,-0.095717805798987,-0.130561294681338,0.1924228159287288,-0.0279390734169332,0.0449237904450624,0.0480323919344305,0.0352740206526882,-0.2753287931190007,-0.0035842228481342,0.0396209385358263,-0.0264300870338673,-0.1318489062961379,0.0975316441427625,-0.1007447502717586,-0.1628231623731994,-0.1131070730454664,0.0334378764151489,0.1643942437903065,-0.0938798517076511,0.0514734961066476,-0.0481772871520973,0.0068735808824329,0.0674875902798269,-0.0878463571586947,-0.0038951253337274,0.0683898280424049,0.2226590613206282,0.0663831941181285,4.964856988192749e-05,-0.1228760454715114,-0.0368283148315621,-0.0492897756043058,0.0210424811351454,0.0622264265454654,-0.0449717555321881,-0.0137112750712964,-0.0345281820841761,-0.1612131231998128,0.0908110673210188,0.1235903301378981,0.1262874470184578,-0.0257543780951567,0.2161624442543254,-0.006553668627052,0.0655825241289331,0.0649435442188518,0.0211049015539939,0.0473591429082978,-0.0080471708546704,0.1815718130106276,-0.1062301518458752,-0.1207357755625433,-0.0825969012281263,-0.1346764587704334,-0.1319642584479904,0.1641266377747756,-0.0545848433589402,0.0303349792757306,-0.1151816415803253, 467.0         , 11354.0      , 2088.0        , 8036.0       , 762.0               , 25172.0            , 2324.0              , 24885.0            , 1.63             , 2.22            , 1.11             , 3.1
RAMECHHAP      , RAMECHHAP      ,2019, 2075/76, Bagmati Province      ,-0.0138408599401719,-0.1561853436985122,0.1373204166867468,-0.085152897406461,-0.0671483550974843,-0.0440266615069178,-0.0551708751706667,0.1363089649463535,-0.014992039757971,0.0978526517912074,0.0916039620521659,-0.0092644402198055,-0.2384045763735881,-0.0426654519912067,0.0118397633905861,-0.0515864791594563,-0.1453330849997109,0.0927674202320681,-0.1254970533441723,-0.1961436122185864,-0.0998415597195581,0.0719110207356358,0.1161921579196552,-0.1199931257068634,0.0742064222128732,-0.0285015415401154,-0.0087448413161031,0.0137238869033826,-0.0986204294077785,0.015861989506952,0.0462259459747549,0.1864987714226404,0.058634109632044,0.0361960784227422,-0.1284015764117367,-0.059151922111696,-0.0633474395222753,-0.038113021943882,0.0006971726726386,-0.0295196974553785,0.002197960933859,0.0328473830127416,-0.1888299312705366,0.0720499537877213,0.0696527300047598,0.1407501352739428,0.0138244218714613,0.2136431725409461,-0.0239933616544604,0.0239726280982008,0.0612956349476046,0.0168861401189708,0.0890835586370972,0.0576048349376291,0.1347741309957082,-0.1172413362565864,-0.0928419214477804,-0.0934264019193294,-0.1189909725149834,-0.1800473494880265,0.0650689607198947,0.0146247072515914,-0.015882343417785,-0.0802594002701611, 62.0          , 22034.0      , 4933.0        , 3899.0       , 80.0                , 63370.0            , 5701.0              , 8816.0             , 1.28             , 2.88            , 1.16             , 2.26
RASUWA         , RASUWA         ,2019, 2075/76, Bagmati Province      ,-0.0424840904231312,-0.1996134809203405,0.0393320720841828,-0.0752073484897397,-0.0926543911126161,0.0052773551166383,0.0372202947028814,0.0768428019988346,-0.0123442714918011,0.1466603057866475,0.0759945990598732,0.0197132676854825,-0.0889763606678177,-9.999975804368468e-05,-0.1006943036100369,-0.0363728341970467,-0.0972990792584084,0.0813413387725624,-0.107397511724772,-0.1930578123969565,0.0534877664673944,-0.0305274943750726,0.0941025911730656,-0.0950620770218914,0.0384933905721439,-0.0524157449275657,-0.045825318674717,0.0368771120654545,-0.0389652859608348,-0.0365619871740382,0.0080589030868421,0.2054830191372126,-0.0379434376720447,0.0177223532235914,-0.1062650974846508,-0.1420386833948047,-0.0522918684011083,-0.0731662113984173,-0.0474718476313449,-0.0424301251689009,-0.0083959352666664,0.0427703294933754,-0.1406286078360495,-0.0446260204317811,0.039228939563984,0.1540260864805238,-0.0168000265750937,0.1864361958871315,-0.0295115344907193,0.0616988611535745,0.003454774277125,-0.0019193050333171,0.0604537916214273,0.1263044197489808,0.1994562146872421,-0.103746858637272,-0.1457694253502016,-0.1485839835391485,-0.1246046850305411,-0.123512671865502,-0.0165111221334864,0.1426295097622825,-0.083858657080769,-0.0530238177663974, 254.0         , 2507.0       , 831.0         , 701.0        , 324.0               , 6017.0             , 890.0               , 1371.0             , 1.27             , 2.4             , 1.07             , 1.96
RAUTAHAT       , RAUTAHAT       ,2019, 2075/76, Madhesh Province      ,0.0050008272488322,-0.1329451468199927,0.1309038074506531,-0.0038811730745362,0.0146619091782237,0.0530302097090087,-0.0248362747959711,0.1075721623561991,-0.0863192916764905,0.1441783446909737,0.1524895991986775,0.0656998298479141,-0.3141456447457585,0.0141479628698041,0.0539997227742217,0.0659842064855276,-0.1848601226011766,0.0032711470270125,-0.1000226450353658,-0.1337920973921073,-0.206689097288257,0.2665455258600146,0.0781629383237968,-0.0208675259807862,0.0547333752726395,0.1454853557773613,0.0578760396636626,0.0547971457695956,-0.0441250338785241,0.068633102123566,0.0809988109849695,0.064434465346701,-0.0083287169168806,-0.0171097575065149,0.1153468160481913,0.1472542201104172,-0.1984604753430633,0.0160605539291866,0.1111291390321371,-0.0347637334121748,0.0770370380417905,0.0489215258916941,-0.1738059676026293,0.1900574263202148,0.038492440196231,0.106252457621722,0.0728994945113341,0.1142082806460906,-0.1245274326841816,0.086161900601053,0.0104099044422117,0.16344691173411,-0.0367636890519587,-0.1240341638843193,0.247433368317635,-0.1351147860559273,-0.1213353415586207,0.031803841692007,-0.106209809911878,-0.066642370661306,0.0803363992190814,-0.0602384990164902,0.0545711433374061,0.0651917473047735, 3.0           , 3416.0       , 66.0          , 14982.0      , 4.0                 , 10907.0            , 70.0                , 53719.0            , 1.38             , 3.19            , 1.06             , 3.59
ROLPA          , ROLPA          ,2019, 2075/76, Lumbini Province      ,0.0143889820560541,-0.1515837211511221,0.1520707960364167,-0.0578156171875102,-0.0413064678530757,-0.1020347525307811,-0.1296669040227668,0.1801298160729825,-0.0138911140406646,0.0420967677592544,0.0402959702890724,0.0144738019281766,-0.2445153194502543,-0.0064478768264884,0.0252616266907569,-0.0377762135678945,-0.1463089596467649,0.1023281159012253,-0.0989676376197109,-0.1870940568422146,-0.0538448184674762,-0.0308792455286099,0.1574923855181467,-0.0948801364451062,0.0467685757334435,-0.0670160310873028,-0.0106799720654062,0.0479202971934929,-0.0772041043533042,-0.0120465418225284,0.0547398861857938,0.2220311057130507,0.046392427247701,0.0306485080667675,-0.1457281209522788,-0.0548315607126359,-0.0347195315020329,0.0058901245940835,0.0354477435749593,-0.0583828574791613,-0.0288493013624437,-0.045329278002578,-0.1564753008181157,0.037963227220726,0.098342904127534,0.1225555645971287,-0.0410516600353147,0.2230269768051642,0.0225026134609531,0.047003695728954,0.0735301758599495,-0.0278827655551599,0.0542572578192285,0.047904158854604,0.1515036402967254,-0.1188674026905217,-0.12498753416296,-0.0893789753661217,-0.1563546332306807,-0.163134624160656,0.1505552850556099,-0.0312320427675216,0.0003543632476833,-0.1204909742920304, 560.0         , 13264.0      , 1024.0        , 8417.0       , 654.0               , 34314.0            , 1162.0              , 24693.0            , 1.17             , 2.59            , 1.13             , 2.93
RUKUMEAST      , RUKUMEAST      ,2019, 2075/76, Lumbini Province      ,-0.0229122376709724,-0.195707331045081,0.1024199845557642,-0.0875173231854558,-0.0933236215562559,-0.0478876292965204,-0.0411153244459683,0.1290774913849409,-0.0105399575540508,0.0927588762124911,0.0327086336126719,0.0021669923008347,-0.1190516605923865,0.0006650291113527,-0.0530286996199554,-0.0101443933079555,-0.1370025364667245,0.1111049749666673,-0.1149629939321995,-0.169122629618641,0.0588855155237266,-0.0555768185015598,0.1166249750619627,-0.0934799946537689,0.0164347170337421,-0.0860663898591242,-0.0201103904403911,0.048319183349238,-0.019799709490704,-0.0169527705865604,0.0385992938730198,0.2215400177596014,-0.0261079139982389,0.0479414035625573,-0.1203057971026443,-0.1141194581745956,-0.0131137373091794,-0.0264594154943266,-0.0328033766327707,-0.0673938078384158,-0.0595516721034431,0.0091067733205656,-0.156978851083204,-0.0547363085614096,0.0526155839710469,0.1434914300102578,-0.0101501502034384,0.1668681413500261,-0.0151440673946306,0.03144373638475,0.0413177949757434,-0.0384406573850897,0.0382564248903467,0.1424975138599346,0.1761562485341882,-0.069512351812722,-0.1602089490604433,-0.1439422211691408,-0.1544118797216208,-0.1157546290034556,0.0317117107321301,0.0726867454497796,-0.059345805812432,-0.0686237522208026, 413.0         , 8469.0       , 458.0         , 5466.0       , 521.0               , 19834.0            , 614.0               , 13725.0            , 1.26             , 2.34            , 1.34             , 2.51
RUKUMWEST      , RUKUMWEST      ,2019, 2075/76, Karnali Province      ,0.0108335016065944,-0.1765804784865979,0.146321646611002,-0.0742169138576543,-0.0593079870643274,-0.0798426402160042,-0.089130878990803,0.1751830241289801,-0.0157418759808581,0.0548286555087973,0.0406221098969243,0.0197413645216964,-0.1873086382255622,-0.0076461410320651,0.0203393148778158,-0.0403585448497656,-0.0926120297759425,0.1106374135401636,-0.1134488350843184,-0.1886527831906488,-0.0047495374026084,-0.0492737649175803,0.1214754321671911,-0.0830156790287377,0.0534930739654311,-0.0710523599134174,-0.0126108384009335,0.0352336800499488,-0.0341759067901335,-0.0044949419311497,0.0312182101830386,0.2055259480267103,0.018438770094292,0.0411399344081146,-0.144786125985058,-0.0919633521147335,-0.0160199504083781,0.0039375239798698,0.0107101084444042,-0.0565531217687292,-0.0223901099889075,-0.0219140616616956,-0.1352310154638485,-0.0031359687858051,0.0778937565606026,0.1339596741375282,-0.0330365473161501,0.2157182287796434,0.0367710954533178,0.0577356229280189,0.0447891543134716,-0.0317579756570933,0.0395957898937084,0.0849630244877523,0.1787268511590808,-0.0767879788418649,-0.1417877259906045,-0.125607699354365,-0.1433457235009404,-0.1287752729815154,0.1243881480643888,0.0131879543371142,0.0065314728136293,-0.0817985819189564, 399.0         , 8469.0       , 463.0         , 5466.0       , 499.0               , 19834.0            , 609.0               , 14771.0            , 1.25             , 2.34            , 1.32             , 2.7
RUPANDEHI      , RUPANDEHI      ,2019, 2075/76, Lumbini Province      ,0.0255944369968872,-0.1260176217507564,0.14277049054525,-0.0020846227840209,0.0603610638226536,0.0508815713220762,0.0111910534019539,0.132456906572022,-0.1013685801345643,0.109381590321598,0.0843822909274912,0.1059918504300603,-0.3206760280794556,0.092001261459812,0.0762692323946855,0.0592761340186376,-0.1555716079300519,0.0347084037028654,-0.1199975372690617,-0.1702606659452075,-0.179634864441042,0.2157877517554901,0.100390231938818,-0.0203583632338429,0.0278490211893984,0.1358303222620812,0.0522521373770473,0.0739789559812525,0.0177873738948275,0.04924638096093,0.1002701882908209,0.0929157941795873,0.0152789963207972,-0.0520649178941272,0.1132766981492985,0.1395013512541643,-0.1815137695899723,0.0368223340913646,0.1123374191341529,-0.0045652634553825,0.0954845309502331,-0.0075208274405186,-0.1713843869972063,0.1614608056105492,0.0546821860783895,0.1047546672286296,0.0855888423335155,0.0935675269454491,-0.1792054046645398,0.0720333701335332,0.0087300002033882,0.1711300804210818,-0.0823067181504232,-0.1417524276823484,0.248589773187786,-0.1166644704040766,-0.1218616568175578,0.0480016904906718,-0.1301221292889443,-0.0629655868210473,0.0896396064231592,-0.0630669241711951,0.0431592046089848,0.0482656505561416, 75.0          , 2691.0       , 41.0          , 26460.0      , 194.0               , 10522.0            , 46.0                , 91832.0            , 2.59             , 3.91            , 1.12             , 3.47
SALYAN         , SALYAN         ,2019, 2075/76, Karnali Province      ,0.0285782005540012,-0.1392415404638093,0.1573879229150537,-0.0691352765001401,-0.0261617138542221,-0.0897797689362552,-0.1339546023145973,0.18054754331777,-0.0290978354806911,0.0283737080868508,0.0708657233892807,0.0473665529614024,-0.2918828937803045,-0.0095387506632357,0.0573562996310771,0.0067698411641796,-0.1338056258673329,0.0842581301201734,-0.0980593982495939,-0.198704104705471,-0.1258072910566064,0.0243107967624967,0.1941324869175128,-0.1091091910923223,0.0416354898924195,-0.031159219177303,-0.0015103235823616,0.0766506964405919,-0.073424277237833,0.0193229118150383,0.0631543285394882,0.236826518202438,0.0805865304695638,0.003402548424357,-0.1210667597326522,-0.0291770269837118,-0.0565482078154631,0.0362054173889146,0.0706407359415878,-0.0520552993427062,0.0003794973915381,-0.0510536790341864,-0.1580150740591579,0.1137968714363381,0.1355775177773973,0.1073933837774968,-0.0305281400941565,0.1990870207853896,-0.0163016437639248,0.0442852904205627,0.083568604444123,0.0235940087181824,0.0585773977808349,-0.0099113953296942,0.1530031313574596,-0.1193434936329922,-0.1144085085833013,-0.061145889706351,-0.1199499686720842,-0.1493582861601602,0.1819471576999671,-0.0745777164543891,0.040027076235178,-0.1157536469275326, 952.0         , 20679.0      , 1015.0        , 13914.0      , 1270.0              , 47334.0            , 1126.0              , 32327.0            , 1.33             , 2.29            , 1.11             , 2.32
SANKHUWASABHA  , SANKHUWASABHA  ,2019, 2075/76, Koshi Province        ,-0.0180887762294876,-0.1704828369541669,0.0802458787681291,-0.0879794247681532,-0.0425644049866293,-0.0241686006645861,-0.0303829153827579,0.0976204332580709,0.0324549152621461,0.1563417062172256,0.0835562175344372,0.0204291908892656,-0.1559141940785152,-0.0125440062767725,-0.0627689599939969,-0.0484246593787908,-0.1248560642136363,0.0612291709014083,-0.0896094665866444,-0.1938768422133953,-0.0094847887196413,0.0408126254742868,0.0776209450470632,-0.100571964424185,0.0561298879380491,-0.06717105093228,-0.0631454031536331,0.0031200567756583,-0.0861453442907626,-0.0465534934186024,0.0138494214955026,0.1646960583437112,-0.0035320801036719,0.0268213340619016,-0.1239787708823896,-0.0878180195891792,-0.0581370260104788,-0.0517771886188593,-0.04520469577997,-0.0454815507722556,0.0093262544139269,0.0457773617412646,-0.1612099422027294,0.0264686459643452,0.0207738712932706,0.1571361130954712,0.015104193158791,0.2228599078073679,-0.0031954605971427,0.0706341534199225,0.0101245693895833,-0.03119878626858,0.0844819996244085,0.11098294083778,0.1791242584830788,-0.1267871511457389,-0.1289814263586435,-0.1186480214385524,-0.1224512099725165,-0.1723897847851909,0.0402464220557662,0.0969271881533896,-0.0405940921571318,-0.0720820073346617, 15.0          , 12457.0      , 6663.0        , 715.0        , 17.0                , 24154.0            , 8456.0              , 1608.0             , 1.13             , 1.94            , 1.27             , 2.25
SAPTARI        , SAPTARI        ,2019, 2075/76, Madhesh Province      ,-0.0100785768742684,-0.1343174914997281,0.1495380403408268,-0.0414517741387387,-0.0208548593637809,0.0738733303572112,-0.0018269550052681,0.086006386900856,-0.0411071774538985,0.1700269115388275,0.1346851499697457,0.0288459734468275,-0.3125583379206277,-0.0292877894538244,0.0723141896658052,0.0780989657209482,-0.2051952946033384,0.0211355405172479,-0.1143829385462432,-0.1053477188783908,-0.2104670002196591,0.2767981496536412,0.0304382868764794,-0.0292458312617904,0.0875388554924997,0.1220889522306244,0.0311764338714732,-0.0024582446084769,-0.0984898915153689,0.085124381259401,0.0954783904825278,0.049914098586924,-0.0186072870240282,-0.0326249550560255,0.074472902550155,0.1770217572600864,-0.1923771222467792,0.0386549668653735,0.1326637607812317,-0.005492207457116,0.0502873560916017,0.0478353368395412,-0.1951301951199681,0.2039389218678818,0.009262789157251,0.1089018486697301,0.0728180470687907,0.1040721897971298,-0.1153028783071947,0.0701486931878217,0.0650619026754533,0.1860607928943291,-0.0240080639240564,-0.0904677195345024,0.2151130440238076,-0.1061461534537205,-0.0921756964604179,0.0334710956660145,-0.1000828429048442,-0.1264728592207043,0.0571790978737493,-0.0561243734562574,0.0226982384263237,0.066341858105089, N/A           , 3854.0       , 189.0         , 15273.0      , N/A                 , 10999.0            , 241.0               , 53103.0            , N/A              , 2.85            , 1.27             , 3.48
SARLAHI        , SARLAHI        ,2019, 2075/76, Madhesh Province      ,-0.0038075207128951,-0.1236937842070132,0.1351241988714408,-0.0036399789014472,4.639221293872185e-05,0.0538199874274674,-0.0336561234122787,0.1157125812338124,-0.087620077662759,0.1419255060774936,0.1542088409895809,0.0557275207418749,-0.3187657968867559,0.0077341941782707,0.0470374053734284,0.0772909867020355,-0.1836346589577539,0.0081735382329057,-0.1070173201844181,-0.1168263959235263,-0.2340871494582456,0.2827650288642347,0.0839750455452473,-0.0348663128581042,0.0606397072906571,0.1430776279900182,0.0572830689254184,0.0329697338322857,-0.0622225458229972,0.0841344854484518,0.0726957332392254,0.0664606080203148,-0.0134402731959292,-0.0028448548080344,0.1086537376277131,0.1383759752181699,-0.1958436583282118,0.0251271042843633,0.1087911107821876,-0.0411749406349822,0.0750073353781611,0.0630904378982886,-0.1725325347077388,0.2179943683891947,0.0344373928140695,0.126478998768966,0.0748998077459055,0.1130512969149134,-0.1158557575242978,0.075507025788732,0.0156427284871259,0.1598348834871414,-0.0121270075844662,-0.1076221251783114,0.231778747213527,-0.1408240258475959,-0.1115874371434281,0.0170735358726493,-0.0951584660028439,-0.0943001852158828,0.0677315529181647,-0.068242658004838,0.0591104221430231,0.0547700898513453, 62.0          , 11123.0      , 747.0         , 22462.0      , 69.0                , 36050.0            , 653.0               , 74138.0            , 1.11             , 3.24            , 0.88             , 3.3
SINDHULI       , SINDHULI       ,2019, 2075/76, Bagmati Province      ,0.0445841393179093,-0.1218144234560968,0.1602806706002046,-0.0582834177105761,-0.0090126914670736,-0.0387759816724836,-0.1121887442587744,0.1710715557608299,-0.012913442057641,0.097718793693705,0.1166477088060679,0.0543889976176988,-0.3264968401342448,-0.0445743513154633,0.0266927110763419,0.0081354340579391,-0.1082102141779025,0.0580626039057107,-0.104676978431002,-0.1296837414301755,-0.1818850438376542,0.1802132471872259,0.1345397894398435,-0.1064730237474087,0.0701464793868707,0.0083974160314921,0.0062819344027134,0.0027543993559777,-0.1375105360867785,0.0536005084337757,0.0722084199008739,0.1476508290389595,0.0741118940448434,0.0078266371250596,-0.0727630295385126,0.0318489955182678,-0.1434997996261614,-0.0055428850474969,0.045687036670376,-0.0641815595719837,0.045935079967228,0.0357239771997677,-0.1466100950148048,0.2267600287388027,0.074871822114998,0.1314579889979387,0.0098074220720813,0.2239458859736955,-0.0383810769782746,0.0507960956832685,0.0394444957519432,0.031896802977869,0.070243091189161,-0.0174866206191227,0.178845290275899,-0.1351535053681425,-0.0925159040142735,-0.0419612339752573,-0.0753712095385345,-0.1520798701852531,0.1276249315672911,-0.0483957189584107,0.0395616963826905,-0.0393901265188375, 42.0          , 25136.0      , 11801.0       , 5645.0       , 66.0                , 80284.0            , 12954.0             , 17318.0            , 1.57             , 3.19            , 1.1              , 3.07
SINDHUPALCHOK  , SINDHUPALCHOK  ,2019, 2075/76, Bagmati Province      ,-0.0259805270648753,-0.1706990543383448,0.1123478818746429,-0.08957407466496,-0.0469025421270412,-0.0355778653754133,-0.0416183900424454,0.1170372961125753,-0.0058903488344041,0.1398902009859413,0.066191189165055,0.0014947228411271,-0.1935503344239056,-0.0101304591550813,-0.031508012952688,-0.0586904235933805,-0.1442291542570106,0.0687133020308685,-0.1126498347733945,-0.1968158760129309,-0.0419215470087168,0.0396040911539818,0.1033083775005381,-0.1173056402597592,0.0594637546858376,-0.0407871163669908,-0.0340298905375825,0.0157514491054431,-0.082079928152515,-0.0338005434110098,0.0268764354919855,0.1963479129930788,0.0078547287602676,0.0256426860582905,-0.1247196756246667,-0.08765760413322,-0.0539683401539837,-0.0431674006790689,-0.0224821289673977,-0.0277026461705157,-0.006101842937332,0.0409997905568785,-0.1776582598732697,0.0349831318137829,0.0529584223393708,0.1460027682297289,0.0070679573790174,0.2170829272352138,-0.0046068920257309,0.0558171568820623,0.0326447079629116,-0.0118112505489918,0.0793107431804873,0.0906593486250317,0.1618171944466358,-0.1320745075241193,-0.1259561742689206,-0.1180336647844721,-0.142636254842166,-0.1544418958802161,0.0486204181653226,0.0531127285547573,-0.037061318413002,-0.0754574377080724, 172.0         , 24687.0      , 16659.0       , 6927.0       , 199.0               , 69445.0            , 21853.0             , 8058.0             , 1.16             , 2.81            , 1.31             , 1.16
SIRAHA         , SIRAHA         ,2019, 2075/76, Madhesh Province      ,-0.0131672539568533,-0.1241759655689553,0.1444024852165957,-0.0240653084998848,-0.0210418812949761,0.0657675980071018,-0.0065307223984675,0.1000859951228901,-0.0700802768099682,0.1397231817279538,0.138045642522719,0.0431606057442132,-0.3338587739211018,-0.0084288736914877,0.0726780906342803,0.0859381950492122,-0.1868223191881012,0.0404706984074133,-0.1249939299373271,-0.1309681455857405,-0.2327696235539567,0.2879260578936762,0.0631702752484174,-0.0336622994326793,0.0759360210660395,0.1295748997447323,0.046193825817972,0.0182397909016013,-0.0854245967231548,0.0940732110803658,0.0964132536165055,0.055191555239459,-0.0029135215728273,-0.0325064364978196,0.0936499468749449,0.1509080929931233,-0.1875927555817958,0.0442922136609854,0.1139339817608846,-0.0232584136108934,0.0545174807485026,0.040772166002953,-0.1962421192631474,0.2134358789986674,0.0219998126492563,0.1367126702279576,0.0791530064305839,0.0901876653425344,-0.1280311280641691,0.0623255147001028,0.0424883506868868,0.1867549082758016,-0.0195864390965115,-0.0930008706617729,0.2148792629197788,-0.1165322090991899,-0.0964301507766789,0.0269883347130612,-0.0878297263818462,-0.123637412634289,0.0751785675376616,-0.0678263878412986,0.0432614384978559,0.0574883985097348, N/A           , 3816.0       , 445.0         , 11777.0      , N/A                 , 8895.0             , 446.0               , 39955.0            , N/A              , 2.33            , 1.0              , 3.39
SOLUKHUMBU     , SOLUKHUMBU     ,2019, 2075/76, Koshi Province        ,-0.0486013486962409,-0.1836475186746111,0.0191459695876794,-0.0794085230966061,-0.0953560057988491,0.010342967078478,0.0245271629283134,0.0547308492501142,-0.0090723554994428,0.1537298031724184,0.0995742541511595,-0.0025670465043089,-0.083221328026571,-0.0237009328269827,-0.1071721437951713,-0.0460163191456473,-0.1153677279317843,0.0857529743651299,-0.0758777540986156,-0.2126369001177805,0.0453276124239349,-0.0022899001912711,0.077507468209879,-0.1083801872663204,0.0341862369473032,-0.0734001157041242,-0.0390679819418238,0.0432949323900584,-0.0441609263210222,-0.024168811647405,0.0243052400340224,0.1863589280854124,-0.0263573221702652,0.0208387634309285,-0.1097188824278529,-0.1237840851621854,-0.0664413178636056,-0.0805572295572825,-0.0707085649566887,-0.0478105763412858,0.0141504808877316,0.0472009443514269,-0.1557657993813498,-0.0317270652195766,0.0371678909750263,0.1531025274966628,-0.0021907415955138,0.171257576747617,-0.0261003687007586,0.0574247213223826,0.0174119663345144,-0.0091953403191573,0.0770692587796517,0.1193992227860359,0.1760068167810278,-0.121169777436727,-0.1619568029103768,-0.1320843836713763,-0.1200506228009799,-0.1683468712343095,-0.0288599562260413,0.1270085343309057,-0.1138646324246078,-0.0700258472123761, 171.0         , 13528.0      , 1948.0        , 2665.0       , 185.0               , 32751.0            , 2672.0              , 5103.0             , 1.08             , 2.42            , 1.37             , 1.91
SUNSARI        , SUNSARI        ,2019, 2075/76, Koshi Province        ,-0.0008780188680659,-0.1392689914424781,0.1691592088836853,-0.0545636628149171,-0.0113691301354798,0.0679390996711438,-0.0117577917382259,0.0747435027329786,-0.0436633184049332,0.1957497692724377,0.1345666737735204,0.0289959025600346,-0.2920396546242901,-0.051649421959328,0.051438396917593,0.0644634866565728,-0.201190344703524,0.0025785047408624,-0.1058524219574032,-0.0904958315612722,-0.1965903630954656,0.2757197279446064,0.0285818273356097,-0.0186660809377037,0.0915749989694003,0.1224019423577209,-0.0008614632715901,0.0021293837201931,-0.097135772209145,0.074632899949918,0.0836249160500219,0.04569389875218,-0.0214021374642911,-0.01571434673249,0.0773711448373905,0.157217967956674,-0.183087676718437,0.0212822425020021,0.1336003921291587,-0.024827783501927,0.0490296242891094,0.0544445583373086,-0.1862604927518604,0.2220340026525348,0.0335843795123624,0.093716219475653,0.0553835849173295,0.1364205393358676,-0.0887497852450801,0.0942423180555288,0.0479812886384803,0.1563158144058991,-0.0064928633898219,-0.0810784834245311,0.2190268939451146,-0.1200411202299602,-0.0926703228198416,0.0037147428883722,-0.1109095793509743,-0.123764246907858,0.0484815263859527,-0.0610333849551553,0.0292638967012303,0.061018530717196, 10.0          , 8896.0       , 592.0         , 11848.0      , 21.0                , 24126.0            , 693.0               , 47945.0            , 2.1              , 2.71            , 1.17             , 4.05
SURKHET        , SURKHET        ,2019, 2075/76, Karnali Province      ,0.0420767578111171,-0.1207295327761681,0.150641131000245,-0.0560226188462541,-0.0038508419014859,-0.0736572886586377,-0.1150558446258887,0.1889160479396056,-0.0324195834572916,0.0406233090237875,0.0806599097258392,0.0740182988950725,-0.3070366703163894,-0.0139557473895282,0.0506030590502776,0.0178068660127902,-0.1275134286097937,0.0826749624319172,-0.08457270202927,-0.1843601669931206,-0.167364183229266,0.0964771463729374,0.1936726408736178,-0.0934712852737489,0.0410497253770513,-0.0152070433823227,-0.0085418063415641,0.0708390659496004,-0.0644587076463071,0.0072026825291089,0.0653453151324621,0.2315770043243664,0.1016665398009812,-0.0098967869343012,-0.0779887794412776,-0.0043922829479131,-0.0735439244505809,0.0462560771397876,0.0571212214228712,-0.0713957871783871,0.0255921633359966,-0.0594232608404046,-0.1361539760724385,0.1598295002298954,0.1422654925011368,0.1300333557765774,0.0023299985266273,0.1807682379914749,-0.025422801921723,0.070799343911997,0.0589412158241575,0.0401899758927427,0.0539598689821253,-0.0362310605269518,0.1479150192937803,-0.1156998056948738,-0.1242175547285957,-0.0388421536917718,-0.1070998164000005,-0.1299139503144312,0.1953871743154983,-0.0895757205974712,0.0567213496746816,-0.1099216553141793, 929.0         , 15781.0      , 2066.0        , 14179.0      , 1420.0              , 44092.0            , 2934.0              , 42122.0            , 1.53             , 2.79            , 1.42             , 2.97
SYANGJA        , SYANGJA        ,2019, 2075/76, Gandaki Province      ,0.0091077442103207,-0.1153897755026584,0.1888770032055602,-0.0589664004746262,0.0172754145755178,-0.0829356098986104,-0.1482826893393664,0.2079270510198088,0.0068306948701723,0.0890735910234384,0.0219143394318599,0.0264112695003055,-0.2937426503003203,-0.0126727832222383,0.0424534066763578,-0.0794872967255405,-0.1715244976336434,0.0754033608894434,-0.115079332750322,-0.120840952955453,-0.1794975824028593,0.0892044337086425,0.1241026250174503,-0.0929497557508263,0.0818280985771892,0.0061543164812471,-0.030325277074798,0.0246653269984057,-0.0946991398204715,-0.0022901166065401,0.0588850907672554,0.2503104121730893,0.0546827715441779,0.0011636010094059,-0.088148134508238,-0.0093970964574687,-0.0816282631436589,0.0227160210067728,0.0849211251205425,0.0094196921620761,0.0070522138639133,-0.0077677886394593,-0.1610207749792567,0.1155756011329264,0.1241713242674592,0.1158310459637225,0.0358091130008216,0.2176660714597731,0.0079999928334738,0.0846714751418264,0.0936231254865214,0.0358626719102704,0.0320560687727909,-0.013271867367998,0.1788124609318137,-0.1444115793093259,-0.1501822557051126,-0.0519759674782457,-0.1480878095440285,-0.0743390243403806,0.0929042345232051,-0.0692738208760086,0.0254848391359449,-0.1044312215174871, 4.0           , 26457.0      , 15932.0       , 5185.0       , 5.0                 , 96489.0            , 18544.0             , 13446.0            , 1.49             , 3.65            , 1.16             , 2.59
TANAHU         , TANAHU         ,2019, 2075/76, Gandaki Province      ,0.0218323166602694,-0.0986996738590575,0.1640015211826641,-0.0441766860100738,0.0393133669271838,-0.0699136378792847,-0.171442371201198,0.2379098767434486,0.0041855704920145,0.109934580052867,0.0381555587704192,0.0585862513376126,-0.2903996577539336,-0.0126319613720966,0.0189232510670497,-0.0739624315816891,-0.137965535335108,0.0620505455361669,-0.1202989982598989,-0.089269268623116,-0.2105960290373462,0.1196188395280669,0.1094696974314203,-0.0747349076344243,0.068182823141358,0.0365268887006915,-0.0276385630673541,0.0059828811022877,-0.067382320425158,0.0186811096749213,0.0503127383277627,0.2123226685977687,0.0551821179124878,0.0176062939317017,-0.0324961374575391,0.0246971642164559,-0.1171396737672945,0.0109902982208423,0.113372611691565,-0.0030247891182839,0.0242516570143651,0.0184736302834521,-0.1395663063940993,0.1546911346833432,0.1023912985141187,0.1098699450166269,0.0389108967080281,0.2355272095295091,-0.0281953380308693,0.102771145857639,0.0839957376609032,0.0477600800942199,0.0338187475849137,-0.0330191014041722,0.2073204212284964,-0.154120770831636,-0.1496924394680539,-0.0368795361693011,-0.1446420742239262,-0.0239181636554484,0.0696420133570663,-0.0785143543034378,0.0588391935101971,-0.0738830668889891, 5.0           , 22647.0      , 6558.0        , 1682.0       , 5.0                 , 73693.0            , 5905.0              , 3821.0             , 0.93             , 3.25            , 0.9              , 2.27
TAPLEJUNG      , TAPLEJUNG      ,2019, 2075/76, Koshi Province        ,-0.0307644235544941,-0.1840424570472764,0.0412898221603539,-0.085454498487677,-0.0658844275516256,0.0046504195715782,0.0076693670757129,0.057727617049201,0.0109765280781637,0.1552683250672577,0.098407630616279,0.0032345769114132,-0.1040277616606879,-0.0204802439093815,-0.097503944491315,-0.0354446031482943,-0.1136096541775954,0.0618495803252876,-0.0891482148643122,-0.1974916201943917,0.0334191094398523,0.0228283147974113,0.0823598089056293,-0.1090224196720614,0.0309235044266262,-0.0759187611069758,-0.0472441853325516,0.0275009042332121,-0.0702910283735233,-0.0362166948563707,0.0051832899250327,0.1804159096591366,-0.0323010530049513,0.0209240003108522,-0.1167017348047877,-0.1278342870095425,-0.0671824524241046,-0.0852582484604641,-0.0713837389151324,-0.0474172530042974,0.0197960869639789,0.0586821580802125,-0.1607250141100308,-0.0062242526765421,0.0207037276496421,0.1624637778896658,-0.0007282336487097,0.1933096289513762,-0.0367932763307593,0.0577001132359914,-0.0009561180973756,-0.00759266233334,0.0772901852763826,0.118395797586855,0.1779841373210521,-0.1320706774463224,-0.1204646640255565,-0.1361823636881931,-0.1281699508625932,-0.167974248000398,-0.0209614386273525,0.1213137380750045,-0.0884755470797897,-0.0667823249235518, 265.0         , 9968.0       , 3005.0        , 1538.0       , 364.0               , 34160.0            , 4193.0              , 2876.0             , 1.37             , 3.43            , 1.4              , 1.87
TERHATHUM      , TERHATHUM      ,2019, 2075/76, Koshi Province        ,-0.0049509746679519,-0.1315995065672388,0.1842995158535223,-0.1079266180982362,-0.0269904379555384,-0.0396053896842017,-0.1110434289320188,0.1363936802559995,0.0162221268438981,0.1055210324049121,0.0828702792285416,-0.0058566631915169,-0.2766030115505513,-0.0682646300115126,0.0452612490560575,-0.0464405053979546,-0.1845709975873963,0.0629094822878888,-0.0985228523986871,-0.157409937784063,-0.1753484568076292,0.1631643588199348,0.1278222741546628,-0.1093678536001235,0.0561013129583383,-0.0308740380788133,-0.0329430688269926,-0.0108323282099978,-0.1555081155735514,-0.0217489379127894,0.0465954554790225,0.1778735357719235,0.0636159577323678,0.0169265481545085,-0.1108488234085538,-0.0069225324118245,-0.0659412468301904,-0.0386152886325631,-0.0022184990854497,-0.0202590935548043,0.019350168362731,0.0436952329402181,-0.196414611851018,0.1511269682491575,0.063121778247812,0.1639316827147668,0.0471180012910236,0.2053840613987086,-0.0411950435480494,0.0256790804926605,0.0624087031880638,0.0395935814720831,0.1096660735214044,0.0242350849600096,0.1262524437954167,-0.1578376928424315,-0.0732845045400555,-0.0699648062476378,-0.1384594205926272,-0.2171380314472844,0.0753901204722952,-0.0306362719206044,-0.0029562053197371,-0.1093283870362671, 64.0          , 12897.0      , 2604.0        , 2401.0       , 75.0                , 31082.0            , 2979.0              , 4755.0             , 1.16             , 2.41            , 1.14             , 1.98
UDAYAPUR       , UDAYAPUR       ,2019, 2075/76, Koshi Province        ,0.0417440213118636,-0.124051189005751,0.1624788744719706,-0.0675516669383619,-0.0242140259100605,-0.0189584377528521,-0.0929627164032747,0.1627446609164829,-0.0135545301533254,0.1104434219165538,0.1197794700430038,0.0526937048964787,-0.326727225110441,-0.059893651752214,0.0346272991531477,0.0205261640858383,-0.1188934623033139,0.0545569649734348,-0.101795480637505,-0.1104796304171491,-0.1936781115361518,0.2073975681838754,0.1294438796618472,-0.1012527808148021,0.0818547740434207,0.0243677108605621,0.0077311403008791,4.198928407589902e-06,-0.1357957280395584,0.0629687230767552,0.0847488808670285,0.1262680558272648,0.0777409933012178,-0.0028248724578747,-0.0453991202933947,0.0555920345102824,-0.1457011105517804,0.0025163971503647,0.066509103074084,-0.0660816427480495,0.0407108443089816,0.0410879212107103,-0.1534402629403765,0.2429284876133588,0.0660199414706261,0.1275179972602337,0.0079456612361432,0.2105428328270047,-0.0499311947150268,0.0626500998049294,0.0298798692026192,0.0579175340018344,0.065976735500281,-0.0228553042724323,0.1824234326149697,-0.1277326528902696,-0.084977347234085,-0.0363843061971384,-0.0810074665493607,-0.1591643639107726,0.1219369131804356,-0.0454315420584675,0.033760757759519,-0.0218738254554725, 33.0          , 17836.0      , 2864.0        , 5799.0       , 58.0                , 39846.0            , 5631.0              , 14020.0            , 1.76             , 2.23            , 1.97             , 2.42
ACHHAM         , ACHHAM         ,2020, 2076/77, Sudurpashchim Province,0.0128524948924433,-0.1214915751612715,0.1468597479135288,-0.0686085030867729,0.0072403354058505,-0.0269851973384368,-0.1159567462225349,0.1570576456662446,-0.0474488184758107,0.0381839312425381,0.041778187347274,0.028347798459421,-0.2760474192822456,-0.0814618604189572,0.0543297046396036,-0.0299800015840336,-0.1668528669788623,0.0890815877642401,-0.0624882826850533,-0.175421575650429,-0.0819012985194903,0.0651295151397312,0.0910557417188073,-0.093548641271457,0.0965739824327368,-0.0017276220174678,-0.09247656735668,0.0141655636062155,-0.0869672843108116,-0.0111260792353638,0.0633224734278701,0.1850721131443648,0.1114383157633557,0.0383234767126973,-0.1994899380511905,-0.0172043114890835,-0.0580301682247975,-0.022933615693431,-0.0273630325041012,-0.0268199558127173,-0.0103000569267574,0.0189037941203989,-0.1485691648861078,-0.0035520882117862,0.1476308898119058,0.1549806110544499,-0.0037006228737535,0.2446504994363569,0.0157601874486486,0.0487025293107052,0.0530173901456342,-0.0068872534027587,0.0885418074221337,0.0988249002930471,0.1237700953479259,-0.134917806267952,-0.1244042131207285,-0.0691909355901635,-0.098780330252689,-0.1098297184781871,0.1645466917966548,-0.0590583637000581,0.0199894183242629,-0.0959144540583333, 445.0         , 6540.0       , 3538.0        , 14419.0      , 564.0               , 17697.0            , 3649.0              , 30714.0            , 1.27             , 2.71            , 1.03             , 2.13
ARGHAKHANCHI   , ARGHAKHANCHI   ,2020, 2076/77, Lumbini Province      ,0.0392221246384336,-0.1033017010971016,0.1629204445349249,-0.0317791240522674,0.0122533093511172,-0.0578135796653221,-0.153410229458002,0.1627753489323304,-0.0084692304133557,0.0861371460517642,0.0496970391958498,0.042878976923998,-0.3323217799591297,-0.0320161151985658,0.0001714402871667,-0.007974359428117,-0.1510845608769162,0.0835796582498264,-0.0964465911443369,-0.1529350900401373,-0.1436670710592645,0.115695052343679,0.1452173553839303,-0.1138857200261383,0.0608122409658162,0.0254864570788109,-0.0370807929993305,0.0413016718757018,-0.1010737992350032,0.0481214209708846,0.0731248027433494,0.2048496303436595,0.093491036343266,0.0036743034629815,-0.1409025916260553,-0.0196072518552297,-0.090425071443679,-0.0159621363776239,0.0391888260894561,-0.0500245279415514,-0.004763727347113,0.0022001816281327,-0.1827951844073305,0.1207034516523363,0.1331992042032518,0.0987039581891705,-0.0383027708684516,0.243510494165766,-0.0300823623835134,0.0630410347734282,0.0420991135014777,-0.0109039628933887,0.0614371081002596,0.0152086441256384,0.1861744892957098,-0.1827032606278173,-0.1124233474384326,-0.0356805837332805,-0.0999386228685948,-0.1115381537419684,0.1316885880710407,-0.0696156555603462,0.0215854664030504,-0.0447938706375123, 200.0         , 16041.0      , 505.0         , 5451.0       , 386.0               , 51063.0            , 568.0               , 16025.0            , 1.93             , 3.18            , 1.12             , 2.94
BAGLUNG        , BAGLUNG        ,2020, 2076/77, Gandaki Province      ,0.0152592418224844,-0.1409078959145812,0.146879701370558,-0.0881204828053687,-0.0240040221716587,-0.0464390568452146,-0.0817320991257918,0.1215039429178952,0.0022789067925239,0.0871678483783204,0.0514391935411596,-0.0102846095600032,-0.227291478358605,-0.029906369322852,-0.0156424939334076,-0.040712088450863,-0.1628696643216151,0.0960389168958499,-0.0929122911567509,-0.1675602213069802,-0.0044802483066713,0.01085736159327,0.1122510705867388,-0.0885365325194958,0.0746582266910672,-0.0545552786742665,-0.0488493785644828,-0.0045332855738552,-0.1022415714414674,-0.0049581173102325,0.0310072232097939,0.2110765240172667,0.0332532910628326,0.0345892784238548,-0.1766724402149657,-0.0819292008927141,-0.0362317421250269,-0.0676594217338551,-0.0318025899312064,-0.0352544465047944,-0.0229084014244707,0.006776139287273,-0.1774413356776968,-0.0027725316413151,0.0740822920949204,0.1394818645537548,-0.0205125687155175,0.2299613735199415,0.0055127169041466,0.0585394112961864,0.0253514670027618,-0.0606489898915347,0.0782423394917566,0.1414518610269868,0.1305665342745845,-0.1384433462006505,-0.1079377398474928,-0.1049870186998286,-0.1410086960858172,-0.1593853176734479,0.0779904442354192,0.0514927889420006,-0.0421839204272897,-0.0640671287423538, 774.0         , 20420.0      , 18255.0       , 6384.0       , 1137.0              , 72351.0            , 22856.0             , 16638.0            , 1.47             , 3.54            , 1.25             , 2.61
BAITADI        , BAITADI        ,2020, 2076/77, Sudurpashchim Province,0.0294634976225731,-0.1426546874535033,0.1266533278861598,-0.1206962528398103,-0.0070914485952121,-0.0134655617254549,-0.0526696938806004,0.170333891710465,-0.0508668378003296,0.0297573075369055,0.04529296988728,0.025071900292236,-0.2796923094273384,-0.0636807828012985,0.0874764547465723,-0.0614359718320043,-0.1570546357158168,0.0688612068285492,-0.068566878463917,-0.1805438704252046,-0.0635645774662996,0.0177472345255747,0.0684823254182002,-0.0904354743477337,0.1086296719878585,0.0161847104988508,-0.1244187999804243,-0.0131054673128157,-0.0652232558352561,0.030798471323066,0.059287240678939,0.1399103968365379,0.1294658168596048,0.0709850103022361,-0.19353533937173,-0.0011813179036746,-0.0666195579960773,-0.0236336678968522,-0.0259557734056994,-0.0103602800626882,-0.0170653542148548,0.0550206134265752,-0.1126696580316681,-0.0415288114311969,0.1222047939537417,0.1760804919491671,-0.001184421041646,0.2854808669483062,-0.0130155089973605,0.0014513031689097,0.0541189910429151,0.0004984432417949,0.0973066181057843,0.1490345841891164,0.1195165718051651,-0.1248603172981365,-0.1191205773020718,-0.0777555568634823,-0.090734954692311,-0.0920797166521295,0.1648347136723862,-0.0224100908636088,0.0302164864051073,-0.0836725375975657, 885.0         , 14999.0      , 350.0         , 19497.0      , 620.0               , 29005.0            , 399.0               , 41334.0            , 0.7              , 1.93            , 1.14             , 2.12
BAJHANG        , BAJHANG        ,2020, 2076/77, Sudurpashchim Province,-0.0440819138150038,-0.2001654907121957,0.057721141894761,-0.0993508570485734,-0.0507316786556306,0.0207860515039927,0.0219764576284695,0.0884018492482934,-0.0541301288105268,0.0910971046505822,0.0254717869669861,0.0336957474893957,-0.0962281371688251,-0.0272739728670334,-0.0598298442865839,-0.0032654429420738,-0.113160175066142,0.0864127686467546,-0.0718425166637358,-0.1686445488957765,0.0526097890831843,-0.0061144545805036,0.0440266166054697,-0.1033168088596074,0.0538014966422957,-0.0347177705535186,-0.0517960569554892,0.0268737967687094,-0.0447360664639847,-0.0187885661735102,0.0232782703257057,0.1850720887760908,-0.0040073340693816,0.0171346201608053,-0.1025524885032565,-0.106896195073755,-0.0366051858449586,-0.0629290974186087,-0.1135545259227422,-0.0225527228992234,-0.0225192068228566,0.0886051087631637,-0.1356692442814855,-0.1198117950331871,0.0635458116053002,0.2013932872128873,-0.0009922118964633,0.1570587836308268,-0.0351471419145254,0.0618093440532861,0.0058511439869449,-0.002681445668604,0.0716682347556771,0.1906351056089055,0.1901010324956511,-0.0645219941587911,-0.1878505458524924,-0.1757979813869818,-0.0838259858589917,-0.0771082554870457,0.0086471672491767,0.0957486561759502,-0.0721061634670699,-0.033458577886849, 3941.0        , 4186.0       , 2735.0        , 10187.0      , 3097.0              , 5859.0             , 2187.0              , 15571.0            , 0.79             , 1.4             , 0.8              , 1.53
BAJURA         , BAJURA         ,2020, 2076/77, Sudurpashchim Province,-0.0135604076165708,-0.1933090826699318,0.0878763022662723,-0.0918771264887562,-0.0300682843346821,-0.0045193601706156,-0.0216135318326888,0.1048163463607796,-0.0300534660753812,0.0735948162267288,0.0377710960802319,0.0037033439291527,-0.1400869946990772,-0.017140570399519,-0.03047112207749,-0.0067081747349728,-0.1382301885840796,0.0818756332880207,-0.0831412313564805,-0.1604246770872566,0.0606361010860534,-0.0125677676846103,0.0671323621425895,-0.0998142502194649,0.0611729991315433,-0.0563233801178993,-0.0502228835480287,0.0165617335046984,-0.0542298103243473,-0.0254064501066881,0.0243547305126015,0.2055348755459473,-0.021877876172674,0.0254985144474259,-0.1347308417041647,-0.1025750649387908,-0.0349118279126309,-0.0418022963118719,-0.0971386990178121,-0.027332044527267,-0.0391811804551846,0.0466219622280043,-0.1461876968564868,-0.0939093368021585,0.0628224585878067,0.1841728570712463,0.0140545470802765,0.1497358745037263,-0.019798505432781,0.0651217619509772,0.0136195444103536,-0.0297276062209517,0.0722835107885754,0.2056008430188533,0.1664834234632884,-0.0585002757660218,-0.1835511709264694,-0.1613553131787768,-0.1147005303216135,-0.095628040955789,0.0449840027907484,0.0706751166259142,-0.0533886284446971,-0.039232896970959, 976.0         , 914.0        , 2494.0        , 6660.0       , 990.0               , 1460.0             , 2531.0              , 9324.0             , 1.01             , 1.6             , 1.02             , 1.4
BANKE          , BANKE          ,2020, 2076/77, Lumbini Province      ,0.0073396161833227,-0.1236108239094573,0.1334651417391169,-0.0205115940263286,0.029072255346943,0.0243483181008191,-0.1213195351743753,0.1568460299256554,-0.0618745530783654,0.1247796787249355,0.0772408713818497,0.0798059271253139,-0.3155187809832218,-0.0281244869696552,0.0181278232647159,0.0711760743223402,-0.2024010212455632,0.0124520248348844,-0.0500440970229958,-0.1540393269759664,-0.1921993417806035,0.2320845128425282,0.177594269098904,-0.0666764086158101,0.0509287645324312,0.0840324376536841,-0.0427878242946265,0.1178921032768315,-0.0337723045513837,0.0429898127499697,0.0748930474274978,0.1789659612502807,0.0726977706598582,-0.0698049835926657,-0.0085365673638543,0.0745144446564395,-0.128597540182775,0.0232691812551961,0.0807802150683479,-0.0700428891584119,0.0582590934606301,-0.0292052462448959,-0.1609176024246709,0.1728749857784075,0.1478659241862803,0.0775599963612863,0.032330807999466,0.1222389298122903,-0.0483491235897627,0.0978489140078252,0.0209167910385552,0.092345572025551,0.0207356577164169,-0.0782063231743237,0.1731385126010694,-0.161350759084699,-0.1615730835915881,0.0153775360277796,-0.0920157428446273,-0.0485967571778915,0.1381735906208221,-0.1546007472191823,0.0866151335764959,-0.0173232167990769, 8.0           , 9336.0       , N/A           , 17840.0      , 11.0                , 25913.0            , N/A                 , 68428.0            , 1.38             , 2.78            , N/A              , 3.84
BARA           , BARA           ,2020, 2076/77, Madhesh Province      ,0.0109612899101528,-0.1161225917515657,0.169943246414818,-0.0445103136760388,0.0296428103142125,0.060823248808555,-0.0792628548288816,0.0824089029074297,-0.0649819092818809,0.1787986863224899,0.1110632395417368,0.0845798377692763,-0.3002330146299351,-0.0189962226315322,0.0165549295317962,0.0637392866036957,-0.2042448969881268,-0.0158350712206459,-0.0982772579287152,-0.1010724325838662,-0.1921400891800511,0.2721138061714948,0.0817468969778835,-0.0272473090573303,0.0591706594837272,0.1483552403442497,-0.0155683578715779,0.0512210185482114,-0.0513303438004973,0.060574880679023,0.0824278633932371,0.0817191414401593,0.0098823858508603,-0.038551002853991,0.0595695197741108,0.1293441993441782,-0.1979201537049051,0.0118998615526136,0.1132976937917979,-0.0422479228001819,0.0561714548609606,0.0594091024865067,-0.1768347302943271,0.199418251711605,0.0779240669874365,0.065182911811352,0.0552412932911009,0.1428589547981193,-0.1059013103723855,0.1031814948984876,0.0212888421902847,0.1017676506415807,-0.0165669572943164,-0.0963881281720136,0.2231494614754386,-0.1379779241990906,-0.1324019080472871,0.0140071511694138,-0.1215374906206132,-0.0528630528706684,0.0372089247617612,-0.0950514379704394,0.0524961759623723,0.0709029042992561, 38.0          , 11915.0      , 75.0          , 27137.0      , 85.0                , 44229.0            , 87.0                , 97438.0            , 2.23             , 3.71            , 1.15             , 3.59
BARDIYA        , BARDIYA        ,2020, 2076/77, Lumbini Province      ,0.0027316770128402,-0.1324217376344396,0.1353309400473161,-0.0245085000405829,0.0336516497175554,0.0295539794678281,-0.0997064352795133,0.1530387318797899,-0.0539751459263471,0.1322121397316525,0.0749223249272325,0.0777689333879059,-0.3055403388377772,-0.0174182944333982,0.0389386855676448,0.0688710876984544,-0.2174793838210076,0.0056272486697295,-0.061487591004046,-0.1510456371139788,-0.1742850408061169,0.2348186535549789,0.1396332448948519,-0.0630986884309637,0.0597841616245744,0.0920249029716852,-0.0568683973656771,0.1014839813901932,-0.0251865076017155,0.0243000317592162,0.0731273032671889,0.166993259214405,0.0401833854834698,-0.0775705171663115,0.0025559552890805,0.0759841305027511,-0.135533409885987,0.0322822224722451,0.0663239373359549,-0.0767769702701863,0.04573616494494,-0.0403461147707441,-0.1668431336102006,0.1552519069480839,0.1483889778806563,0.0965253433355199,0.0413417262643853,0.1392043750279962,-0.0466858781464038,0.1112321930153109,0.0189450560171988,0.091922935643204,0.0201053070801723,-0.0796522468388362,0.1807443804243677,-0.1469106369040715,-0.1679181016159587,0.014644159939057,-0.1035715657125742,-0.0453730303243288,0.1455059985582213,-0.1438479088462711,0.0938435518623837,-0.0287137117503147, 8.0           , 2758.0       , N/A           , 17711.0      , 12.0                , 8112.0             , N/A                 , 69043.0            , 1.5              , 2.94            , N/A              , 3.9
BHAKTAPUR      , BHAKTAPUR      ,2020, 2076/77, Bagmati Province      ,0.0046478776427259,-0.1468307105504794,0.1862576756180133,-0.119495418721434,0.0419443843290808,-0.0353447581652087,-0.0608964073336637,0.0608996791706251,-0.0865071383904057,0.0803440347611934,0.1073092586166282,-0.063844052424878,-0.30818973031185,-0.0659828179460591,0.0470292765424501,-0.1057296626604872,-0.1821831507739117,0.0415337437375107,-0.0935553301786883,-0.161931337482837,-0.1457729306269087,0.1683892860209275,0.0914350162487276,-0.1264217483370632,0.0135283903184702,0.0850484957287367,-0.0630498999249451,0.008265764017865,-0.0963759899269442,0.0265183953299966,0.0470017142285439,0.1458300114340215,0.0398460580688519,-0.0023946350703802,-0.0251088233413511,-0.0200570144009283,-0.1233913886748716,-0.0180035949389431,0.0173241724068329,-0.0130097103106996,0.0561799529848414,0.0329652226239547,-0.2418242872390911,0.12607608159949,0.0885720632608227,0.0656773548253907,0.0495590448558022,0.1863511300525224,-0.026651064554722,0.0185468903527527,0.0834894065796692,0.080250040553301,0.046671821049565,0.0838058117519501,0.2048878375012892,-0.1865514793809851,-0.1083603660392389,-0.042933063057442,-0.1760306945937097,-0.177307166562481,0.0372221968395674,-0.1125506986170876,0.0018550864643775,-0.0115506611461893, 17.0          , 1951.0       , 115.0         , 2094.0       , 35.0                , 8377.0             , 155.0               , 10488.0            , 2.06             , 4.29            , 1.35             , 5.01
BHOJPUR        , BHOJPUR        ,2020, 2076/77, Koshi Province        ,0.0451532271090549,-0.0824673994558865,0.1671520411236094,-0.0916472904684336,0.0227527293238542,-0.0361988647435864,-0.132143314794864,0.1082865019318964,0.0135332475200409,0.1023651059838874,0.0829194410368306,0.0053207462427274,-0.291394859140504,-0.0708082204277527,-0.0056902103648609,-0.032937168108022,-0.1510485448172989,0.0587034195475858,-0.1018951930914028,-0.1157577235458078,-0.1246116920469388,0.1578195944356145,0.0906906462649394,-0.1067583798446179,0.066027252065099,-0.0308216526064737,-0.0245771769472184,-0.0417648740506942,-0.1698179989663366,0.0260841765944096,0.0438698392150943,0.1624126685891525,0.0780455167472562,0.0244073375274667,-0.1556027878542791,0.0068728508360643,-0.1068073765844592,-0.0732649144691548,-0.0211411905360904,-0.0217399786308601,0.0412752404382837,0.0889707823025632,-0.1874803537133288,0.1597248590394057,0.0522975188979748,0.1350690066177139,0.0071739116198646,0.2351926964567316,-0.0216392012631848,0.0594786726686945,0.0227814556551535,-0.0367139176708626,0.1093264827653462,0.0821560609657579,0.1374430648366402,-0.1964837765252428,-0.0641037204035984,-0.0813167086359051,-0.1256312647670467,-0.2127641077620598,0.0572201884268741,0.0087648146902352,-0.0243438637785735,-0.039401922068717, 12.0          , 36121.0      , 5429.0        , 400.0        , 17.0                , 99213.0            , 6980.0              , 820.0              , 1.43             , 2.75            , 1.29             , 2.05
CHITAWAN       , CHITAWAN       ,2020, 2076/77, Bagmati Province      ,0.0349577914975747,-0.1271067005098896,0.1407975260064242,-0.0422883514696426,0.0483295629685554,0.0035293929122344,-0.1312999490658414,0.1305568866261116,-0.0149333633173098,0.1609917126932681,0.108576919453149,0.0726940950278849,-0.3251549109660872,-0.0249561138608629,-0.0031465589136917,0.0339791491702385,-0.1818000861674227,0.0121007170303907,-0.0829580794762702,-0.0986445695691025,-0.167101877559889,0.2192235904101407,0.121968537949917,-0.0479249807650944,0.0731782454951953,0.0750610234769284,-0.0508553551266722,0.0262931409369939,-0.0745699670047772,0.0153923054086403,0.0490819559848482,0.1492383885514387,-0.0014788788035743,-0.0647747571970019,0.0031987690251686,0.0348677130837052,-0.1628076928485154,0.006117470520816,0.0804497253206866,-0.0701998181943089,0.0502485704168875,-0.0015531905536066,-0.1595079730661993,0.2128090192068607,0.1209524545389506,0.0884543559200152,0.0271783931833464,0.2043968038811257,-0.0381396160965877,0.1126708142626267,0.0210497402909001,0.0385734921126791,0.0473501809221581,-0.0379821908722716,0.211678329189593,-0.1558551701739623,-0.1519821943640893,-0.0283213412046917,-0.0926325410639073,-0.0597290417357303,0.1009828391005603,-0.0813252293953449,0.0864015242454561,0.0031444447697415, 18.0          , 5986.0       , 1473.0        , 5088.0       , 34.0                , 24083.0            , 1645.0              , 19360.0            , 1.87             , 4.02            , 1.12             , 3.81
DADELDHURA     , DADELDHURA     ,2020, 2076/77, Sudurpashchim Province,0.0664080343015823,-0.1310427956608637,0.1058133593991567,-0.1049903745595684,0.0316347578845704,-0.0008117511430286,-0.0839522237816886,0.1675159755163644,-0.024992546036105,0.0563288567796353,0.0641785168814571,0.0718185320288058,-0.3074237170349618,-0.0463316177094695,0.0888289144938364,-0.0056476113233888,-0.168128286312568,0.0379580307653529,-0.0434977466494026,-0.1838601648447313,-0.0700987485540433,0.0486152550236032,0.0913097088107584,-0.0872032625894947,0.0784538093167455,0.0425766061581463,-0.1516728625095402,-0.0141747059245743,-0.0648736892861221,0.0107800481210036,0.0678474485465868,0.1315598565062738,0.1272356722952999,0.05729233787192,-0.1475834829466744,0.0288350534352119,-0.1033417342140276,-0.0327382438140745,-0.0232455754494929,-0.055613872930342,-0.005737898896701,0.0315562721865183,-0.1109217393404284,0.0458763828312235,0.1148540017069881,0.1814710842101619,-0.0122523341413622,0.2781619495176916,-0.038253697296053,-0.0083782657531159,0.0357571530499239,-0.0077888718922716,0.1069455231168002,0.1299355126638044,0.1193344351900275,-0.169970321046228,-0.1224217214517082,-0.0179773664927778,-0.0618744585539225,-0.1204246012045165,0.1936314239898055,-0.0336481238932229,0.0384600715862087,-0.082540935455794, 174.0         , 3811.0       , 269.0         , 9009.0       , 240.0               , 13491.0            , 338.0               , 22073.0            , 1.37             , 3.54            , 1.26             , 2.45
DAILEKH        , DAILEKH        ,2020, 2076/77, Karnali Province      ,0.0227442116317336,-0.1273322795964787,0.1448332069770131,-0.0596287565150458,-0.0127981693807668,-0.0405022670913362,-0.1215766048389444,0.1490088108320859,-0.0230651113768167,0.0411962389103899,0.0564267507927981,0.0066706803303293,-0.2837838710621448,-0.0465107376167596,0.0393364166671583,-0.0318491321496758,-0.1711674245178086,0.0914066952711964,-0.0881104694356411,-0.1961340033702723,-0.0805122538304248,0.0454161507050942,0.1189437112024397,-0.1093108886594026,0.0644144406401288,-0.0040370964596164,-0.073922730840426,0.0240524305634759,-0.0664490186222799,0.0156523147979325,0.0464448929553024,0.2047591006403848,0.0800922441378167,0.0411605941850573,-0.1920617899443804,-0.0376224310631589,-0.060897120205612,-0.0126863073793399,-0.009456047226351,-0.0329965565327938,-0.0058975188511167,-0.000447921277909,-0.1639929423593608,-0.0072722647929691,0.130527983698099,0.1263839933522889,-0.0163732757682347,0.2516183775020547,0.00473330314941,0.0272280244188237,0.065425406895756,-0.0194132045796435,0.0863415170032702,0.0904062828683617,0.1340217278944649,-0.155744449184537,-0.1148420309054454,-0.0586181308119486,-0.1057164069397987,-0.1178500232993563,0.1440015145401963,-0.0587472946934737,0.0305596540052402,-0.0961769280336167, 181.0         , 21512.0      , 2538.0        , 17497.0      , 236.0               , 54527.0            , 2698.0              , 42868.0            , 1.3              , 2.53            , 1.06             , 2.45
DANG           , DANG           ,2020, 2076/77, Lumbini Province      ,0.0213617595500551,-0.1102181851280433,0.1553246922059656,-0.0213099929619244,0.0187012504729086,-0.0298870189291479,-0.1513129970544836,0.1518296423876324,-0.039081415106399,0.0870702646551083,0.055861303852093,0.0502135984380782,-0.3230534641893395,-0.0460817902011645,0.0236919012155421,0.0333350439345659,-0.1922474473888525,0.0531297201242114,-0.076296558426874,-0.1660107252413477,-0.1878340349949475,0.1722909608463473,0.1820718136135193,-0.0813183259138271,0.0398631351841701,0.0445882473217412,-0.0437797961083441,0.0845203340590091,-0.0544283309807722,0.0421093272673806,0.0708642678981831,0.2067235580858452,0.0928513071993516,-0.0511061417341269,-0.0547708684173954,0.0263503062281955,-0.0847886412418584,0.0183316482355082,0.0563269976696246,-0.0560412660165955,0.0227895959498094,-0.024220845835839,-0.1875099092387116,0.1454629483242922,0.1556900269290508,0.0873166348629534,-0.008155246748979,0.1566514329757387,-0.0412077310253582,0.0791697609633288,0.0362057814795806,0.0681479107808494,0.0505816858932893,-0.0485190672869872,0.1759367866023585,-0.1635181361666304,-0.1284227573534855,-0.0108225534206191,-0.1228042631344852,-0.0903346065012023,0.1397088364625581,-0.1353096394053802,0.0615303307674863,-0.0429548499468711, 23.0          , 26250.0      , 14.0          , 11783.0      , 28.0                , 75081.0            , 15.0                , 32993.0            , 1.23             , 2.86            , 1.06             , 2.8
DARCHULA       , DARCHULA       ,2020, 2076/77, Sudurpashchim Province,-0.0413049748709128,-0.215609906532388,0.0444438108200574,-0.1107620144697342,-0.0657302255476785,0.0268862535420895,0.0355987429377471,0.1042473424034367,-0.0429828933646755,0.1050935988041284,0.0332966246725536,0.0452481189739498,-0.0853586804894004,-0.0155806733078021,-0.0569069526247022,-0.0001874904035876,-0.0924521760099643,0.0867371765022046,-0.0701701435434773,-0.1844743897957333,0.0577351875359875,-0.0118130167628332,0.0386440084776187,-0.1126606593804315,0.0522071773383735,-0.0252109288577718,-0.056101756682145,0.0221427263136488,-0.0255255564423446,0.002995426605679,0.0113530608504433,0.15519160671973,-0.0041986510961672,0.0196484137986466,-0.0908382618490845,-0.1063794716720919,-0.0389737514095126,-0.0618140867066578,-0.1082518548703583,-0.0408966656051603,-0.0142196465422431,0.0940555020127981,-0.1240519183035722,-0.1127187819929949,0.049111313025482,0.1976648429959227,-0.0167994199695072,0.1885603131721631,-0.0369011115226822,0.0579973046733604,0.0059228237013438,0.0017125463260922,0.0718472410212553,0.1810681868216548,0.2068192268823703,-0.0670897475116743,-0.1836525531785841,-0.1714450823871529,-0.0683859619809633,-0.0691986794172661,0.0107160396614457,0.1194369407569685,-0.0550517949171608,-0.034950275998455, 1060.0        , 5799.0       , 1254.0        , 6580.0       , 884.0               , 13423.0            , 1169.0              , 14213.0            , 0.83             , 2.31            , 0.93             , 2.16
DHADING        , DHADING        ,2020, 2076/77, Bagmati Province      ,-0.0011771628131203,-0.1355185100096294,0.1572087639647613,-0.0892428731899188,-0.0071861705191509,-0.0535292021771108,-0.1156815639644482,0.1415827448759374,-0.0011718780823819,0.0987971874735006,0.0760817543235666,0.0315565171019311,-0.2503778991766578,-0.038233500421082,0.005961448527705,-0.0548659727173021,-0.1405450005580512,0.0887262597805297,-0.1113371098771405,-0.1434878162982003,-0.0982654373097767,0.0899077170582951,0.0903318893650634,-0.0903392934381014,0.0727161101636129,-0.0039328443411918,-0.0534953148623991,0.0051832260617392,-0.0872637920852302,-0.0002280332427854,0.0446765309815173,0.2042138598555886,0.0404920758730144,0.0236231352428866,-0.1254803928133557,-0.0578255960619291,-0.0662558276306163,-0.0346888418680227,0.0171562153275211,-0.0134161438717638,0.0135431830594396,0.0314041045621247,-0.1775469137266041,0.0686317054900096,0.0806730554118297,0.1133723413601423,0.0190370216799006,0.2498902783830087,-0.0074808620713803,0.0626223545661669,0.0329503493939445,-0.0105851485734359,0.0754940674981728,0.092058364911568,0.1906372834017781,-0.1579692882211,-0.1320154503892541,-0.1031294203601605,-0.1127548601030965,-0.1150281565837273,0.0658714591902603,0.0050715076762724,0.0064504741565794,-0.0455158134749237, 252.0         , 20860.0      , 6940.0        , 4560.0       , 350.0               , 62939.0            , 7175.0              , 13602.0            , 1.39             , 3.02            , 1.03             , 2.98
DHANKUTA       , DHANKUTA       ,2020, 2076/77, Koshi Province        ,0.0437133191823755,-0.0886271960776133,0.1838616193982425,-0.0963586140342184,0.0014543342324664,-0.0385285826676843,-0.140163918745029,0.1303867367079546,0.0086936277687173,0.1021860875685649,0.0818990865741289,0.0002238430327058,-0.2982674560087842,-0.086846658200665,0.0240053691804296,-0.0168123384286412,-0.1335073259630327,0.0675946774485704,-0.1097863968756877,-0.1303884331999532,-0.1637209736737688,0.185425810321383,0.0833325800861511,-0.1175679389079389,0.0722697891199235,0.0155814808624885,-0.0252984292188468,-0.0257449058676466,-0.1376341101781151,0.0674570625689549,0.0317411360966363,0.1537618465045353,0.0914091032783347,0.0407732952127059,-0.1278488789744504,-0.0023816439438517,-0.0955031174065977,-0.0458985670747935,-0.0128259689714553,-0.0237324785185234,0.0535995884747291,0.1017439465701964,-0.1853866429357022,0.1726784376125203,0.0646965133502015,0.1113247896318701,-0.0056987507095462,0.2656463591563501,-0.0034558102576897,0.0662210291054586,0.0323708447483845,-0.0089055765657092,0.1043884058560281,0.0698877680894775,0.1673451513878546,-0.1962319659869503,-0.0459933910966536,-0.0807196937341082,-0.1063642120019375,-0.181424910871135,0.0604651674430873,-0.0253798029880544,0.0132177987989685,-0.0156293017622095, N/A           , 14004.0      , 7530.0        , 1302.0       , N/A                 , 45647.0            , 9421.0              , 2930.0             , N/A              , 3.26            , 1.25             , 2.25
DHANUSHA       , DHANUSHA       ,2020, 2076/77, Madhesh Province      ,0.0227747942689183,-0.1040593162339358,0.1701575258902494,-0.0414085112357807,0.0296373382935292,0.0828292184155647,-0.0715348652107088,0.0642433796149944,-0.0805602405648175,0.1587351331157159,0.1291356538579142,0.0351843779112085,-0.3157352492993368,-0.036817597213353,0.0340520254569388,0.0804623398488393,-0.1916875009480064,0.0046892775916918,-0.1169187425044283,-0.0894768920645252,-0.2102593493545478,0.3046610847942378,0.0472907642138356,-0.0503341246486615,0.0543477610155702,0.1552605045787238,0.0260390893409951,0.0352237000851546,-0.0760050592518498,0.0999673088073987,0.0915756120944237,0.0516882089258683,0.0147911706964908,-0.0166365057607048,0.0392949936859511,0.1543454099906342,-0.2094129035465919,0.0108429090638899,0.0896474447907009,-0.0203179480886934,0.0724563032637712,0.099610542260186,-0.1833514356228938,0.2140007744105835,0.0375328207700299,0.0748685035520566,0.0549203108825514,0.1088076906222846,-0.1192992249450359,0.070656157708759,0.009632330645674,0.1178174280656216,-0.0085359150983991,-0.0734245278988844,0.2234110883565207,-0.1534980832555538,-0.1038977742418286,0.0303674619512862,-0.0910746745453676,-0.091009987308474,0.0253375390753595,-0.0890241034994251,0.048435362848624,0.0955794347618106, 2.0           , 3469.0       , 174.0         , 36374.0      , 2.0                 , 10989.0            , 177.0               , 120724.0           , 1.5              , 3.17            , 1.01             , 3.32
DOLAKHA        , DOLAKHA        ,2020, 2076/77, Bagmati Province      ,-0.0076499679382743,-0.1548472850934278,0.0974272878753006,-0.0947473122273154,-0.0364301846421547,-0.0194313349837377,-0.0391808923442523,0.0705663610860887,-0.0001738619985485,0.114159196220015,0.0872214539624053,-0.0136268128463459,-0.1603887436004052,-0.0260180968919346,-0.0476357886926279,-0.042237353914387,-0.1289055239443833,0.0809572338310848,-0.1068041953813256,-0.1766588514920034,0.0053214516227337,0.0321929872182478,0.0815509861455625,-0.1114724300652636,0.043070576802467,-0.0650492059110518,-0.0360541030509612,0.0112067094134154,-0.0925468695887014,0.0013450620151149,0.0131718879585696,0.1906456594408861,-0.0042545160791331,0.0276431281631336,-0.1622446921007146,-0.1084482638950744,-0.0589821731649181,-0.0859787643190438,-0.0554759957764423,-0.030838572514205,0.0250770626368265,0.0605877230327645,-0.1752325706975032,0.0121065247387882,0.0287747458059169,0.1446262753956867,-0.0095480655567017,0.191248076656245,-0.0158406331199189,0.0464954150803523,0.0139491569090188,-0.0365886405408048,0.0940364202542341,0.1416377129554802,0.1445186510696576,-0.1362909358970515,-0.1190348256036259,-0.1298677543390134,-0.1345479072243674,-0.1994817222675231,0.0158220656714004,0.0684726915852232,-0.0746329184331492,-0.036494487197933, 146.0         , 5718.0       , 3635.0        , 4248.0       , 175.0               , 16684.0            , 5133.0              , 8454.0             , 1.2              , 2.92            , 1.41             , 1.99
DOLPA          , DOLPA          ,2020, 2076/77, Karnali Province      ,-0.0650984343662007,-0.2204570017190495,-0.0039819797484092,-0.0961468639579753,-0.1345252841637569,0.0972580948900164,0.0501270939638931,0.0133989311538834,-0.0605015389901449,0.11716040067718,0.079275914620181,0.0269481115478806,0.0040120223827714,-0.0279227190557059,-0.101137708943798,0.0322270253324627,-0.0758288319425324,0.1100458824432688,-0.0513933654256193,-0.1675373832254737,0.084323964881599,-0.0371738415648463,0.0415983551827293,-0.1017587765279473,-0.0340757826435205,-0.0462095699949754,-0.0012986840600515,0.0847357056082591,0.0178420967219018,0.0151278328902639,0.0174240051356054,0.2316442856918137,-0.0839591802251174,-0.0231061851455005,-0.0710186331183456,-0.1814164065422582,-0.0275615608843387,-0.1169282380969702,-0.1395904688708907,-0.0444784521352495,0.0100754603670904,0.0793013144312295,-0.0956190087170798,-0.1115969320311614,0.0698076499378466,0.1574199765526124,-0.02718966313591,0.0989795562749322,-0.0730450090261418,0.051749887312145,-0.0100937555972206,0.0100806545842561,0.0779635898820748,0.1573888321632012,0.2336244151459974,-0.043958184588966,-0.1927162634299255,-0.2128527987970885,-0.0880601150246395,-0.1024228650323546,-0.0965779145397724,0.1378387244427486,-0.2031118599886514,0.0189559761521785, 354.0         , 2354.0       , 277.0         , 2779.0       , 355.0               , 3729.0             , 305.0               , 5114.0             , 1.0              , 1.58            , 1.1              , 1.84
DOTI           , DOTI           ,2020, 2076/77, Sudurpashchim Province,0.0368626243788245,-0.1139251469791641,0.1145640164681759,-0.0878646701567288,0.0223222740503662,-0.0113857699126931,-0.0947807624114434,0.1551140410167983,-0.0314937840127218,0.0631693836868597,0.053397898057803,0.0503881774688471,-0.2815816702326949,-0.0705223337141362,0.0480925872841201,-0.0219738412814979,-0.1739835476045155,0.068331455493415,-0.0420474403285293,-0.1819556459247706,-0.0654774784049833,0.0499795119762106,0.0830044338343045,-0.0897141205076259,0.0989307461555262,0.0091457554044276,-0.1307295217273498,-0.0081515854283134,-0.0918301790442105,-0.011925595868658,0.057117166687809,0.1570114311026943,0.1201309513849787,0.0466324149440785,-0.1847811544485675,-0.0037497043500627,-0.0799056695984489,-0.0428215871200884,-0.0392232346122006,-0.0414542475452539,-0.0156911787632349,0.0255019900503052,-0.1298339461960675,0.0094816588997375,0.1219391524677376,0.1826629015191893,-0.0141356170475189,0.2658523783302439,0.0049207540211453,0.0265291273384186,0.0420873458732709,-0.0231869218237508,0.114299182849866,0.1240940822224511,0.1154526069524954,-0.1431680148921056,-0.1229686621706412,-0.043499888794242,-0.0787310642496077,-0.1188903928659556,0.1817985741264786,-0.0337472001776433,0.0150332037461423,-0.0908548396030337, 191.0         , 3474.0       , 4575.0        , 12328.0      , 189.0               , 8712.0             , 5440.0              , 27482.0            , 0.99             , 2.51            , 1.19             , 2.23
GORKHA         , GORKHA         ,2020, 2076/77, Gandaki Province      ,-0.025156806231792,-0.1716804121515737,0.0730915220787707,-0.0884767918328398,-0.0484076778862561,-0.0058396350237425,-0.0166803435198732,0.0826791057791758,-0.0073613997367869,0.1172484085226783,0.0779833996489933,0.0420930583228911,-0.1239712756414693,-0.0207984620479193,-0.0642293057299876,-0.018664484433507,-0.1114144640753334,0.0813114893241561,-0.0911160894762592,-0.1524476036640609,0.0052142936196347,0.0357485505197071,0.066980702925232,-0.0915832508038436,0.0415764334236146,-0.0426989491142563,-0.0419112147484942,0.0317455068036816,-0.0548606108821768,-0.0138919769889939,0.019066600801637,0.2009631651202364,-0.0218958777996641,0.0104706293480275,-0.0989997811712509,-0.1170139123729686,-0.0510904043932967,-0.0739094745507972,-0.0522799206891914,-0.0259775045131649,0.0146415276129423,0.0614281528532354,-0.1473399800575298,-0.0162280546418765,0.0416687179704221,0.1555433704877205,-0.0069404867899796,0.1936553499099926,-0.0318048743282535,0.0660237468583702,-0.0016847039653871,-0.0077856374418998,0.0739064630382952,0.1348509690061061,0.2095523452028333,-0.125486566072744,-0.1582145225447541,-0.152770246373328,-0.0926257291937729,-0.1210454238047309,-0.007275846359552,0.0958615523635652,-0.0614124857729741,-0.0226282074507567, 100.0         , 17703.0      , 11816.0       , 3561.0       , 141.0               , 47656.0            , 15654.0             , 8298.0             , 1.41             , 2.69            , 1.32             , 2.33
GULMI          , GULMI          ,2020, 2076/77, Lumbini Province      ,0.0131712682702335,-0.1214168665698422,0.1771497799935072,-0.0629471382401819,0.0084715887615158,-0.0696260604282921,-0.1313985400095624,0.1577288838401756,-0.018903334988782,0.0701957006723527,0.0431829180539011,0.0064495012974664,-0.3043191173888032,-0.0567246276418811,0.0220608711852996,-0.0553674875094857,-0.1532847791148214,0.0852588453833679,-0.1022725806058622,-0.145127992428641,-0.114882058394626,0.0886091255756947,0.1010075670000984,-0.1049838099460243,0.0893506632894784,-0.0061141300336968,-0.0387264221008598,0.0217075419742695,-0.1180748018686963,0.0031461678531568,0.0540526501891388,0.2124842791612642,0.0707939285971319,0.0192496230018106,-0.1725052585362271,-0.0493478178983324,-0.0511574255283047,-0.0359236483865541,0.0158801755620943,-0.0135306328058652,-0.0101412594887159,0.0154476022770463,-0.1818381922389909,0.0605405332051825,0.1303766713214786,0.1222476195827958,-0.0126489019698977,0.2532062369675343,0.0060145769430283,0.0695012201511546,0.0346457288071459,-0.0145527439623128,0.0644482265981079,0.063083402119304,0.1654512969981841,-0.164313933223886,-0.1055516770759945,-0.0904207852892634,-0.1236187339641834,-0.1215317391763458,0.1201603650305777,-0.0337947754124021,0.0038369726092891,-0.0684227998535844, 243.0         , 24451.0      , 2896.0        , 6617.0       , 424.0               , 63269.0            , 3261.0              , 19586.0            , 1.75             , 2.59            , 1.13             , 2.96
HUMLA          , HUMLA          ,2020, 2076/77, Karnali Province      ,-0.0686018487758425,-0.2339817591561728,-0.018339467579629,-0.1035375026305325,-0.0797502329224206,0.0705007158094094,0.059699342079923,0.0384445467871747,-0.0504065532805845,0.1216244874221687,0.0299229417656186,0.0345124083104637,0.0006564328000888,-0.0290795484366098,-0.1220211514543216,0.0358520007872908,-0.0750686237142566,0.0827042604830695,-0.0534533580596603,-0.1733549864046066,0.0855422543029432,-0.0165323963486867,0.0441109510864861,-0.1401387115204828,-0.0194347881337978,-0.0259392877136759,-0.0237242343043077,0.0773467555639346,0.0087837362219095,-0.0222494772401652,0.0118709735115794,0.1971606348569153,-0.0742079592300966,-0.0157814695620228,-0.061218193623677,-0.1592363985373319,-0.0480527345604814,-0.0803893586244929,-0.1493419541837327,-0.0391709341980516,0.0217908480541378,0.1081782438430585,-0.1338115000787153,-0.1194807208070161,0.0603648614494843,0.2029687332260263,-0.0081849487324132,0.0752752913381551,-0.0798739788738423,0.0689301843646819,0.0052259748725802,0.0194642516453028,0.0423577409308457,0.1690256975405073,0.2383900894125554,-0.0538618324098855,-0.2193926540163018,-0.2036326055947324,-0.0616528471869999,-0.0708282529387131,-0.0841313215145299,0.132984666809528,-0.1363308464290709,-0.004768078020358, 622.0         , 146.0        , 1294.0        , 941.0        , 812.0               , 266.0              , 1383.0              , 1362.0             , 1.3              , 1.82            , 1.07             , 1.45
ILAM           , ILAM           ,2020, 2076/77, Koshi Province        ,0.0476684194173429,-0.0927334481920595,0.1785256995658221,-0.0668753884906745,0.0188332695203955,-0.0262784521393352,-0.1285158670276271,0.1177894540777777,0.022502134800748,0.1322939559910469,0.0731984458419207,0.0037121398603324,-0.3094609677370962,-0.056900200367694,-0.0246753906669354,0.0012207295235169,-0.1545106840932085,0.0643913856309026,-0.0954637075884329,-0.1302322038674949,-0.1593113089408602,0.2174673690019823,0.0839585366365099,-0.1134901511746756,0.0665493604171638,-0.0039458234523873,-0.0091733832290918,-0.0261439065710032,-0.1730469701698047,0.0585367762655951,0.0281234668941049,0.1477473564419924,0.0557921300927096,0.0290976704519347,-0.126154609511798,0.0193794542937154,-0.130111136489166,-0.0591266503588248,-0.0327587610110722,-0.0518212163400874,0.0678450651497648,0.0804360283350937,-0.1785171166209254,0.208919677610836,0.051242500453469,0.1311986318434475,0.006129547970939,0.2544289397030742,-0.0408780199609311,0.0584930067546447,0.023120894903635,-0.0285440635040805,0.097384084211736,0.0267821022456428,0.1441060861003012,-0.2090359004943238,-0.0476232894720276,-0.0419476449422151,-0.0846250336513347,-0.1893926755740799,0.0558392596335808,-0.0135459585064706,0.011489096666117,-0.0296610418716068, 52.0          , 33815.0      , 1782.0        , 4608.0       , 64.0                , 126458.0           , 2406.0              , 13822.0            , 1.24             , 3.74            , 1.35             , 3.0
JAJARKOT       , JAJARKOT       ,2020, 2076/77, Karnali Province      ,0.0038985732009109,-0.1469121321618556,0.1421968911153039,-0.0797795688278162,-0.0307849328519241,-0.0346559979967712,-0.0855513413856251,0.132161561373165,-0.0212905917821879,0.0549316291135214,0.0363145329219749,-0.0035807432025609,-0.2113335225746324,-0.0316358763410221,-0.0166377117150123,-0.0233600616323013,-0.16410211227579,0.1040765342848116,-0.0869854905762796,-0.1649454508303945,0.0084829602528455,0.0180027657913695,0.1116758544416858,-0.0902006891228898,0.0540137869451081,-0.0613864131097497,-0.0580257833490677,0.00968239318443,-0.0727851131953714,-0.0143554030750566,0.0426742151785024,0.2087875195064301,0.0324087988523577,0.0423013230383036,-0.1799470164854068,-0.0819432010754816,-0.0356780578182607,-0.0423072056500845,-0.0426020456947645,-0.0490785789508413,-0.0370144103375296,0.0121283219383692,-0.1669727791772788,-0.0534298692520758,0.0856163814470487,0.1608065797362035,-0.0091142102655402,0.2100279581768002,-0.0100899504560502,0.0286181054416469,0.0297896680929445,-0.0426359146584459,0.0845309833611105,0.1456642570242237,0.1215115253183823,-0.1090386291301076,-0.1207388802298545,-0.1017393140414982,-0.1296905509382966,-0.1320305278183514,0.0926895359152211,0.0157661888706945,-0.0247273507438489,-0.0831379995602302, 616.0         , 14047.0      , 1813.0        , 13774.0      , 699.0               , 37262.0            , 1855.0              , 29201.0            , 1.14             , 2.65            , 1.02             , 2.12
JHAPA          , JHAPA          ,2020, 2076/77, Koshi Province        ,-0.0181339720551106,-0.1345200349266399,0.1962001295879814,-0.0663379312906098,-0.006220447542324,0.0807896855659546,-0.0241245590026124,0.0770853286167239,-0.0250190233600894,0.1997782408729592,0.1185823249740486,0.0066683083335063,-0.2806377161038235,-0.0510181540505541,0.053804705748836,0.0774565195354158,-0.2369136961355653,-0.0096598268689536,-0.1068281114699035,-0.0728557404972458,-0.2011945560844112,0.3241074820758491,0.0100754962262017,-0.012300768675351,0.1036263195031501,0.1380220831133282,-0.0228902602812966,0.0251410731524653,-0.1081488126402283,0.0779233374146454,0.0541799140513322,0.0762571544207165,-0.0534564144390195,-0.028558723676642,0.0710061040044872,0.1545075824396118,-0.2075852226030231,0.025740631521475,0.0995807111708098,-0.0209892472676239,0.0684103808175718,0.0686470760182525,-0.2050424934151069,0.2188479243192797,0.0482246960183695,0.0953863091945685,0.1031914352867366,0.1182032832835919,-0.0861844387158305,0.1073022588085169,0.0454903977966007,0.162510925769616,-0.0177845077792215,-0.0806724128747238,0.2138013575709157,-0.1429126289728805,-0.1090183371844768,-0.0154142965022469,-0.0894099220410035,-0.1069417291085284,0.0031280677629766,-0.0518307481413915,0.0540124102249407,0.0670933757862798, 5.0           , 39302.0      , 1153.0        , 7125.0       , 9.0                 , 158985.0           , 1495.0              , 23014.0            , 1.87             , 4.05            , 1.3              , 3.23
JUMLA          , JUMLA          ,2020, 2076/77, Karnali Province      ,-0.010452158508172,-0.2264476038487107,0.0852294777470859,-0.133240291294247,-0.082698983929467,0.0386637725283145,-0.002942915516388,0.079023131701781,-0.0212465130021779,0.107176450719944,0.0546950052305302,-0.0316572941305771,-0.0818298361758463,-0.0073631126913288,-0.0382816152401487,0.0162870129411504,-0.1558758350721821,0.0988531090637173,-0.0949499010668636,-0.1914069040998161,0.0878251036720505,-0.0427541537411987,0.0869063232928609,-0.1087834727307112,0.0212800414769697,-0.0445308485667014,-0.0381180456806418,0.0401288337502985,0.0069295433789237,0.0265823792041431,0.0115590772483602,0.2323733982318772,-0.060119685625612,0.0488723905947397,-0.1123769719827534,-0.1329596109116311,-0.01120520935133,-0.0622244549147921,-0.0992989345195038,-0.0566749248887717,-0.0434053358855528,0.0487121873624918,-0.1639878763687604,-0.094738478586678,0.0357456467202473,0.1430949364939878,0.018737991045013,0.1061062144380189,-0.0656189491264354,0.0153190266557988,0.0288314624478436,-0.0292269808396729,0.0787387906379772,0.2434000499706959,0.1567795248388401,-0.0581758438083509,-0.1770588010651105,-0.1702373298229067,-0.1185042240351239,-0.0877819905576086,-0.0257482443511102,0.0902343391711834,-0.0847154943366403,-0.0114567672111756, 3405.0        , 4404.0       , 3696.0        , 2271.0       , 5819.0              , 6858.0             , 3924.0              , 5396.0             , 1.71             , 1.56            , 1.06             , 2.38
KAILALI        , KAILALI        ,2020, 2076/77, Sudurpashchim Province,0.0252683192902973,-0.1232051281645324,0.1361888207274532,-0.0370281902410408,0.0528772720197658,0.0389335348108118,-0.0901104024817202,0.1484049173559788,-0.0595715858904098,0.1158906699274241,0.0821524468640963,0.0894056764147379,-0.3082680839640477,-0.0281279631064328,0.0453149163919439,0.0513444750303606,-0.2077011673664819,0.0121378231035436,-0.0516365165286588,-0.1596636566773202,-0.1484188302138954,0.2033743763396116,0.1195922795055874,-0.0655673202682284,0.0641248052353784,0.0916227133676118,-0.07957061225282,0.0681008879414915,-0.027511848425247,0.0059875133641779,0.0771737437402999,0.1510240036406064,0.0780720469258632,-0.0471100480705599,-0.03001885877914,0.0853906723270625,-0.1303211919213312,0.0095634305978456,0.0303472437904004,-0.0681384194805952,0.0319695073401156,-0.0207873168756382,-0.153945190391615,0.1395951767590774,0.1416362877376691,0.1267979317054272,0.0361706478068599,0.1775761466110181,-0.0483628885155686,0.0864549236080841,0.0047884010102112,0.0671120108354964,0.0407188415078142,-0.026843715176604,0.1758556992495404,-0.1638470287665581,-0.1604849243843833,0.0103463774065574,-0.0786789222963042,-0.0625578549131345,0.1455491457744779,-0.1059108673708946,0.0814579769786185,-0.0396127547156716, 176.0         , 6405.0       , 352.0         , 35950.0      , 370.0               , 18691.0            , 398.0               , 140545.0           , 2.1              , 2.92            , 1.13             , 3.91
KALIKOT        , KALIKOT        ,2020, 2076/77, Karnali Province      ,0.0263269171136984,-0.1691588572718153,0.1096234394586718,-0.0938200578724461,-0.0370754996193309,-0.0181652004184451,-0.0470623444353118,0.1259634178319775,-0.0097808933944855,0.0701407493678429,0.0557808679645166,-0.0131173518072064,-0.1762812609560758,-0.006302100587563,-0.0090063532030265,-0.0102279340645969,-0.1623876478021128,0.1048195658422317,-0.0754615448210506,-0.1799268010451196,0.0621551964698422,-0.0357150027254511,0.1013562438958496,-0.082307650715683,0.0652836150141821,-0.0603278757601311,-0.0704099004269208,-0.0055466658007143,-0.0328101348890295,0.0023057068708974,0.0188378125553705,0.2058464830526031,-0.0067203819501262,0.0601102839340507,-0.16192447400531,-0.0920466802265876,-0.0406926800663517,-0.032845483332734,-0.074532745050911,-0.056315302149046,-0.0552168423158297,0.0023220612528156,-0.1481760358450701,-0.0886658883686314,0.0564004881100487,0.165968131030097,-0.003838936442798,0.1894738170672926,-0.015070184841753,0.0329485643082866,0.0310143874610265,-0.054827927703823,0.0900322208949808,0.2121885696000655,0.1379159318159244,-0.073457415952529,-0.1606261552223186,-0.1071010216013639,-0.1130149486482063,-0.1097013590337138,0.0730593975510171,0.0664165004547878,-0.0133031702878651,-0.0583230896575169, 821.0         , 3030.0       , 1227.0        , 4953.0       , 1298.0              , 6973.0             , 1399.0              , 6797.0             , 1.58             , 2.3             , 1.09             , 1.37
KANCHANPUR     , KANCHANPUR     ,2020, 2076/77, Sudurpashchim Province,0.0374849531439779,-0.1591374585059013,0.1304545906266111,-0.0499476636991669,0.0388920968396723,0.0663892000345975,-0.0459831249816361,0.1441445853088316,-0.0893984900909911,0.1175864175118212,0.1337392432918636,0.0962146894426642,-0.3131551912958731,-0.0277756430479592,0.083349491412425,0.0676709546197934,-0.2433664461602304,-0.0341662770383416,-0.060588442405956,-0.1776678984724473,-0.1768900325462302,0.2357561063327191,0.0928805356649694,-0.0466839553150554,0.0471564253796699,0.1555910351790588,-0.0767178132375403,0.0688336853302757,-0.0040931164025432,0.0117838202785468,0.0664758053188999,0.0679064012725993,0.0798167075294579,-0.050744654667582,0.0322289731985041,0.1310095626732596,-0.1407465294685454,-0.0153837780476373,0.0307653074422594,-0.0613975736958348,0.0373559605249371,0.0200423812760404,-0.1545656074124269,0.1522007438525531,0.0964897176253889,0.1320437002663412,0.0636247530318802,0.1559629295760256,-0.07865000218592,0.051286739033458,-0.0445988878629434,0.1230441227155328,0.054336326355846,-0.0140123473459108,0.1428478278038206,-0.1807299288190545,-0.1665573294281783,0.012656164440301,-0.0571043503620246,-0.0384120962419333,0.1253158823439317,-0.1069791333693204,0.0840012528250859,-0.0023673552717861, 8.0           , 3271.0       , N/A           , 34554.0      , 12.0                , 8959.0             , N/A                 , 133032.0           , 1.5              , 2.74            , N/A              , 3.85
KAPILBASTU     , KAPILBASTU     ,2020, 2076/77, Lumbini Province      ,0.0058367828366733,-0.1115598001055927,0.1749225380209549,0.0022061664769093,0.0468704420539395,0.0531569606694028,-0.0597897507966469,0.1055623880773201,-0.0572653377253022,0.1434302271981937,0.0894222801296916,0.086689335392405,-0.3007960595900824,0.0284366311878536,0.046251300956985,0.0812601607799831,-0.1928803202970231,-0.010499507737492,-0.0909520331721,-0.1579406918284178,-0.1835932645454497,0.2509942818063661,0.1238012852371457,-0.0155010449621002,0.0290056778919485,0.1120373966691565,-0.0211207056755756,0.11128679426686,-0.0082020209294784,0.0440721037381679,0.0880561684880071,0.1289008018850225,0.016235531274657,-0.0811952961487374,0.0365517755218004,0.1088798467544845,-0.1581903830885679,0.0345401818400682,0.0930828220452155,-0.0403575170382839,0.0708350185812638,0.0076762885596555,-0.1869186285033333,0.1681956048192155,0.1187583586763591,0.078874192577646,0.0663932174928665,0.0956271148984453,-0.1183393813795319,0.1002897203913954,-0.0104213028501463,0.1197782521512235,-0.0300191276340614,-0.1182910428015996,0.2451284531983541,-0.1419201192845426,-0.1594309533280653,0.0185126848911875,-0.1257487476423718,-0.0754927047839381,0.0929241580969174,-0.1123186700031598,0.0989177738011538,0.0245114476088289, 177.0         , 2651.0       , N/A           , 26118.0      , 330.0               , 9938.0             , N/A                 , 103167.0           , 1.87             , 3.75            , N/A              , 3.95
KASKI          , KASKI          ,2020, 2076/77, Gandaki Province      ,-0.0134913665185756,-0.1534053865409811,0.1006397484467133,-0.0831296735622685,-0.0115898646699584,-0.019916867331158,-0.0547376614041473,0.0811789674586985,0.0119807234772941,0.1324063217861144,0.058868871789274,0.0311515868625328,-0.1780505202129028,-0.0166233501364726,-0.0545545211836181,-0.0258823392829752,-0.1471461043179724,0.0751113721239566,-0.0746300743126804,-0.1674119047291035,-0.0214656246574248,0.0615498830479182,0.071310912534389,-0.0909336282090939,0.0533448807723303,-0.0407528985028317,-0.0702153448126093,0.022851192547857,-0.0959595925859755,-0.03749912258399,0.0254624640079893,0.2005738998036331,-0.0136873808226048,0.0009377621908198,-0.1282906413539024,-0.0912351649250469,-0.0655652628123581,-0.0746237969314229,-0.0412788171687904,-0.0059908526322477,0.0285652346468184,0.0440903298296474,-0.1603814881061171,0.0107348592763863,0.0576626066589382,0.1471150276699841,0.0110938037353222,0.2065370360256337,-0.0148244080878093,0.0663736642341636,0.0113986381040522,-0.0141380102213606,0.0710188406324441,0.0981220728266277,0.1759923998912404,-0.1554154909000103,-0.1401871103818337,-0.1033753960530369,-0.1059679738552243,-0.1321068512298591,0.0319194546680452,0.0661251991223067,-0.045080811695506,-0.0463835340669729, 109.0         , 14111.0      , 15434.0       , 5650.0       , 175.0               , 37149.0            , 20706.0             , 13061.0            , 1.61             , 2.63            , 1.34             , 2.31
KATHMANDU      , KATHMANDU      ,2020, 2076/77, Bagmati Province      ,0.028241031311315,-0.1479444418074479,0.1714381709523323,-0.0919429960606106,0.0505600118573495,-0.0453400638652638,-0.0922811479692746,0.0630814285688097,-0.0824005842746918,0.0955105391862706,0.0886697839312985,-0.0409223239081803,-0.3044929006295652,-0.0813862928392153,0.0001656484498425,-0.1122455398952143,-0.167093793588516,0.0760714247263947,-0.0622869965560872,-0.127958502376956,-0.1116648188838679,0.1468698123708844,0.100464715801872,-0.1211039429327557,0.0289662909954575,0.0467557832375361,-0.0506884084703542,0.0043336078207653,-0.1137659172544688,3.316335443293552e-05,0.048450766847839,0.1569073969201929,0.0302336934088005,-0.0037855933212999,-0.0647583456774682,-0.0387707189774108,-0.1189995086833104,-0.0668389840740706,0.0084540149399952,-0.0111721603011477,0.0234646565201589,0.024646162176945,-0.2306664517630096,0.1156970907206196,0.0827227563930616,0.0936266210999966,0.0069751538539304,0.1932481752194497,-0.0181217335024463,0.0289355499119163,0.0638868181276353,0.0399731914367753,0.056458664570181,0.0754057442481071,0.1678358891715398,-0.2013144578259254,-0.1022569534539939,-0.0426494590825065,-0.1628454423481616,-0.1789435775749115,0.0650109195008558,-0.0729590626805146,-0.0421814209563651,-0.0403380564697983, 3.0           , 5532.0       , 613.0         , 2075.0       , 4.0                 , 23192.0            , 742.0               , 9155.0             , 1.51             , 4.19            , 1.21             , 4.41
KAVRE          , KAVRE          ,2020, 2076/77, Bagmati Province      ,0.0188608227256186,-0.0943579921524368,0.178107188283192,-0.0867071704214215,0.016273657210447,-0.054810466710438,-0.1298450479415467,0.1417510753855163,-0.0261578395572207,0.081121459120137,0.0769557547835523,0.0135644156866619,-0.2924575020361285,-0.0690672756480831,0.0096553981369692,-0.0654360744041301,-0.1478526167712857,0.0819613838836831,-0.1046525376192734,-0.1366305195900957,-0.1283918370277798,0.1125673054230185,0.091418459943526,-0.1098709773726925,0.0730663654837271,0.0005227244848076,-0.0299196703406675,-0.0149345306240799,-0.136913383139072,0.0242237376887436,0.0502901604030768,0.1848541849178591,0.0897585504395066,0.0350224737379932,-0.165313638906579,-0.0206339248173799,-0.0821965133467229,-0.0528635721679447,0.01227772911331,-0.0151095204106877,0.0235489974595416,0.0542244575349401,-0.1851933292096001,0.0974228255997865,0.0831706599707313,0.1161736311661778,-0.0075805009676593,0.2506671470697963,-0.006158394864746,0.0600314199937663,0.0409081700920777,-0.0192059003842555,0.0801355808387849,0.0728157751071667,0.1613968002000163,-0.1667968447303885,-0.0961524709199033,-0.0799497764906777,-0.1328783218301609,-0.1631699142269667,0.0899706424347661,-0.0256590026274617,-0.0091090155483899,-0.0438247312548095, 367.0         , 24823.0      , 3444.0        , 8860.0       , 599.0               , 80137.0            , 3490.0              , 26591.0            , 1.63             , 3.23            , 1.01             , 3.0
KHOTANG        , KHOTANG        ,2020, 2076/77, Koshi Province        ,0.033456798973687,-0.1037547611675898,0.1844328063771694,-0.1026668811436473,-0.0064190085730245,-0.0472361866733913,-0.1308619386874958,0.131282399122852,0.0039846357086696,0.0974472958848725,0.0686944038222263,-0.0139722876777706,-0.2875741986955091,-0.0682524664476897,0.0093749549644344,-0.0343821071744739,-0.1421775898196718,0.09304586217358,-0.1029808450014863,-0.1523648871733281,-0.1205618684874191,0.1517248087830108,0.0908885681820117,-0.1145978802320412,0.0730052193768629,-0.0155448827941231,-0.0258394149135869,-0.0193357231282825,-0.14084942330845,0.0523496294499868,0.0365378718635418,0.1639437393495635,0.0732144746094192,0.0431921682640187,-0.1671442361967916,-0.0234625182449435,-0.0863790884277787,-0.0593000290277708,-0.0050479764990283,-0.0193681969434488,0.047299088691617,0.0793118553068678,-0.1968675825401609,0.1214362931401234,0.0712556218668949,0.1163311138781255,0.0011519357023737,0.2640326491965095,-0.0105126784592036,0.046378436152954,0.0387444090476802,-0.0204064708589515,0.0981500909383567,0.0710288292592479,0.1409203692651825,-0.1763504945892997,-0.066717325290967,-0.0757779667743781,-0.115767361743992,-0.1741272451594895,0.0655687626045557,-0.0019577828693933,0.0001025846208885,-0.0307057483456197, 350.0         , 42945.0      , 23535.0       , 5030.0       , 529.0               , 98986.0            , 26496.0             , 11569.0            , 1.51             , 2.3             , 1.13             , 2.3
LALITPUR       , LALITPUR       ,2020, 2076/77, Bagmati Province      ,0.0277915209763068,-0.1063319946405285,0.1752822365225542,-0.077628217476525,0.0143611200802943,-0.0546857286705606,-0.1046983952717583,0.1229189643086809,-0.040839080185698,0.0902678113364394,0.0576001974497228,-0.009964430405491,-0.2853364168970235,-0.0617579016211024,-0.0165876375497552,-0.0806401453942067,-0.1436800054537404,0.1012516679815825,-0.0829141148391389,-0.1543834783071953,-0.0971191641032407,0.1079126568682939,0.0784984562346151,-0.1207173262638593,0.0589210214715726,0.0145354739509645,-0.0411168299795846,-0.0167630204480694,-0.1280746828548065,0.0376614709614453,0.0431192518904754,0.1580245155367871,0.076025072263552,0.0423338169244611,-0.1473989206401033,-0.0364439481637867,-0.1002678957526046,-0.0665727331390816,-0.0050422561639291,-0.0225874972774971,0.0323808717289163,0.0465950732649232,-0.2035529267039933,0.0671679329568223,0.072331933463112,0.103800123465468,-0.0260459617159012,0.2747046555291339,-0.0026180835855618,0.0432139349933737,0.0456950721812241,-0.0187060739482482,0.0641924436512986,0.0813138552723167,0.1591015179829335,-0.1794959888825654,-0.0837070688947658,-0.0601091506931147,-0.1234750024340646,-0.1586713778603819,0.084536287618334,-0.0290064607286825,-0.0198368560645325,-0.0283322896895222, 38.0          , 9203.0       , 572.0         , 2512.0       , 55.0                , 34659.0            , 646.0               , 8671.0             , 1.45             , 3.77            , 1.13             , 3.45
LAMJUNG        , LAMJUNG        ,2020, 2076/77, Gandaki Province      ,-0.006444479736817,-0.1454980542782108,0.1338856345183356,-0.1045094557315586,-0.0125992111976784,-0.0411232896982916,-0.0804798676664758,0.1068126807593826,0.0249743743229607,0.1283144390196097,0.050326810271181,0.0226803018046331,-0.1955637281087046,-0.0222682558435913,-0.0312126292743025,-0.0308883370603248,-0.1546580298859872,0.0864594235448202,-0.079015120235049,-0.1730186915368871,-0.0278953216667888,0.0684144012352856,0.0783418075426117,-0.085829498206465,0.0654619404795099,-0.0456131328673379,-0.0737276530063742,0.0069240052081788,-0.0931044852833892,-0.0329513887066036,0.0228480804512744,0.1967687108421817,-0.0031512576135585,0.0169344329626829,-0.1444289645009844,-0.0958254046017544,-0.0518524396006597,-0.072473913813173,-0.04256898579034,-0.0302538185225144,0.0251602932130624,0.0339014003234202,-0.1728991793308973,0.0228486779896507,0.0600375925652301,0.1437734969567005,0.0173503371234035,0.2325998930598022,0.0055887688329238,0.0679352543337529,0.0135779207939375,-0.0393773795860488,0.0827710770595114,0.1112298407600159,0.1630351522064536,-0.1603857568161404,-0.1271166105914738,-0.1090086289404113,-0.1121981823442424,-0.1417712141177754,0.0643376819220688,0.0593291217068482,-0.0287124564301974,-0.0516301689249085, 39.0          , 10098.0      , 7708.0        , 1596.0       , 57.0                , 26397.0            , 8331.0              , 3910.0             , 1.46             , 2.61            , 1.08             , 2.45
MAHOTTARI      , MAHOTTARI      ,2020, 2076/77, Madhesh Province      ,0.0199817685431349,-0.1057458646389279,0.1642196387457631,-0.0356838085614193,0.0359676887514847,0.0849636593839208,-0.0655278238288817,0.0704060022326796,-0.0890504635079525,0.1628673972176548,0.1329306629418308,0.0423424249887464,-0.3133848241875751,-0.0244390178933123,0.0325484185712512,0.0769130249983957,-0.1911026693544136,-0.0019948051915195,-0.1155902923543464,-0.091552089703133,-0.2060721270258833,0.3016851835553391,0.0547804643585539,-0.0504989236547785,0.052296676071829,0.16079252644129,0.0251111433610615,0.0409175317130384,-0.067614698375525,0.095620717636921,0.0913367635104536,0.0424684414452202,0.0105038666244781,-0.0102431542682856,0.0503233052662425,0.1528238554906896,-0.2097779696204301,0.0170108444925194,0.0864320146923222,-0.0338804155605534,0.073528246464634,0.0895548414119639,-0.1830896904953007,0.2168684182608513,0.0325359316334032,0.0808856821414524,0.0614515156011504,0.1084365056343704,-0.1263774547861253,0.0671286863553344,0.0017093028180207,0.1133223072116102,-0.0059121012072351,-0.079004882828818,0.2304911195003876,-0.1510605672379839,-0.1162535293681952,0.0399264104216993,-0.0889847902077888,-0.0934085521893247,0.0279992018926787,-0.0937331933804902,0.0604782477623262,0.0882831559148406, 8.0           , 9733.0       , N/A           , 24373.0      , 9.0                 , 28853.0            , N/A                 , 74671.0            , 1.18             , 2.96            , N/A              , 3.06
MAKAWANPUR     , MAKAWANPUR     ,2020, 2076/77, Bagmati Province      ,0.0367848884350866,-0.1127678136790803,0.1723159512028859,-0.056063210317981,0.028107083818376,-0.0373417407941262,-0.1563061566391836,0.1475628552176045,-0.0080698723759963,0.1166351010503105,0.0822119136494637,0.058386714132304,-0.3181381065421355,-0.0459397390065466,-0.0118289470626698,-0.0190936943831857,-0.148232116364061,0.0708070159045887,-0.0886095559689492,-0.1098207913832441,-0.1388055333794176,0.1623948253318294,0.1231635083275324,-0.0834034636373037,0.0707529528571568,0.0237970436618199,-0.0560963224900914,-0.0079400762008467,-0.1150629398541719,0.0285072436234546,0.0633691166175748,0.1707584473588369,0.0631436995118682,-0.0037952975045341,-0.0962169345991404,0.006036610431471,-0.1245935688065162,-0.0303542239182574,0.0475863328334869,-0.0488858291490384,0.0363043416394709,0.0216932671242128,-0.1700282437380898,0.1591749136747673,0.0947049165966873,0.0904722136676304,0.0018279219893322,0.2614504478379791,-0.0252974576434236,0.0726591534709169,0.0323307593483577,-0.0073491271331819,0.0623959780526052,0.0257754573779444,0.1927583239778895,-0.1688533847556649,-0.1148236582355578,-0.0434227813589973,-0.1006658791482966,-0.1100226133982607,0.0958502926927705,-0.0392386699947416,0.0385274207818213,-0.0207906273695403, 250.0         , 26169.0      , 2773.0        , 3929.0       , 348.0               , 85580.0            , 3308.0              , 14532.0            , 1.39             , 3.27            , 1.19             , 3.7
MANANG         , MANANG         ,2020, 2076/77, Gandaki Province      ,-0.0601451914465131,-0.2197199033632483,-0.0323328844004713,-0.0728155441360471,-0.1240525901229796,0.0763115682717881,0.0885512531196645,0.005024051005034,-0.0474389248707051,0.1289023247990535,0.1009568251753335,0.0487241312294849,0.0071485097153196,-0.0110461419350164,-0.1369458127220206,0.0224404291243996,-0.0627834912568051,0.077178835100224,-0.0588119542642982,-0.1797291296348647,0.0845760829870487,-0.0292870968095845,0.0504562956908752,-0.1189588174485913,-0.0111427676362591,-0.0512502330412108,-0.016799040291703,0.0944177486496196,-0.0163842195178662,-0.0084988189292093,0.0030111931963378,0.2145889468970489,-0.0817005791534917,-0.0216423143243883,-0.0668346109047312,-0.1774455483589904,-0.0431113194500823,-0.1157680619853053,-0.1116512886350274,-0.018786515227175,0.032708694194783,0.10244072904816,-0.106719247606448,-0.1034693147384784,0.0322271598799379,0.1636894017216257,-0.0482090209743319,0.1209842466007667,-0.0696985869323874,0.061282370064541,-0.0136918219248139,0.0142926182546766,0.0724856265570636,0.1432513686675279,0.2464167918344249,-0.0733405554508441,-0.1907771826201982,-0.1947383000953825,-0.0850177880026184,-0.1055424158485595,-0.087503914656778,0.1610661195625267,-0.1636439092093965,0.0001063908086208, 109.0         , 70.0         , N/A           , 202.0        , 189.0               , 111.0              , N/A                 , 305.0              , 1.73             , 1.59            , N/A              , 1.51
MORANG         , MORANG         ,2020, 2076/77, Koshi Province        ,0.0177822105116372,-0.1172944338584943,0.1934799364967712,-0.0694465592008001,0.0086391496625187,0.0565406492921092,-0.0432080320149499,0.05979309197457,-0.0398104126663598,0.1746369074693991,0.1141339911056449,0.0350662071470071,-0.2984884415810462,-0.0539987501187331,0.0321869852914182,0.0691443634296763,-0.2006724970038376,-0.0025181651847551,-0.1134000678052503,-0.0842616827999194,-0.1884799736185959,0.2953149421422688,0.0181671210615267,-0.0280267800574095,0.0785366733152569,0.1190483465742779,-0.0110115229408221,0.0190650027186842,-0.1078424373278401,0.0720588241839093,0.0629417210705775,0.0692352709424424,-0.0185304189870422,-0.0109948431447648,0.0445658894358893,0.1317104960443209,-0.1971285762535864,-0.0089255674150506,0.0808582679452258,-0.0253293933652204,0.0621433524491902,0.0946796505973048,-0.1881329725098176,0.21813954693745,0.0454605715491859,0.0854512623528762,0.061838299210809,0.1552939310928351,-0.083436611221819,0.0935207012383168,0.0166554191698813,0.0981605168902719,0.0192106856886818,-0.0590788994311384,0.2062622079391189,-0.1579680295604899,-0.0939675504416525,-0.0147271146131,-0.1029795620422088,-0.1084912541121638,0.0208370246600306,-0.0493257550691359,0.0388195692207896,0.0639029425330307, N/A           , 17255.0      , 1218.0        , 12639.0      , N/A                 , 68286.0            , 1507.0              , 39434.0            , N/A              , 3.96            , 1.24             , 3.12
MUGU           , MUGU           ,2020, 2076/77, Karnali Province      ,-0.0329738401177381,-0.2310426090157385,0.0326614945609195,-0.1022072258645921,-0.0829376410916543,0.0544524970132775,0.0202949097554904,0.0718868714132671,-0.0346050154387626,0.102409094479926,0.0617949988982389,0.0060633902635658,-0.0200217818292098,-0.0295034651750775,-0.0656826333032606,0.0037929754045365,-0.0785909437445102,0.1096176588046748,-0.0803122431022108,-0.1602597908308951,0.0829773224891144,-0.0403846957504939,0.0497954131341995,-0.1068568466711901,0.0150426010594679,-0.0534537687618047,-0.0214636430122272,0.0520820347937627,0.0123450752549956,0.0049979673145893,0.0126758925610837,0.1975934491368591,-0.063911555612814,0.025757644253568,-0.1073995626714621,-0.1600870763651997,-0.0418056756570515,-0.0794076443162291,-0.1092498783415718,-0.0438311919685366,-0.0089825850992522,0.0754948798587643,-0.1239345237527669,-0.1046909419195785,0.043048142778653,0.1829455616606496,-0.0111209547772261,0.1185650235316978,-0.0508794968685292,0.0557140308853463,-0.00402339260648,-0.0052655609762312,0.0526733092343527,0.1966579122886198,0.2139849098095508,-0.0507340056822789,-0.19394706269415,-0.2020526514241418,-0.0902206823838973,-0.0932106470137599,-0.0405990110507824,0.1110342650120469,-0.1083587114856748,-0.0021706146472872, 1034.0        , 589.0        , 4218.0        , 3201.0       , 1158.0              , 941.0              , 4126.0              , 3986.0             , 1.12             , 1.6             , 0.98             , 1.25
MUSTANG        , MUSTANG        ,2020, 2076/77, Gandaki Province      ,-0.0857190776633609,-0.1997185040080032,-0.010789901431964,-0.0834212920906036,-0.1507384023627848,0.1197352771337697,0.0663943805080928,-0.0003137552374418,-0.093815053631801,0.1260915993956706,0.1215607736565311,0.0192680327240759,-0.0234943628643101,-0.0250781857587833,-0.1003796251091238,0.0041266298465638,-0.0834059009382569,0.1093918223115903,-0.0069450564827695,-0.1881413977197575,0.0717000607061555,-0.0350649660614965,0.0481359774588587,-0.1075008232735733,-0.0433653973050815,-0.0407979438933147,-0.0057476366633743,0.0782564799866953,-0.0045699940945165,0.028595667050165,0.033207529810265,0.2400797000960003,-0.0569514875518473,-0.0546034350230414,-0.0633489552385917,-0.161602746552904,-0.0171953829580611,-0.1215083571459979,-0.1328105661674883,-0.0142365902094777,0.0263788244327671,0.068564067878854,-0.0832808224415997,-0.119974010554402,0.0884206571775946,0.1185787347847785,-0.0189099416628319,0.1124267823924624,-0.0523236036844195,0.0385517737547956,0.0030550652172576,0.0184507198682781,0.0897829619833522,0.1231478266251207,0.2521387275665609,-0.0286072861270856,-0.2025065718245055,-0.1854110541518555,-0.1163991328377819,-0.0912929858717002,-0.0774717038309792,0.1228205620895818,-0.2185294751202862,-0.0126551476302564, 254.0         , 565.0        , N/A           , 535.0        , 471.0               , 967.0              , N/A                 , 887.0              , 1.85             , 1.71            , N/A              , 1.66
MYAGDI         , MYAGDI         ,2020, 2076/77, Gandaki Province      ,-0.020027369323979,-0.1756443284155757,0.0803608565026232,-0.0845208343081281,-0.0581460615563854,-0.005562934829228,0.0051143282109429,0.0748229127345419,-0.0164613570608391,0.1068974222684932,0.0738433464235683,0.0134630748832331,-0.0998876113065089,-0.0228869674750325,-0.0753885961317458,-0.0278307155291676,-0.1057984929289077,0.0872032277292056,-0.0827287575880146,-0.1572037350364127,0.0428381906008709,0.0026801224315083,0.0747376408205117,-0.0894699985618633,0.054425299090533,-0.0677533317876346,-0.0433557507422589,0.023821185509563,-0.0739256357018136,-0.0240389169969844,0.0104417817608446,0.2045314300456935,-0.0277807046361366,0.0192237285473176,-0.1280448089879201,-0.1405920117769679,-0.0488990369937527,-0.1000940460416011,-0.0681507828181303,-0.0284052407016799,0.0119403504376083,0.059985357638604,-0.1482700380021915,-0.0544151468297372,0.0304518072897758,0.1680987669744691,-0.0237872144910879,0.1903007103422176,-0.0237596631366077,0.0672247747403505,-0.010377977797497,-0.0234681904537647,0.0685496158231613,0.14932074782872,0.1794624274890849,-0.1181271911140935,-0.1290146063978425,-0.1591535481921394,-0.1179944475955071,-0.1454136992416957,-0.0006888236031676,0.1094183468752802,-0.0847677124065072,-0.0395808312057957, 279.0         , 9180.0       , 2530.0        , 2812.0       , 372.0               , 31149.0            , 3296.0              , 7116.0             , 1.33             , 3.39            , 1.3              , 2.53
NAWALPARASIEAST, NAWALPARASIEAST,2020, 2076/77, Gandaki Province      ,0.0316603699679654,-0.1089109275979559,0.1556967203097928,-0.0315446700334598,0.0470259107295959,-0.0168724750469159,-0.1534202944717947,0.1527906583729842,-0.0117837669373242,0.1293690622327307,0.0839904520914487,0.0662457161687808,-0.3254292894244251,-0.0191499165245802,0.0118954141132599,0.0071602245928237,-0.1732887338338594,0.0419601011487803,-0.0929735882625955,-0.0969159457169596,-0.1709766589819277,0.1974992484233751,0.1122328632788252,-0.0622672045399022,0.0669232384858012,0.0580256670806603,-0.0452172587777294,0.0310606955874335,-0.0688155072017773,0.0288183301428975,0.0653957938933384,0.1835050264837026,0.0285378569126214,-0.0385880741366767,-0.0427632673925488,0.0289634355446602,-0.1404412331476386,0.006836363718525,0.0756622325856911,-0.0273793326139971,0.0360194368930649,0.0120125531340491,-0.1653441728298728,0.182193198946579,0.1218923332767591,0.0876316227744915,0.033078781137343,0.2018400144761792,-0.0418329486894131,0.0924920421603504,0.0328175463690818,0.0328228467001914,0.0342517617648749,-0.0234027298210759,0.2103383843533959,-0.1703505729665624,-0.1652572074259435,-0.0295685788743838,-0.0938978167142187,-0.0623438239669469,0.080443776242611,-0.0792732386239061,0.0688333846542962,-0.0067510406571262, 8.0           , 4207.0       , 256.0         , 8056.0       , 10.0                , 12892.0            , 287.0               , 23785.0            , 1.25             , 3.06            , 1.12             , 2.95
NAWALPARASIWEST, NAWALPARASIWEST,2020, 2076/77, Lumbini Province      ,0.0146549128998721,-0.1120570596980966,0.1772631266658614,-0.0202881068731686,0.0501354360452965,0.0570187628263117,-0.0657084321237432,0.0910878381047258,-0.0593790613257278,0.1531434535086352,0.0986932011240106,0.0850053275016723,-0.3005819943654224,0.0247314801971997,0.0464411044191287,0.0692362061164316,-0.1966151477064033,0.0047759113658595,-0.0994762242353871,-0.1399898382575297,-0.1876932231966627,0.2338889967983339,0.0825892592236025,-0.0121458281320419,0.0420356109043369,0.1411758438438847,-0.0301450410144623,0.0762347870594906,-0.0288053241025929,0.0281438211914315,0.0749907878955714,0.1272582047966887,-0.0066438449123322,-0.0607283720230701,0.0540440740287396,0.110370048314746,-0.1720365657267763,0.0242265095477006,0.1054277531297713,-0.0105953321390045,0.0725898555475639,0.0215126540440797,-0.1953312889338706,0.1623462566115899,0.098461645815709,0.0811098660186587,0.0684459300710391,0.1324109407888219,-0.115925156335631,0.0995029998433382,0.0166904213219927,0.1117202306799842,-0.0243426235119531,-0.1015176968547982,0.249464763762795,-0.1530419730575887,-0.1627245358774587,0.016553443561947,-0.1167789612448273,-0.0585493694406019,0.0767194757467506,-0.0885618856287422,0.0784338445540118,0.0354786536311892, 5.0           , 4968.0       , 226.0         , 8616.0       , 6.0                 , 15345.0            , 234.0               , 24985.0            , 1.23             , 3.09            , 1.04             , 2.9
NUWAKOT        , NUWAKOT        ,2020, 2076/77, Bagmati Province      ,-0.0059570190840374,-0.1270738287406686,0.1778552702749087,-0.0995355977259382,0.0001996194725189,-0.0524690432205966,-0.1282779314778324,0.1361566965091404,-0.0061720559220089,0.1045079510494155,0.0676209694800857,0.0120577730639969,-0.2653757179458464,-0.048221982749877,0.0184962506032591,-0.0728611144173997,-0.1569400750264519,0.0881044327598016,-0.1116197760868882,-0.1591936369457831,-0.1126752389556201,0.0981519165396658,0.0896897839037513,-0.0898770065479107,0.0682619092476417,-0.0078115003024231,-0.0567591008663113,0.0032910393967156,-0.1053074614405156,-0.0070619484382443,0.0463334417601106,0.1897904610511402,0.0511719009513546,0.0239362451652839,-0.1415327556810865,-0.0477726463861153,-0.0571315810106083,-0.0420466185338145,0.0183104218924273,-0.0083522910042004,0.0135582574937304,0.0345559347645458,-0.195596517815806,0.0785035245371635,0.0796449708589118,0.1090160889480248,0.022355617307703,0.2435857625392495,-0.0031497196768537,0.0555316722839568,0.0395360606462495,-0.0100566634374957,0.0822892604505786,0.0816719168781236,0.1785419692644388,-0.1687714850868347,-0.1227533471487478,-0.0831735356423417,-0.1418492710028776,-0.1404506158930292,0.072984579906742,-0.0271074663874627,-0.0035073588274658,-0.0559142792920416, 152.0         , 16218.0      , 5245.0        , 4165.0       , 198.0               , 62235.0            , 6926.0              , 13745.0            , 1.3              , 3.84            , 1.32             , 3.3
OKHALDHUNGA    , OKHALDHUNGA    ,2020, 2076/77, Koshi Province        ,0.0189144816333316,-0.0992951320257183,0.1827555083121618,-0.0951711008119449,-0.0156012539254991,-0.0510353128562847,-0.1222344719384187,0.137561148395493,-0.0080844286552946,0.0809322335172142,0.0705469566987043,-0.0175621536726729,-0.2767010972338566,-0.0686705778759252,0.0005764511052878,-0.0532281010254238,-0.1397868684138891,0.096078281266626,-0.1104021055324501,-0.1564232759746006,-0.1083619324136865,0.1196504486476271,0.0889416906158758,-0.1191374897729342,0.0760596473779641,-0.0177613752074876,-0.0270035460803311,-0.0241574533604455,-0.138376729731371,0.0539404044579695,0.0418354432252321,0.1754705723049864,0.0829548630845314,0.0543201885541508,-0.1842726060215072,-0.0293088529680276,-0.0750650387213199,-0.0618448647439403,-0.0028619178717541,-0.0146011771020634,0.0250383439925503,0.0703546302528774,-0.1993684139705661,0.0791267822928749,0.0753707767140705,0.1164400482583395,-0.0017933218907601,0.2623606992972833,-0.0112081413396641,0.0370167973959265,0.0440010244399292,-0.0200302312905491,0.0938626306299578,0.0870552301723133,0.1269507116523501,-0.1617587763183497,-0.0654849412528499,-0.0771119877879608,-0.1225819913790983,-0.170918376347044,0.0708180780731691,0.0031354941220203,-0.0144887318276023,-0.0409224797095785, 80.0          , 12400.0      , 7585.0        , 2145.0       , 106.0               , 35844.0            , 14361.0             , 4569.0             , 1.32             , 2.89            , 1.89             , 2.13
PALPA          , PALPA          ,2020, 2076/77, Lumbini Province      ,0.0270523071407461,-0.0962909903643953,0.1620501399452157,-0.0402219789961689,0.0207245562509711,-0.0636261085521298,-0.1457787224653058,0.1645315437513044,-0.0049121740083736,0.0763302783424721,0.0574802399892847,0.0420522016052254,-0.3339426077144664,-0.0430095496982803,0.0135287861077662,-0.0307368173100912,-0.1518463006875232,0.0885209250483997,-0.1156210689579277,-0.1292007231195206,-0.150600402948573,0.1101674928946965,0.1125161207176171,-0.1044038777193288,0.0881513357609174,0.0280051683444484,-0.0340105959547604,0.0090375341624201,-0.114287382762645,0.0416253513008777,0.0619966807557907,0.2125645261038058,0.0838474620064234,0.0149046651136903,-0.1408284770908325,-0.0212132145389481,-0.0869269654320818,-0.021333078274896,0.0352866027945376,-0.01372879110586,0.0105624041852384,0.0071286813108215,-0.1740478126436907,0.1190094999801344,0.1359917411684332,0.0973745673332998,-0.0093984016521489,0.252032557692845,-0.0110326550102416,0.0739763372523158,0.0471931970666581,-0.0147893351835435,0.0580196065814686,0.0404832535454709,0.1783622463982701,-0.1832770983904544,-0.1236210867499904,-0.065784910387867,-0.0939559352506373,-0.1070945509972985,0.0974547440047556,-0.0369815534752455,0.0133209323112016,-0.0345761537374993, 19.0          , 21185.0      , 2655.0        , 5744.0       , 35.0                , 55766.0            , 3109.0              , 15673.0            , 1.83             , 2.63            , 1.17             , 2.73
PANCHTHAR      , PANCHTHAR      ,2020, 2076/77, Koshi Province        ,0.0413682723289067,-0.1159072867690767,0.170831842996798,-0.1045596242825637,-0.0139442692275174,-0.0453108755051747,-0.1199481089012509,0.1182379093315314,0.033815281934321,0.1039822662730056,0.0934274033181868,-0.0197123591981899,-0.2654197272314837,-0.0538270939851023,0.019234245573642,-0.0288533653745304,-0.1166969623018431,0.063969076092891,-0.1132106729544658,-0.1772909823767983,-0.1081755001005674,0.1208921778082682,0.1058130562547569,-0.1315837071614426,0.0666570301695915,-0.0271609616361591,-0.0273038218722261,-0.0243506933712066,-0.1320303366698921,0.0586536207981632,0.0067019527538997,0.1567691289721653,0.06850679246068,0.0508363709523709,-0.1524213028898519,-0.0446909932060829,-0.075963286570304,-0.0449272583521935,-0.0471948707596166,-0.0319519737444502,0.0594153496568799,0.0697049951696167,-0.1876737239104102,0.1438086924561375,0.0415670985078055,0.1207387144295904,-0.0022158351677327,0.2744075877645011,0.0094453884286203,0.0531400016390129,0.034489570166364,-0.0360594916812617,0.1048813463868637,0.103675423647177,0.1516578027300824,-0.1920939321430072,-0.0419950743299556,-0.0917644550132309,-0.1179499492658876,-0.2105107990378367,0.0754890949360161,0.0109458886102297,-0.0053105789517932,-0.0350855008684082, 305.0         , 18983.0      , 4550.0        , 3904.0       , 446.0               , 41103.0            , 8432.0              , 8433.0             , 1.46             , 2.17            , 1.85             , 2.16
PARBAT         , PARBAT         ,2020, 2076/77, Gandaki Province      ,0.0022304613899784,-0.1337850895712806,0.1727258726450162,-0.1031986580018065,0.0034360634565634,-0.0564089729912136,-0.108726220851451,0.1336174986123639,0.0041623567831032,0.0954782891577375,0.0506846370502265,0.0016574168462653,-0.2864563916836705,-0.0467445359045727,0.0409284933220139,-0.0633238491260166,-0.1688785909098767,0.0854314270051867,-0.0830110720745719,-0.1829900321634596,-0.0944345449301755,0.070276234032362,0.1038149085072709,-0.1000576333862845,0.1003178085254688,-0.0033211958930645,-0.0907042801516316,0.0091437710225988,-0.1087899189547384,-0.0220558670218002,0.0253274227367852,0.2206325019753486,0.0449278895812151,0.0193736637789985,-0.1585972644384533,-0.0634600166882559,-0.0362810629095959,-0.0377763552299945,-0.0041314932508692,0.0016589960992074,0.0200862804324577,-0.0087564228992941,-0.1777627269900375,0.0641975912570789,0.1242086932564696,0.1083369240941087,0.0296385645191118,0.2575270718610262,0.0521693748045192,0.0703781780897407,0.0499437886008595,-0.02427125114502,0.0761140710546925,0.0896304273378899,0.1502947650197577,-0.1729505851405411,-0.1206566806659553,-0.0829733216445943,-0.1249260328847569,-0.1347209226112835,0.112905152543119,-0.0128981707155737,0.0015601826532241,-0.0776376257986316, 81.0          , 13958.0      , 8499.0        , 2656.0       , 105.0               , 34843.0            , 8417.0              , 6772.0             , 1.3              , 2.5             , 0.99             , 2.55
PARSA          , PARSA          ,2020, 2076/77, Madhesh Province      ,0.0285603933425082,-0.1300750658152264,0.1557963646046803,-0.039361762194731,0.0435996678594409,0.0355517333029666,-0.0991873840861045,0.1089187783263744,-0.0428546209315431,0.1742013322613577,0.102872782872305,0.0969340927309131,-0.3220661989157246,0.0018189747089332,0.0045729094667183,0.0569043647153206,-0.1885287119963687,-0.0030081293064552,-0.0809605977831215,-0.102305726616582,-0.159230531706733,0.2469317701658575,0.1374048409591429,-0.037616469856745,0.0664977230610775,0.1148486889441127,-0.0292061787565849,0.0586397284447274,-0.0559325904254699,0.0492864016882306,0.0829398239195865,0.0963893511464364,-0.0005206929867054,-0.0752783835439668,0.0460056600732924,0.0839083311322645,-0.1914829135944015,0.0174773060007421,0.1157688694455685,-0.0684624391737872,0.0548022043717879,0.0046784538227168,-0.1716179476516438,0.2184510482339296,0.0977895652893455,0.0565353104647477,0.0400898868044834,0.1523875629360959,-0.0941564956125455,0.1060560521325451,0.0234843634805377,0.0780794047644136,-0.0080886236347395,-0.0939272784321579,0.2255338887020605,-0.1286041559711776,-0.1455926228955256,0.0203811939256603,-0.1198399469302424,-0.0573779059534439,0.082976417639725,-0.0948862282944791,0.0604626928595933,0.0494891077605463, 29.0          , 4580.0       , N/A           , 21992.0      , 42.0                , 17018.0            , N/A                 , 80822.0            , 1.46             , 3.72            , N/A              , 3.68
PYUTHAN        , PYUTHAN        ,2020, 2076/77, Lumbini Province      ,0.0339923563614568,-0.1151616391315444,0.1723379417878385,-0.0412205091544195,-0.0079292539056774,-0.0622386046087677,-0.1532618862034365,0.1648881851885,-0.0182762410650799,0.0636269748712013,0.0419272569704639,0.0209748140188999,-0.291186874434912,-0.0428791896182132,0.008320918546266,-0.0278713403392988,-0.1401917002791208,0.0919095346596498,-0.0979885888174567,-0.1458102234052117,-0.1081812754505186,0.081408393915263,0.130660825825283,-0.1051517627404463,0.0549458584289991,-0.0132546711160647,-0.0353584057917591,0.0298175921028017,-0.097393519577828,0.0265671386259459,0.0701583732286547,0.1996696852451087,0.0857163517957709,0.0218148712859615,-0.172168205391719,-0.0349482343855991,-0.0621485417360022,-0.0319321364398358,0.0307685364978397,-0.0319317522723958,-0.0191769536255972,0.020023721129305,-0.1803965631457189,0.0541011558606001,0.1183759587228854,0.1248889361966588,-0.0408760730650185,0.2494110451845479,-0.0251485867964956,0.0520717904809587,0.0339403473962998,-0.0168298819689008,0.061981368774754,0.0469136897121571,0.1677797026746963,-0.1581676774136609,-0.0940712411724954,-0.0632494797440958,-0.1225047072829621,-0.1270912272999242,0.1330613836009698,-0.0507691350181259,0.0139607077496417,-0.0648216886373866, 468.0         , 11306.0      , 2182.0        , 7951.0       , 764.0               , 27986.0            , 2672.0              , 23693.0            , 1.63             , 2.48            , 1.22             , 2.98
RAMECHHAP      , RAMECHHAP      ,2020, 2076/77, Bagmati Province      ,0.0039309507251239,-0.1156673967466321,0.1483516479859243,-0.0968958588759169,-0.0278782882753061,-0.0332101637510075,-0.0854293568750549,0.1148427283158558,-0.0097633111097154,0.085495999130169,0.0868126689270546,-0.0206411353640577,-0.2365112247430877,-0.0646721233244251,-0.0075903132781909,-0.0447006837271748,-0.1385905753751575,0.0982261998701462,-0.1147716546396787,-0.1662831313796765,-0.0820640386256076,0.094836435557862,0.087259747768004,-0.1127266108294365,0.0673591786844619,-0.0228303720992242,-0.0241610783758731,-0.0042848152062012,-0.1191985113450268,0.0471557191274832,0.0317513696953649,0.1849545287539903,0.0617120013649098,0.0445952226482448,-0.1775516058491387,-0.0584940735866237,-0.0678711632659393,-0.0688409662308182,-0.015199523531162,-0.0192880543107639,0.0282071426902152,0.0682219261857967,-0.1913088663905195,0.05133366253184,0.0685860037430289,0.1210296724407305,-0.0005772675327272,0.2233983855396881,-0.0214549639742926,0.0362868374870459,0.0389981064695922,-0.0094456899365595,0.0914194857444194,0.1019793302232693,0.1351548444174469,-0.1425382152258928,-0.0800518441219916,-0.0928171602013552,-0.1238305313619925,-0.1769695174783896,0.0450175567598247,0.0183607963512144,-0.0329066805264869,-0.0342137127755487, 63.0          , 21686.0      , 4831.0        , 3875.0       , 85.0                , 62121.0            , 5399.0              , 9106.0             , 1.35             , 2.86            , 1.12             , 2.35
RASUWA         , RASUWA         ,2020, 2076/77, Bagmati Province      ,-0.0269259266654611,-0.1910555057934058,0.0424400151945207,-0.0962014514061146,-0.072166305720331,0.0087525277582378,0.0179700482993406,0.0460313869550757,-0.0095031078866428,0.1294799536596877,0.0919258747229703,0.0189689495461804,-0.0723867409102527,-0.0084670053078603,-0.0833452925451929,-0.0260505023312388,-0.0944214782238636,0.0935049820139232,-0.0980417639827357,-0.1697001855667326,0.0688789568381837,-0.0108969479577285,0.0640683489472444,-0.0922252631479949,0.0282124642775888,-0.0686754449859388,-0.035356641232609,0.0381761446149922,-0.0450693319881345,-0.0168845645986153,0.0072871440047219,0.2009177279717496,-0.0475878444186524,0.0124293446858737,-0.116350883576034,-0.1595037591000951,-0.0537499391628497,-0.0967703813193718,-0.0741416495961699,-0.0406010353424039,0.024789703734725,0.0538700829052112,-0.1429838379117955,-0.0481847726132962,0.0152698753586016,0.160737769655484,-0.0293861284134102,0.17699134809661,-0.0317384284608774,0.0661360004175424,-0.0155987936226334,-0.0244854887011955,0.0809232920585501,0.1653698677311315,0.1966001629875236,-0.1074623010396334,-0.1542554435142742,-0.1725394687223142,-0.103380042562873,-0.1600912852303381,-0.0282643990474751,0.1278584973762091,-0.0952942231037974,-0.011375160704706, 253.0         , 2298.0       , 828.0         , 689.0        , 336.0               , 6088.0             , 814.0               , 1385.0             , 1.33             , 2.65            , 0.98             , 2.01
RAUTAHAT       , RAUTAHAT       ,2020, 2076/77, Madhesh Province      ,0.0094272073878447,-0.1135504577047574,0.1691690031121244,-0.0491911931125739,0.0408552595478728,0.0810929923806071,-0.0549284817082669,0.0604150085203925,-0.0787356115727427,0.1922600615515945,0.1248887572163562,0.0633916901227958,-0.2912427960508921,-0.0292623384234428,0.0319980344310444,0.0598681982700237,-0.2142271525299125,-0.009913567789829,-0.107989557082838,-0.1098257518361958,-0.1953528238954351,0.2911637349517216,0.0332231334040376,-0.026644337480976,0.0574504508606047,0.1652818697186966,0.0008035723886475,0.0541142676966652,-0.0527835869581801,0.0661466601270711,0.0885194725883629,0.0712949321278325,0.0114588908079225,-0.0220954057206345,0.0567105524977786,0.1580820949104042,-0.1972821351527052,0.0070818077168595,0.1079181250574303,-0.0230539023336236,0.0742593224403798,0.0813549812570561,-0.1798487115275205,0.1830660752210169,0.0657163855788609,0.0677077098345472,0.0700772412583913,0.1255807473033802,-0.1130629311317631,0.1042130455845979,0.0195140290556757,0.1174548318072307,-0.0204961326073554,-0.099327113721256,0.2278962943631071,-0.1398492483845793,-0.1347184643839426,0.0312868563404589,-0.1143851514869148,-0.0548295849849112,0.0252780438347439,-0.0857764533280874,0.0546972406867109,0.0845266081909418, 3.0           , 3506.0       , 70.0          , 14987.0      , 5.0                 , 12421.0            , 73.0                , 55831.0            , 1.57             , 3.54            , 1.04             , 3.73
ROLPA          , ROLPA          ,2020, 2076/77, Lumbini Province      ,0.0276741188944081,-0.1151122559521954,0.1605874558299698,-0.0454546461011966,-0.027527808183108,-0.0701543391408871,-0.1399965266428414,0.1561084826464632,-0.0002665643555231,0.0557199246242666,0.0294994023218284,0.0021941230294022,-0.259344116763323,-0.0345431528583177,-0.0067287263116198,-0.0381339332534712,-0.1551362070346996,0.1081700689548782,-0.0939795858327325,-0.1700837894613167,-0.046796449666187,0.0132253456769794,0.1325212320837085,-0.0931287295141435,0.0568501712265837,-0.0401643906279588,-0.0641307862916958,0.0109532676558773,-0.0787210298150211,0.0153679811260631,0.0466517052250119,0.2110976850111915,0.074991149488342,0.0401435508108645,-0.1922886877571148,-0.0534993394337618,-0.0506332566233424,-0.0369963926140682,0.0032171160185946,-0.0436403031674057,-0.0304558936174011,-0.0031662527764427,-0.1722194889952957,-0.018341613448974,0.096271223950603,0.127939578848045,-0.0491071677750914,0.2578403496759438,0.0068514025077023,0.0359362437850032,0.0491144064105336,-0.0576223293580876,0.0733406733985066,0.1067738487771705,0.1243157353457141,-0.1552733059536655,-0.093427152589106,-0.0672153531947154,-0.1444944901239693,-0.1457467235120882,0.1183435327629449,-0.023877808088336,-0.0049944242986656,-0.0862053229624371, 556.0         , 13438.0      , 1113.0        , 8407.0       , 661.0               , 34482.0            , 1276.0              , 24884.0            , 1.19             , 2.57            , 1.15             , 2.96
RUKUMEAST      , RUKUMEAST      ,2020, 2076/77, Lumbini Province      ,-0.003206309025028,-0.1865679382040566,0.1141377656240754,-0.0996309699330099,-0.0833668743994339,-0.0176490522440752,-0.0394807876770526,0.1038182358845733,-0.0053082965925572,0.081143567130341,0.0457357663223197,-0.0150774809580168,-0.1166744175885385,-0.0090144460589556,-0.0494275521419935,-0.006748337145072,-0.1366835721353974,0.1182334022704446,-0.1132865179168248,-0.1533775254486941,0.0720324853969257,-0.0308988851125282,0.103349097029731,-0.0817567448158528,0.0291763283165559,-0.0834026610632214,-0.0345890843640111,0.0299124876993814,-0.0275975216149323,0.0060981907595406,0.0243643479267171,0.2190710768045264,-0.0319180160128948,0.0444251513720889,-0.1454309120477848,-0.138901078430534,-0.0205262823501478,-0.0628112686760534,-0.0563264516633257,-0.0661478682588585,-0.0361410221881515,0.0265876419487069,-0.1632887109466111,-0.0737499296398982,0.0414508604957334,0.149405929921109,-0.0214321317349773,0.1747298931891285,-0.0349834470278762,0.0352223436213183,0.0148968344198227,-0.0458724989975774,0.0636306598539363,0.1820204168028163,0.1576813031708965,-0.0824603393764279,-0.1293042628072519,-0.1538082732465752,-0.1329299099621763,-0.1301788398542428,0.0098262690411234,0.0789638623393999,-0.0753019581505721,-0.0395463580373529, 413.0         , 8154.0       , 468.0         , 5173.0       , 528.0               , 21148.0            , 597.0               , 14485.0            , 1.28             , 2.59            , 1.27             , 2.8
RUKUMWEST      , RUKUMWEST      ,2020, 2076/77, Karnali Province      ,0.0188003471917526,-0.1581646027883294,0.1460119748750565,-0.0734143387330885,-0.04159193565207,-0.0495143528990579,-0.0926682641068311,0.1549226855856493,-0.0106587914085292,0.0544590138074608,0.0395880084710792,-0.0006913900360907,-0.1863840623864456,-0.0275802132110624,0.0079605957170244,-0.0393484395863836,-0.1085661370486485,0.1160907898429726,-0.1043222367717469,-0.1716904292835862,0.0172028458499382,-0.0244145316361535,0.1069103928903486,-0.0817564662311515,0.06287660612163,-0.0690867497830278,-0.0528439661687977,0.0167016632109178,-0.0349116615416113,0.0154876047058832,0.02277672636525,0.1896558943002131,0.0327081314487862,0.0473619916008925,-0.1843763580832801,-0.1042906832194231,-0.0179059416073491,-0.0284343448783249,-0.0179554923844497,-0.0473857995108188,-0.0181223078495235,-0.0041273126581627,-0.14216790823249,-0.0518603435510016,0.0784231903446074,0.1428904349901945,-0.0378888419369619,0.2446200869826895,0.0316759779791898,0.0466602134757556,0.0272431549346044,-0.0481231967562842,0.0532461138725503,0.1337801295120894,0.1607097208852426,-0.0968153167117407,-0.115058252512478,-0.1128859808148275,-0.1312973910509111,-0.1249365670793323,0.1032818661686315,0.0112385416018356,-0.0029007268695744,-0.0626236279851024, 41.0          , 10591.0      , 461.0         , 5673.0       , 518.0               , 21452.0            , 623.0               , 15772.0            , 1.25             , 2.03            , 1.35             , 2.78
RUPANDEHI      , RUPANDEHI      ,2020, 2076/77, Lumbini Province      ,0.0099613332398205,-0.1157144045697308,0.1907658899774836,-0.0198991869261344,0.0500480031058576,0.0743635590465711,-0.0307917193976747,0.066274822883505,-0.0712024415155495,0.1533386715706822,0.081957845761019,0.0842754346323421,-0.2973967483055138,0.0344619730811745,0.0619331697918088,0.0768680831614385,-0.186780050426092,-0.0013057648717416,-0.1113569803221022,-0.1466612554871034,-0.1698861803824288,0.2409860012396295,0.0555235160498164,0.0093844168036053,0.0416862412444507,0.16288671109392,-0.0236740796224513,0.0867097974331329,-0.0160896183052172,0.0399285333490521,0.0884186797948057,0.1050382590503854,-0.0138793084090163,-0.0578672393183289,0.0617088698604053,0.1288871048254578,-0.1873819320983187,0.0199671477086357,0.1147728658433541,-0.0085371053057675,0.074577558018335,0.0222381299432425,-0.2079263620422351,0.1559523068985047,0.094853215209845,0.0723283079063661,0.0797134003279263,0.1051738782570497,-0.1521595096190866,0.0985434209310054,0.0105902462439889,0.1267231217297334,-0.0544697043283738,-0.1160668285808106,0.2628343967623599,-0.1429152640693375,-0.1600303822786453,0.0317863100049238,-0.1362746821338037,-0.0595912889421776,0.0665318400103378,-0.0819186338510065,0.0679378060845245,0.061241889306679, 74.0          , 2639.0       , 46.0          , 26819.0      , 188.0               , 10359.0            , 52.0                , 95497.0            , 2.54             , 3.93            , 1.13             , 3.56
SALYAN         , SALYAN         ,2020, 2076/77, Karnali Province      ,0.0281158318588602,-0.1216443326402032,0.1517504933521333,-0.04483278148509,-0.0020021529743983,-0.0425364071644589,-0.1504555714625591,0.1688067200992419,-0.0308215014541091,0.0467383142837159,0.0521368485124419,0.0274818212121561,-0.3043705539541937,-0.0383787616040893,0.0377515784781331,-0.0010546356951023,-0.1709973259844597,0.0842878556620972,-0.0893230587113942,-0.1853400847098266,-0.1047556858224682,0.0575072684177765,0.1563239370468279,-0.1177998522121421,0.0544100553998293,0.0137265384762797,-0.0637297619315231,0.0457761276328619,-0.0700179161069207,0.0381599417569986,0.0601620488399266,0.2214245680688741,0.1020649251506432,0.0167241140284842,-0.1716643296636418,-0.0166236835758545,-0.0648965873643706,0.0005734808789603,0.0286366067414862,-0.0356821255835676,-0.0163832208521491,-0.0115273184300096,-0.1671377389402928,0.0356684933987724,0.1497981695456157,0.1132146460560667,-0.0327747885703779,0.2389867204844876,-0.0174606514001111,0.0327987398215246,0.0705476965592507,-0.0011612615533078,0.0760509602635599,0.0506593826560579,0.1322805060845073,-0.1604766174937564,-0.1083451777469752,-0.0356571491367429,-0.1099810072347515,-0.1151809281677833,0.1534453104135103,-0.0879589520850921,0.0434233304143507,-0.0923282056768964, 950.0         , 20005.0      , 1020.0        , 13992.0      , 1276.0              , 49386.0            , 1194.0              , 43375.0            , 1.34             , 2.47            , 1.17             , 3.1
SANKHUWASABHA  , SANKHUWASABHA  ,2020, 2076/77, Koshi Province        ,0.0114058222360622,-0.1547136781492162,0.0869172447743875,-0.0963740123856006,-0.0160033904067523,-0.0247516338781467,-0.0440358282990259,0.0764955698591301,0.0263587689279037,0.1415144467499992,0.0806786260373926,0.0086382322534677,-0.1534968240800364,-0.0164164403722682,-0.0621780237737302,-0.0254260744112702,-0.1176945422890353,0.0603446096974114,-0.0977672061915515,-0.1567286115799758,0.007238961987571,0.0709133206743866,0.063594062106973,-0.1056772411361122,0.0391879347439159,-0.0771385749709049,-0.041531648185321,-0.0047379794743334,-0.0935984485512942,-0.0192477588973478,0.0027213936636605,0.1613566783035549,-0.012051531553617,0.0266308174519606,-0.1270941287263983,-0.101404142112044,-0.0637384808577022,-0.0781503704117608,-0.0784048796811412,-0.0382163569889619,0.0364969259902871,0.0838009105041711,-0.1615366421240193,0.0418595232013988,0.0065384538551871,0.161200811615826,0.0011980583482624,0.2239376717930984,-0.0097270920800301,0.0780602499707805,-0.0144581180178209,-0.048314852261233,0.0948535040397485,0.143635673168721,0.1766594730971011,-0.1517012061232533,-0.1114213440635467,-0.152089118070713,-0.118647070426673,-0.1810491013715821,0.0116758285449971,0.0967127858701236,-0.0559193943677709,-0.0282859445237984, 13.0          , 12858.0      , 6361.0        , 715.0        , 17.0                , 28147.0            , 8029.0              , 1681.0             , 1.31             , 2.19            , 1.26             , 2.35
SAPTARI        , SAPTARI        ,2020, 2076/77, Madhesh Province      ,0.0085422787637269,-0.1219214694510422,0.1844434563160325,-0.0624142628336904,0.004030549780498,0.0818393755543145,-0.0414624391378921,0.0423123987587574,-0.0614422975609397,0.1721992490762692,0.1280263319429534,0.0150287907900269,-0.3069904077800839,-0.0372369565033633,0.0523581788702301,0.0929457790389776,-0.2099844669490134,0.0054295336906895,-0.1193160411669554,-0.0934885293946531,-0.1815802270388652,0.3024440937688525,0.0213737073638482,-0.0185979342851455,0.0680326107758605,0.1296334642813968,0.0227182691670071,0.0291640127824448,-0.09161529138229,0.0897378228627099,0.086674384543638,0.0601560524540062,-0.0027874526752861,-0.0345107039980902,0.0353398799633918,0.1698640702834976,-0.2095760531345179,0.0089543915928967,0.1182009565480534,0.0073302896776185,0.0699889836451829,0.0994703981421427,-0.1974180394194204,0.1876097656361976,0.0244716302824774,0.0648021504900623,0.0611516424969254,0.1153441555432076,-0.1122048017188753,0.0796330531912612,0.0348259586824311,0.1459612450787066,-0.0226332850734486,-0.0904924792067704,0.2202917215288752,-0.1316925853977975,-0.0830024875037998,0.0137518791761794,-0.1117374533994254,-0.099668938029949,0.0129900557943963,-0.0537532440802982,0.0499778760682435,0.095756444796939, N/A           , 3922.0       , 181.0         , 15314.0      , N/A                 , 12517.0            , 227.0               , 54343.0            , N/A              , 3.19            , 1.25             , 3.55
SARLAHI        , SARLAHI        ,2020, 2076/77, Madhesh Province      ,0.00932726494392,-0.1024508018723443,0.172080325950871,-0.0423843375063835,0.0338729044182662,0.0762109185464957,-0.0713921192371898,0.0723141773559575,-0.0839566938196633,0.1759764086831292,0.1289030416160326,0.0528954766452798,-0.3022665035818602,-0.0281173564478075,0.0268900731338103,0.0618374824139289,-0.200533167089063,-0.0012709466465968,-0.10681959536848,-0.0970348425382336,-0.22528742057465,0.3011606958089612,0.0432737943068518,-0.0389211825408256,0.0545806827475454,0.166709862953961,0.0123289880516876,0.0421175868643936,-0.0618745143698031,0.0745592268376525,0.0821135660515362,0.0709470226889473,0.0123199362633445,-0.0039741723591257,0.0451931479213739,0.1534237043188149,-0.1956256913277251,0.014229697059802,0.0959851281931018,-0.029423883524494,0.0792743624505788,0.0931024070441786,-0.1796071593797766,0.202045222374818,0.0508817451172976,0.0790233973412975,0.070670501182295,0.1166540358242704,-0.1137252323155307,0.0891938742315877,0.0130168536737814,0.1115907246493751,0.0022325754408614,-0.0803480900395173,0.2300120865202611,-0.1499807262343798,-0.1316626308254994,0.0240135845783638,-0.1014658337109614,-0.0817721461508702,0.0228218250568244,-0.0885592672934613,0.0666608255971037,0.0784634783456204, 62.0          , 11276.0      , 702.0         , 22479.0      , 71.0                , 37620.0            , 627.0               , 76592.0            , 1.14             , 3.34            , 0.89             , 3.41
SINDHULI       , SINDHULI       ,2020, 2076/77, Bagmati Province      ,0.0587248947070986,-0.0821591907346933,0.1664033655206655,-0.0532343046056973,0.0416937880989457,-0.0213447444800525,-0.1548911549808679,0.1410893053325742,-0.0077582125728057,0.1067062950896968,0.0929108509839266,0.0404937304319452,-0.3283639790235856,-0.0627486291042407,-0.0097751857830234,0.0017029677475936,-0.1224815647769902,0.0593759560018134,-0.1015309219565174,-0.0970877468806739,-0.1558476886907359,0.1996343793337589,0.0932425916704533,-0.1031154972029949,0.0709080112961195,0.0215125267147037,-0.016320372096594,-0.020230083986075,-0.1318866540392818,0.0687923769538549,0.0681430427322422,0.1408733053655885,0.0813998487425779,0.0143079719568005,-0.124572131197599,0.0337095765843606,-0.1597249542297037,-0.0388545239173069,0.026197283149019,-0.0427000991791799,0.0529900415621743,0.0767344106171419,-0.1521342222669723,0.1910214380964122,0.0800660402563904,0.1010699804457515,-7.675949302122388e-06,0.2522015205536704,-0.0268442076878911,0.0584238691568359,0.0187610252057251,-0.0189913067913531,0.0750635741123944,0.0327043034328514,0.1752970010520599,-0.1704456952587162,-0.095788871497071,-0.0338613277862766,-0.0759356489449996,-0.1286126487851131,0.0770082983932452,-0.0416597094626767,0.0312927756589389,0.0082547369887574, 41.0          , 25657.0      , 11934.0       , 6875.0       , 65.0                , 81197.0            , 12163.0             , 19388.0            , 1.59             , 3.16            , 1.02             , 2.82
SINDHUPALCHOK  , SINDHUPALCHOK  ,2020, 2076/77, Bagmati Province      ,-0.0113099303546401,-0.1487391387131228,0.1263057669019696,-0.1042734922936816,-0.0208339043966837,-0.0319240877019541,-0.0603619242627904,0.0901497469620892,-0.0083657214030696,0.1199201203331396,0.0718548667660599,-0.0030852882012755,-0.1783669483166064,-0.0294381008059471,-0.0284011544807214,-0.0522595753982563,-0.1369202049971004,0.0787198895215553,-0.0980026215820345,-0.1703939648690106,-0.0183249574264097,0.0557253684305019,0.0725034489381554,-0.1129513696198099,0.0494071184786457,-0.050725627912704,-0.0379137582017732,0.0046033718729734,-0.0949183305240981,-0.0154387544252007,0.0284673463303609,0.1902741643448744,0.0084582169896214,0.0289936334440501,-0.1507393382676234,-0.0925189567552973,-0.0479058091586884,-0.0718862504703151,-0.0521963804749133,-0.0209151247217983,0.0235358713941882,0.060881601569188,-0.1785486767683155,0.0261949997385243,0.04143797294716,0.1412977942534089,-0.0046335843646059,0.2122592808704404,0.0033341476308266,0.0650455801046698,0.0103222963813182,-0.0384125687983528,0.0931308583193701,0.1398583748413423,0.1587541565200391,-0.1433330794262377,-0.1259605854012739,-0.1339864842689337,-0.1375498171830143,-0.1802564068606308,0.0412331156904749,0.0498556900103234,-0.0598989052662477,-0.0351440450883375, 172.0         , 25168.0      , 16952.0       , 6908.0       , 205.0               , 70470.0            , 22079.0             , 13954.0            , 1.19             , 2.8             , 1.3              , 2.02
SIRAHA         , SIRAHA         ,2020, 2076/77, Madhesh Province      ,0.0105096269005358,-0.1090747889711749,0.1901935820150416,-0.0585278436071351,0.0100464131098371,0.0827843060296652,-0.0579041892868156,0.0583258100906068,-0.0758178277201361,0.1595337560772651,0.1216338749869156,0.018079358718311,-0.3099765027178191,-0.0335706433793732,0.047300892131842,0.0906990113339527,-0.2070712358082802,0.0197360552069936,-0.1193899468364046,-0.0939598244612055,-0.2123888178508276,0.3073604666131232,0.0389826070606753,-0.0319024612877255,0.0604631990988856,0.1487205662305652,0.0173658027415684,0.0333371853924581,-0.0962695913176743,0.0999469402175977,0.0857450999601975,0.0545334177908916,0.0079029943292486,-0.0222059078856692,0.0403223933151867,0.1603209607063208,-0.2017066350781692,0.0132162516790114,0.0988089523379508,-0.0068702906595202,0.0745179747046378,0.1028873599980093,-0.2041236240914996,0.2029288529496593,0.0350663104174193,0.0797028798091886,0.0612703239520128,0.1049660254063302,-0.122915514571062,0.0792900011930918,0.0221602716959933,0.1394100618416846,-0.0095832262221253,-0.0816463474459391,0.2246063848031647,-0.146124587894317,-0.0940514471668356,0.0186847890825656,-0.1040872910093972,-0.1046697809190537,0.0118096427008214,-0.0656930599692144,0.0512672171136844,0.0987206003585637, N/A           , 3991.0       , 435.0         , 11781.0      , N/A                 , 11993.0            , 450.0               , 41287.0            , N/A              , 3.01            , 1.03             , 3.5
SOLUKHUMBU     , SOLUKHUMBU     ,2020, 2076/77, Koshi Province        ,-0.0143539343700601,-0.168079094758412,0.031231172557058,-0.0821634882209807,-0.073233295021446,0.0010881814433043,0.0132857229693723,0.0254313320420401,-0.0058007558768627,0.126859888289381,0.1064278480618109,-0.010212757954928,-0.0832986597363363,-0.0215240784743173,-0.1038018030316879,-0.0260203542268658,-0.1014525434669474,0.085632149405963,-0.0893486426642992,-0.1728464050091048,0.0481649702370692,0.0190141537626261,0.0688420928980741,-0.0998682104008477,0.0137741616771589,-0.0798419183237138,-0.0292204132182291,0.0402099667090856,-0.0624614598460038,0.0031648881264609,0.0037968639906149,0.1949645864698822,-0.0451494475226615,0.0196936118789232,-0.126942736392001,-0.1475926330920689,-0.0800918851139532,-0.1076526868108236,-0.0820144531068628,-0.0387473490067819,0.0415198686600247,0.0752757446213065,-0.1549672718433556,-0.028602393234415,0.0153646499638192,0.1542056321703107,-0.0214289801111654,0.1655733490368139,-0.042860504805275,0.0525599782779128,-0.0100254759259206,-0.0183509499127167,0.0822541341608306,0.1549172568248102,0.1691324219347098,-0.1351045643232875,-0.1379689533413379,-0.1552216370736943,-0.1099842155548966,-0.1853316890783599,-0.0527102285312513,0.1186269271096791,-0.1298374700599328,-0.018549563580898, 165.0         , 14050.0      , 1827.0        , 2669.0       , 193.0               , 35309.0            , 2460.0              , 5603.0             , 1.17             , 2.51            , 1.35             , 2.1
SUNSARI        , SUNSARI        ,2020, 2076/77, Koshi Province        ,0.0178012025679031,-0.1251313375173057,0.1849139628682277,-0.0684528090618405,0.0093863901660944,0.0656978933714085,-0.0323229251761776,0.0360252130729686,-0.0548980291628704,0.1770857246679556,0.1283272919125885,0.0195458138787282,-0.305019638125602,-0.0577321103446232,0.0401218653819262,0.0788280289994193,-0.202119105477896,-0.008568727517775,-0.1270790707111121,-0.07795832768072,-0.1824336184639849,0.3068233250220546,0.0172675596855241,-0.0155633708325517,0.0716094798126912,0.1181204791941442,0.0051248253592109,0.0213699110515468,-0.0902078227219563,0.0805633367136232,0.0658745644736194,0.0516093076080395,-0.0181049122729913,-0.0301190811256384,0.0601900591807609,0.1375429524043473,-0.2003905093543917,0.0005903740821746,0.1037241863441691,-0.0150306011184071,0.0602783740595854,0.0941308186857061,-0.181705907169408,0.2111022097711613,0.0395355341059567,0.0718344740815936,0.0517966070002315,0.1402558187312685,-0.0809242891166373,0.0965245901430311,0.0202608475347848,0.1218969207594422,0.005233655368135,-0.0734149013832027,0.2120896846863889,-0.1387482987974407,-0.0758304217839409,-0.0217931478681451,-0.1186079985043696,-0.1074847487729472,0.0079195108623794,-0.0656029364782886,0.0468093238645359,0.0875716674066064, 11.0          , 8949.0       , 499.0         , 12959.0      , 24.0                , 27900.0            , 575.0               , 42117.0            , 2.25             , 3.12            , 1.15             , 3.25
SURKHET        , SURKHET        ,2020, 2076/77, Karnali Province      ,0.0321864911783836,-0.1145349337994849,0.136726539681034,-0.0379425654979796,0.0288903753989826,-0.0256476203986806,-0.148596683408734,0.1666254350969481,-0.0334157802760841,0.0625201629658642,0.0574480066502076,0.0534521144116631,-0.3189495677089278,-0.0542687726975577,0.0390212400453552,0.0172480847595982,-0.1813761602592985,0.0661135805044059,-0.073306619395301,-0.1597138020281725,-0.1335915004972331,0.1259984271881999,0.1484992748448663,-0.1060035224889188,0.0599271403224962,0.0342719109054378,-0.061416078895731,0.0510473227588008,-0.0634214248463728,0.0250637627509871,0.0664019384742613,0.2108035725455718,0.1048646064249504,-0.0021526311536339,-0.1315492270684251,0.0072644746196798,-0.0813397121423635,0.0108193051181085,0.0146841088577413,-0.0568044483209677,0.0033680293185993,-0.0195313374207915,-0.1523780889475418,0.0901085603951533,0.1660943131691997,0.1232265523962464,-0.0107575358238059,0.2160453064264184,-0.0191345567481614,0.0668508854309832,0.0514673086940166,0.0156781598447773,0.0691732695072731,0.0212465220195808,0.1477664368679338,-0.1630568765012538,-0.1334864775397978,-0.022474085037412,-0.0910942846508436,-0.0951515037297023,0.1607362461281911,-0.0984395335729505,0.0520786054061488,-0.080244187776549, 931.0         , 15011.0      , 2215.0        , 13941.0      , 1424.0              , 43844.0            , 2957.0              , 42425.0            , 1.53             , 2.92            , 1.34             , 3.04
SYANGJA        , SYANGJA        ,2020, 2076/77, Gandaki Province      ,0.0025658628274825,-0.1009847960590132,0.1737169384180433,-0.0593056780628832,0.0243084752877818,-0.0718704333167862,-0.1496236014261261,0.167967595955444,0.0009505157358988,0.0840789084999309,0.0447199033625248,0.0237472231169985,-0.3244537834216968,-0.0440225126929078,0.0247850260840323,-0.0574305513048753,-0.179919552716832,0.0893103828304718,-0.1082395459109871,-0.1339298593066312,-0.1588439281803521,0.1192729837636129,0.0944420387272425,-0.0930941506044494,0.0980133787551048,0.0217692220715639,-0.0495102050811341,0.014578899399595,-0.1141219544029191,0.0137586582022661,0.0531249129550623,0.2348532542437102,0.0589505177452161,0.0086416325597293,-0.1472364999138693,-0.0262924329303469,-0.0776751617778671,-0.0209470189924894,0.0393073257746949,0.0088347935048371,0.0102719965680544,0.0120688279522467,-0.1735672220922374,0.095641133050188,0.1346659025522368,0.1051764785475033,0.0333856051189783,0.2314615678423455,0.0056178699300356,0.0705346865270666,0.0569467803454864,-0.002113125675309,0.0580281625752981,0.0421470500478161,0.1673159857744852,-0.1854415216176314,-0.1465614933849502,-0.0623747572078619,-0.1089495933185486,-0.0911939416612358,0.0826754145037697,-0.0446201818294399,0.0154887502252515,-0.0592013942932432, 4.0           , 26275.0      , 15926.0       , 5098.0       , 6.0                 , 96452.0            , 20004.0             , 14509.0            , 1.65             , 3.67            , 1.26             , 2.85
TANAHU         , TANAHU         ,2020, 2076/77, Gandaki Province      ,0.0145435209547458,-0.0739400329170824,0.1564233521914303,-0.0402514499145564,0.0444083159458123,-0.0609251332024502,-0.1854019265806054,0.190708433509904,0.0102776623570585,0.112035959262554,0.0493502119631276,0.0535560716545089,-0.3161402748729329,-0.028588668770534,0.0015043758885599,-0.0462896571499136,-0.1651788806832473,0.072902663091495,-0.1011037675261883,-0.1097784796151178,-0.1874593182963294,0.1510679397572943,0.0834299288476295,-0.0776787536570595,0.0920611405062023,0.0415925070852916,-0.0450785838591067,0.002366504022414,-0.0755633601334454,0.0229903058530009,0.0409981820865102,0.2213754266718114,0.0561620352283214,0.0075315777980857,-0.0954561622991556,-0.0026202269394128,-0.109664042012428,-0.0167479312810442,0.0593635693132319,0.0030452221797422,0.0183321233801767,0.0391860141360898,-0.1568984348911885,0.1307216725082031,0.1077037777939764,0.100346638918919,0.0338168135770227,0.2508044694302433,-0.0028334473769436,0.0890563792401465,0.0513296859102961,-0.0035303574261491,0.0541780322768747,0.0186601361801436,0.1909353720368662,-0.199453487813745,-0.1578198435106049,-0.0587967188188365,-0.1012530739201243,-0.0515508303211624,0.0535230157988514,-0.0655609062030625,0.0519120888667541,-0.0401460292555665, 6.0           , 22835.0      , 6656.0        , 1643.0       , 6.0                 , 73594.0            , 6587.0              , 4119.0             , 1.03             , 3.22            , 0.99             , 2.51
TAPLEJUNG      , TAPLEJUNG      ,2020, 2076/77, Koshi Province        ,-0.0034416912165254,-0.1726046442264813,0.0561379919365461,-0.0915235786902597,-0.0546351763004037,0.0025780095472462,0.0006067811257377,0.0332287965547132,0.0106173778663201,0.1313595802959951,0.1014343192837955,-0.0017742969138551,-0.0870790632567999,-0.0212251737869778,-0.0809741498195474,-0.0266466203698116,-0.0920485033682553,0.0698476202134942,-0.0856850353712578,-0.1657078567436238,0.0417983861058526,0.0446677433216177,0.0652086790578447,-0.0998486410699647,0.0218674543407878,-0.0868578826508777,-0.0323071355023327,0.0226743274348775,-0.0786879025947548,-0.0126110457948705,0.0001231174031738,0.1778613372930018,-0.0418049348921832,0.0197830488231388,-0.1290243505637171,-0.1428476755500572,-0.0741599180394311,-0.0991278409055097,-0.0988805735246558,-0.0393284308396513,0.0476670509917066,0.0926456561528205,-0.153474703242376,-0.0019455964516231,-0.0031488934346838,0.1705504834467552,-0.0149873795654703,0.1885894599103481,-0.0343545100965029,0.0620401391263218,-0.0262127694382074,-0.0259104949797291,0.082728278193308,0.1527290750879871,0.1769083929243266,-0.1461175487362372,-0.1097821414435012,-0.1658056861016897,-0.1167141078502176,-0.1932728651131965,-0.0347981187087339,0.1181208048968117,-0.1015704741827693,-0.0289055460870698, 270.0         , 9598.0       , 3008.0        , 1535.0       , 402.0               , 26874.0            , 4181.0              , 3546.0             , 1.49             , 2.8             , 1.39             , 2.31
TERHATHUM      , TERHATHUM      ,2020, 2076/77, Koshi Province        ,0.0291276313417688,-0.095081048588309,0.1909044774981466,-0.118124778524974,0.0056677658620344,-0.033356434442613,-0.1272170719737302,0.1078732902883631,0.0055375078149546,0.0961849187527965,0.0861116596194878,-0.0150566608420294,-0.2675886765059567,-0.0873569426235125,0.0289619917043943,-0.0388194133827513,-0.1637638205151239,0.0532916350757394,-0.091951880127118,-0.1280389043830089,-0.1457993802006653,0.1892104263087797,0.0948368272189277,-0.1118373477420235,0.0503172054730182,-0.0377518136185881,-0.0253258665141476,-0.0280567884430946,-0.1579600802561875,0.0089745424676059,0.0445576579055446,0.1556178796418356,0.0698345365662319,0.0369538969824983,-0.1432979461804968,-0.0003867847738818,-0.0673097084176009,-0.0648210391945915,-0.0492310224450586,-0.0173682109165047,0.0425206126993302,0.1002596299551649,-0.2006642294534757,0.1630789383199881,0.0482976327819306,0.1559555163566596,0.0234633461535586,0.208313421099218,-0.0293968305913308,0.0470642097403257,0.0252860490934013,-0.0091896351499641,0.1233094995636123,0.079378597243426,0.1285912690539083,-0.1991102864770965,-0.0484723730332676,-0.083444613082171,-0.1522382440562588,-0.2402881795600382,0.066139785768466,-0.0150746790867015,-0.0325030191464253,-0.0696478807888947, 64.0          , 12117.0      , 2603.0        , 2400.0       , 85.0                , 32615.0            , 3269.0              , 5064.0             , 1.33             , 2.69            , 1.26             , 2.11
UDAYAPUR       , UDAYAPUR       ,2020, 2076/77, Koshi Province        ,0.0671638393134316,-0.0968791743547443,0.17123302495422,-0.0684174312948333,0.0104862854543136,-0.0127902072527057,-0.1380187461620591,0.1263780561932084,-0.0154306580950941,0.1149233793179943,0.1031966837396992,0.024197593746169,-0.3327999481218385,-0.0705852508373866,-0.0016710274609788,0.0329466917204548,-0.1231562366343584,0.0553131377993028,-0.1027299389529391,-0.0785022042368239,-0.1610320524350952,0.2353619856943631,0.1030955034410257,-0.0988611214972576,0.0763589007764885,0.0284828697368463,0.00800840559681,-0.0089604142123322,-0.1438874771340333,0.0914038646844013,0.0680034122188234,0.120963581564749,0.070890483753791,-0.007427694523667,-0.0905700069013132,0.0463574968238671,-0.1678632064144062,-0.0434710151213173,0.0420023435664919,-0.0456614644179548,0.0550399944361223,0.0970681706455283,-0.1624891094084639,0.2275505292081457,0.0693589143991331,0.0916390515062397,-0.0082317624562291,0.2284375592704,-0.0359816598148455,0.0729573207478611,0.0087411283425962,0.00461208253018,0.0700871578794415,0.021843678607981,0.1735823471698392,-0.1638692581791273,-0.0688095283330252,-0.0525743972015238,-0.083328612063608,-0.1346788793039681,0.0631102784947237,-0.0383336174153955,0.0300618478682005,0.0353352937447776, 25.0          , 17907.0      , 2963.0        , 5130.0       , 39.0                , 42350.0            , 5589.0              , 14108.0            , 1.54             , 2.37            , 1.89             , 2.75
ACHHAM         , ACHHAM         ,2022, 2078/79, Sudurpashchim Province,0.0786632854956026,-0.0622707465294287,0.194790054588773,-0.0692149317911053,-0.0175702985903759,-0.0744732986772724,-0.1521103378335354,0.1639171669140798,-0.0091974331269136,0.0046243102118957,0.0867693513534489,0.0707062419149827,-0.2262330503805562,-0.043249536823338,0.058679271857525,0.0036548129830292,-0.0041383314077626,0.0438790628890954,-0.1202666088120361,-0.1535566977917762,-0.1509563997575286,0.102613687185683,0.1370399692983817,-0.1125494235881797,0.0037755159760922,-0.0646001432932386,-0.0199606152916881,-0.0187580531801715,-0.0443501571208542,0.0452884466588608,0.0714996367459898,0.1266464576431276,0.0788929628084262,0.0972678083076073,-0.1559498759814929,-0.0513784897447325,-0.1090015582231976,-0.0338009555658925,-0.0431067716679992,-0.0385983694383349,0.0589685478693056,0.0903969702689797,-0.1078581128913805,0.1640323022432036,0.0301372885860209,0.1668604056938357,-0.0127003080298453,0.1898937962742083,-0.0077314229738243,-0.0498041077357175,0.017432884745538,-0.0662319462857655,0.0750852514255795,0.0990771595964172,0.1185392305948177,-0.1908356103715998,-0.0521413201218999,-0.0921593328782374,-0.1049277651992727,-0.2525904086853442,0.119351802124617,-0.065111615660607,-0.01173064565079,-0.0624877750653896, 412.0         , 6688.0       , 3857.0        , 14730.0      , 455.0               , 20714.0            , 4912.0              , 24676.0            , 1.1              , 3.1             , 1.27             , 1.68
ARGHAKHANCHI   , ARGHAKHANCHI   ,2022, 2078/79, Lumbini Province      ,0.0796476595901805,0.0004425628804585,0.1751181895714307,0.0013052198917845,0.0006414306749944,-0.0674593412242929,-0.189318206046561,0.1635531738636882,0.0092365258008996,0.0311829996879818,0.0729037491071478,0.1192403055894211,-0.2853260830310893,-0.0015516306287816,-0.0265708703250312,0.0466498308955149,-0.0242850256607075,0.0515062584160207,-0.1131752641528953,-0.1413424632573444,-0.1986987076833811,0.1482422807389555,0.1715677905913746,-0.1170396621781983,-0.0118387243520265,-0.0225222792324682,0.0163115565824877,-0.0245990040060139,-0.0517202117799822,0.0836760698983215,0.0704536235285085,0.1493984836262842,0.0914795133883721,0.0779713824439699,-0.1175327150107617,-0.0311257939586608,-0.136061111781537,-0.0159658364658585,-0.0395074035912815,-0.0506732162121979,0.0297119448652476,0.084206597191062,-0.1054539442487854,0.2033755454047376,0.02548169042886,0.1313874707426888,-0.0360997744700987,0.2138784680467705,-0.0091002338823075,-0.0214911409457437,0.0209185840464062,-0.0854338421595007,0.0746033314486355,0.0457547811800701,0.1430688743671973,-0.2219793068875948,-0.0427410897962382,-0.0510878286672433,-0.080362077831622,-0.1985240817972466,0.0985222817017715,-0.1032995055104832,0.0093290167604752,-0.0394864136286112, 375.0         , 16955.0      , 511.0         , 7340.0       , 388.0               , 54975.0            , 577.0               , 19955.0            , 1.03             , 3.24            , 1.13             , 2.72
BAGLUNG        , BAGLUNG        ,2022, 2078/79, Gandaki Province      ,0.0530828264405488,-0.0540324261997139,0.1733903549568395,-0.0455228186702912,-0.0159671822699701,-0.0857927344672658,-0.1556675306003013,0.1252670910571549,0.0377665088909815,0.0412558828188395,0.0591617532548879,0.0337485201470039,-0.1561376217388465,-0.0163653996898044,-0.0305579068778154,-0.0245115210656477,-0.0506203217866964,0.0422576772742304,-0.1204631623714874,-0.1516995367593295,-0.0604392379237823,0.0292506908814069,0.1305966470125652,-0.0932534409294575,-0.0040642134921755,-0.1008857486498402,-0.0243590767034962,-0.0545158742716051,-0.0323576535252195,0.0455552710153968,0.0305053829912521,0.1564950419054948,0.0277752309555931,0.0847568697551594,-0.1600787662053105,-0.0963590492424953,-0.0833622307610306,-0.0584745603858762,-0.0885062556160273,-0.0342320382035752,0.0167157874279675,0.0714700122139183,-0.1392917411382264,0.0718672697791828,-0.0319728965481886,0.1734220968381591,-0.0265986362139493,0.1867166735375162,0.0140066846842748,-0.0208564609809457,0.0044559138236369,-0.0938541677753686,0.0763481386599533,0.175133780125039,0.1001629655441141,-0.2059424712175464,-0.0593440950303579,-0.1175468824230713,-0.1416647917226781,-0.2463256993084963,0.0309440853111581,0.0230877231137796,-0.0586393889880299,-0.0508253934492654, 90.0          , 18850.0      , 18456.0       , 6900.0       , 120.0               , 64260.0            , 23247.0             , 17319.0            , 1.33             , 3.41            , 1.26             , 2.51
BAITADI        , BAITADI        ,2022, 2078/79, Sudurpashchim Province,0.0697607283817259,-0.1132860275379136,0.1805372110073388,-0.0989836959598156,-0.0244987664214734,-0.0496795620164921,-0.1119588815070623,0.1694724396100612,0.0004623210280659,0.0176353076410455,0.1003960904453454,0.0915473921516295,-0.2529427906885545,-0.0627190527413888,0.0941772230517958,-0.0023453678856174,-0.0186070014655682,0.0361661209735191,-0.1303065098312943,-0.1948427171605221,-0.1186227057745067,0.0848665155982144,0.1010013310086766,-0.1126328299958629,0.0373142111016545,-0.0362615388695499,-0.0494884989758323,-0.0466574497193205,-0.0476319138121774,0.0643906432161605,0.0441367238392107,0.0980657215175256,0.1213443789992161,0.1003065120632298,-0.1477399292927411,-0.0378093523358101,-0.101673742281961,-0.0589737155902461,-0.0598249623709683,-0.0383192173241192,0.0436223173491818,0.1025134389095499,-0.1145819466324875,0.1345751854701296,0.0224595190977979,0.1885111671880881,-0.0233224983748358,0.2475971661632448,-0.0447246495516719,-0.073669466754998,0.034642985715885,-0.0177144304941665,0.1175765988861755,0.1442845609063077,0.0633111313315498,-0.1956580132932333,-0.0321185236568655,-0.1007224855304525,-0.0839963441507096,-0.211943378193801,0.10071593090535,0.0067326498710771,0.0027274152097999,-0.0668524678275517, 671.0         , 10864.0      , 354.0         , 15400.0      , 812.0               , 32078.0            , 408.0               , 24122.0            , 1.21             , 2.95            , 1.15             , 1.57
BAJHANG        , BAJHANG        ,2022, 2078/79, Sudurpashchim Province,-0.0020876281803988,-0.1503717970995484,0.0769511331432411,-0.0935002837235081,-0.0548848886713757,-0.0228535466234133,-0.0358441434224671,0.1195098709506691,-0.0131693945019909,0.0751979831261185,0.0590332306575656,0.0451754068857133,-0.0428199516305868,-0.0349459197847199,-0.0641701117095584,-0.0055782133326547,-0.0036506137734155,0.030058982036933,-0.1159362581691785,-0.1496914064200897,0.0176079387225665,0.0047690366059671,0.0587475070390436,-0.1086450500488496,-0.0039125572623436,-0.081247088365994,-0.0312807036188061,-0.0182807518031237,0.0185733556421776,0.0399042188128783,0.0268828044349848,0.1085079438532403,-0.0178594415153094,0.0613756286594534,-0.0916155241358919,-0.0990669036185875,-0.0898811558881371,-0.0778787550182415,-0.1254025022926672,-0.034350536214306,0.0272468959086278,0.1288010230283653,-0.1158574376350806,-0.0109082470941846,-0.0175551015059081,0.2315156466550118,-0.0211187780718931,0.1367059102442184,-0.0655952815656697,-0.000107009020391,-0.016128935503375,-0.0186343883900761,0.0611759315299677,0.2107893088483977,0.1642681612003966,-0.1370999610976868,-0.1369449776583055,-0.1670328641500043,-0.0914691167064321,-0.1678726444380407,-0.0618166011429867,0.1031299686048745,-0.1035599485672916,-0.0330659078232777, 2354.0        , 4050.0       , 2761.0        , 10927.0      , 4102.0              , 6599.0             , 3525.0              , 21944.0            , 1.74             , 1.63            , 1.28             , 2.01
BAJURA         , BAJURA         ,2022, 2078/79, Sudurpashchim Province,0.0261512869319799,-0.1448927546690758,0.1171536285639432,-0.0854143040932882,-0.0417662761150536,-0.0470113043235789,-0.0821866306872747,0.1300563185799849,0.008148898578053,0.054671680147004,0.0664833430161088,0.0152466380473536,-0.0788939850457645,-0.0119437222770677,-0.0282322156792813,-0.0222084609145422,-0.0298464113495154,0.0271377045073698,-0.1338889633132566,-0.138392989999647,0.0171436982737347,-0.0093056227656235,0.077351602697464,-0.1032088317245831,-0.0044545950894335,-0.1136783094750212,-0.021253266891386,-0.0270430529049354,0.003873234274557,0.034455784695987,0.0423535554878447,0.122491185525625,-0.03541466477397,0.0703343405695124,-0.1236832943791832,-0.0896771441015553,-0.085575797173799,-0.0498549368733259,-0.1080334070509586,-0.0401329022964875,0.0144141998802755,0.0920898812100227,-0.1170253267595559,0.0237611708526891,-0.029102355017842,0.2156381570533823,0.0030889103497138,0.1253324483971629,-0.0388671312371248,-0.0107839337224968,-0.0137447062026626,-0.0566321937557115,0.0575068853538885,0.2238304946631844,0.1484855621387394,-0.1250269188944304,-0.1448701172055672,-0.1589016800479776,-0.127783466532989,-0.2018275261215946,-0.0068163156555307,0.068735154328041,-0.0890628784659127,-0.0285723095451117, 1470.0        , 3293.0       , 5870.0        , 10450.0      , 1970.0              , 4850.0             , 5907.0              , 15675.0            , 1.34             , 1.47            , 1.01             , 1.5
BANKE          , BANKE          ,2022, 2078/79, Lumbini Province      ,0.0430458122427576,-0.0376735560379748,0.1122827777508476,0.0085981912368169,0.0035826328242235,0.026371534865533,-0.1159360746107295,0.1351123756195894,-0.0719424581252327,0.0969831132354583,0.1694846205286362,0.1443971229569205,-0.3003919057523535,0.0153413172854381,0.0011432245400666,0.1544962501262907,-0.082569345134218,-0.0191846138164346,-0.05466885175939,-0.1594605286591097,-0.2521368969540818,0.290538744749418,0.1941157221269701,-0.0853615873997973,0.0098859980686185,0.0466446616973515,0.050035758082022,0.0761666693071634,0.0025883769392559,0.0569251710669544,0.0897899801319872,0.0841600229514236,0.0604089348974852,0.0129481481076722,0.003928210553507,0.0327589997791906,-0.1881577206747902,-0.0067451003995864,0.0047900856933398,-0.0530749499754837,0.0676109973205655,0.0984897327873699,-0.0603683505355051,0.2496526418903425,0.0412888408274121,0.1053061854621177,0.0499346425418701,0.077859584792333,-0.037504549907081,-0.0027987741489798,-0.0422209871082067,-0.0027009979042487,0.0473813935586634,-0.0494859094708126,0.1627421303108025,-0.1762875832986969,-0.0726251551340691,-0.0058706399643623,-0.0455658875840015,-0.1669586817006237,0.1146998767496994,-0.1737823198210538,0.0765147560237151,0.0129895441579546, 8.0           , 19545.0      , N/A           , 23500.0      , 11.0                , 62192.0            , N/A                 , 79000.0            , 1.37             , 3.18            , N/A              , 3.36
BARA           , BARA           ,2022, 2078/79, Madhesh Province      ,0.0214293588880307,-0.0592431331987691,0.1407787078989948,-0.026043523982896,0.0012790606391145,0.0732805040844552,-0.0824864655417518,0.0780169498414317,-0.0863805315395145,0.1459059717044502,0.16323255431532,0.1311295788667435,-0.2964282082946922,-0.0083119099958145,0.0112409935188079,0.1238886480375455,-0.1240177930389704,-0.0601247888332635,-0.1015963121575263,-0.1347077541247646,-0.2390254508081176,0.3088250199623213,0.0931223727064406,-0.0494057516332951,0.0206259170523856,0.1177695011240086,0.040396602087021,0.0486642602245229,-0.0043583181293638,0.075156009192454,0.0846769344581289,0.053524177622732,0.0029139764517885,-0.0057026981324906,0.0634844150944577,0.0987622990600647,-0.1903489413243749,0.0025517528110072,0.0466551787660086,-0.0455568571659686,0.066777168093389,0.1204875629388534,-0.103752210719864,0.2372756552727223,0.0464044554216755,0.0921939366219776,0.0570724054914649,0.0960796599310802,-0.0947341812833323,0.0434452134144487,-0.0282069528921231,0.0445190178637975,0.0218633669409543,-0.0887740714788197,0.2005733206782264,-0.1643375342580575,-0.0558372255223551,-0.0194835112104401,-0.1061954103948867,-0.1174731426440579,0.0582976991073423,-0.1510176682499475,0.0459966628479711,0.0513581057926014, 38.0          , 11940.0      , 76.0          , 27103.0      , 41.0                , 46653.0            , 88.0                , 94650.0            , 1.08             , 3.91            , 1.16             , 3.49
BARDIYA        , BARDIYA        ,2022, 2078/79, Lumbini Province      ,0.0478515048567442,-0.0580427621333121,0.1168225976510699,-0.0046679855730187,0.0049123791604562,0.0263136144277991,-0.0908394698505858,0.1264784007645817,-0.0634068770721944,0.1018710737291915,0.1646981022281511,0.1436253052026204,-0.2933177773779817,0.0259685313595092,0.0186158336807832,0.1583313976979972,-0.0865475074040293,-0.0206682070991142,-0.0657916417873104,-0.1705103673763833,-0.2240512838652464,0.2868261030608985,0.1763351909143355,-0.074670847756167,0.0057754404831633,0.0405929724404472,0.0402840857825558,0.0759628377006065,0.0023789294819485,0.0431305326757015,0.091988277848514,0.0843841820407904,0.0358850676425985,-0.0032586860061326,0.0238604107318122,0.034660136853344,-0.1887341023252233,0.0047754045638509,-0.0036475083192453,-0.0622158824297194,0.0708168918809973,0.0748326740658808,-0.070903645168331,0.2441651376736181,0.0529500507698685,0.1224705388421536,0.0576907450379213,0.0957685857325582,-0.05635227773121,-0.0030662377377451,-0.0540173851817335,0.0076470704317417,0.0353762680785657,-0.0623015181553318,0.1757431564852776,-0.1722192149238348,-0.0688559025999333,-0.0068148903902404,-0.04655470734479,-0.1720276024459114,0.1283600677896977,-0.1500730811070528,0.0800131367518241,0.0093369997287347, 8.0           , 5350.0       , N/A           , 23500.0      , 12.0                , 20008.0            , N/A                 , 79500.0            , 1.5              , 3.74            , N/A              , 3.38
BHAKTAPUR      , BHAKTAPUR      ,2022, 2078/79, Bagmati Province      ,0.036973168212253,-0.1547715455790336,0.1839710691922268,-0.0891650304137416,0.0340779252811781,-0.0627030203700373,-0.0704983125464882,0.036763402199028,-0.0664962503826946,0.0573954724883221,0.1163135244614023,-0.0416256043371467,-0.2659965196645536,-0.075217127156867,0.0539778814107164,-0.084699103138716,-0.0944271146586874,0.008132115960024,-0.1077332586644876,-0.1664760191982423,-0.1781901579234903,0.1933063168572468,0.0938705152545872,-0.1237709669753445,-0.0339630489370622,0.0625408870115527,-0.0320987058578267,-0.0207184644276568,-0.0282506405984177,0.0584574318475863,0.0501876863633893,0.0933959582247278,0.0203892712302839,0.0162762032394159,-0.0066960059457356,-0.050684563461305,-0.1469261718063989,-0.0162361098456255,-0.0223151282643147,-0.0241979986126682,0.0561969554403763,0.0710118632633298,-0.2283285202649291,0.1754486291550668,0.0408306020732037,0.1144068260717712,0.026417160492311,0.1541005424329561,-0.0405933082567135,-0.0481624131471072,0.0534312440666915,0.0780030601407226,0.038925184450215,0.1225780368992752,0.1842469548265443,-0.2375558456009652,-0.0552811802329096,-0.0769857389465258,-0.1568501248368586,-0.2448717500704966,0.0249552792767399,-0.1266989867504648,-0.0123454039406006,-0.0348006862965633, 17.0          , 1900.0       , 110.0         , 3150.0       , 29.0                , 7750.0             , 117.0               , 12409.0            , 1.71             , 4.08            , 1.06             , 3.94
BHOJPUR        , BHOJPUR        ,2022, 2078/79, Koshi Province        ,0.0603490973149102,-0.0447171110823446,0.1630941747567593,-0.0805363542667221,0.0276901374183144,-0.021473925475954,-0.1472607411601953,0.1062847374231942,0.0360156119890017,0.0790141035762596,0.1046982318168767,0.0713342517004628,-0.2454651778372059,-0.0866145371984168,0.0046773937784707,-0.0040821990424108,-0.064473440916079,0.0031802386308658,-0.0851138275441796,-0.1250239525164238,-0.1453090267837615,0.1759516511688038,0.0726886832512763,-0.1104121440124625,0.0308323540105745,-0.051293758728887,-0.0280376984524389,-0.0581653397255898,-0.1334778400200424,0.0242400570105073,0.0382193440220253,0.1110033296214974,0.0787176115546829,0.0696148987359331,-0.1486690353954004,0.0048387962764733,-0.1125678128931646,-0.0944193280731763,-0.0805405349050955,-0.0274922187091077,0.0605944660253001,0.1285818428115173,-0.1289576867529237,0.1973065789967681,-0.0130476645939527,0.1690654945473976,0.0127279397074689,0.2151229141423715,-0.0165949392574718,-0.0219963931595558,0.0022121865755354,-0.0541844692585875,0.1300761591482568,0.1258328846635965,0.1108447674857624,-0.2399793304115426,-0.0190493190766978,-0.0784455794142179,-0.0864271161365897,-0.2702811479422033,0.0621735214499904,-0.0244023920285642,-0.0271030387400583,-0.0433254884221972, 10.0          , 36898.0      , 5284.0        , 414.0        , 15.0                , 97555.0            , 6657.0              , 745.0              , 1.5              , 2.64            , 1.26             , 1.8
CHITAWAN       , CHITAWAN       ,2022, 2078/79, Bagmati Province      ,0.0603425766861019,-0.0506629744003742,0.1214857826200136,-0.0039324672398736,0.0170378457683665,0.0190331879432374,-0.134966189053626,0.1282581870386673,-0.015383740992355,0.1249234444386809,0.1411913320869893,0.124886275839259,-0.2938190307777604,-0.0240318816154655,-0.0193536036374553,0.1042005480480783,-0.0891868410516883,-0.0330845328338967,-0.0913579067796327,-0.1014849187026201,-0.2025778153648407,0.2551440944581336,0.1255864624413202,-0.0609670103022324,0.021280914156103,0.0360306571681334,-0.0050831868154105,-0.0029997371458114,-0.0506686153438545,0.0581614535005563,0.0608926254116059,0.096687847368607,-0.0130032135980119,-0.0146287846724807,0.0109100691032002,0.033930244814547,-0.1915587979633051,-0.0075258278969315,0.0037112002463775,-0.0794677650811912,0.0517654416979089,0.0848247154825816,-0.0666911128903828,0.2638520996849615,0.0504776926948412,0.1212202164732546,0.0227952741919073,0.1590001866915923,-0.0092692571360787,0.0311545107368177,-0.0335853360641715,-0.0340653289694716,0.080540201568824,-0.0089364753442799,0.1753091906006392,-0.1731806655629789,-0.0705113987203229,-0.0548452870667137,-0.067445926273495,-0.1250779587886488,0.0850526378263847,-0.1569749228128264,0.0901374795261431,0.0056024209497365, 15.0          , 28055.0      , 1478.0        , 5151.0       , 28.0                , 105239.0           , 1693.0              , 23248.0            , 1.87             , 3.75            , 1.15             , 4.51
DADELDHURA     , DADELDHURA     ,2022, 2078/79, Sudurpashchim Province,0.0948841660648277,-0.0990198475999489,0.153006417844881,-0.0803368116481055,-0.0056991281358645,-0.0235298252070202,-0.1179205109397427,0.1582511241908852,0.0155804205684391,0.0380130051811835,0.1361237288320197,0.125704775542836,-0.2890952819193731,-0.0456314657490518,0.0747798128873411,0.0559512608331456,-0.0321677963082442,0.0027095454323914,-0.0912607065451602,-0.2069242123583776,-0.1143350856392961,0.1139498505858768,0.1410908799502636,-0.109272001470851,0.0392657912160975,-0.0187078993363539,-0.048619761016582,-0.0303681978513869,-0.0570385519522934,0.0379064379548871,0.0452927299037856,0.0923045930663315,0.112748142968497,0.0704855511865906,-0.1012180466631001,-0.0240205763364769,-0.1422623015196191,-0.0848712363250495,-0.0559435902504062,-0.080566798830892,0.0407108328367005,0.080618455555053,-0.1037704007401609,0.2017458606567642,0.0207081756986744,0.1749075341670255,-0.031240647785382,0.2425406891483614,-0.0490098067266088,-0.0680353102169291,0.0080729732481079,-0.0302699253729754,0.1324677093053588,0.1063048450371288,0.0563209018338639,-0.2056376278586035,-0.0141348165068663,-0.0480142792885839,-0.0551134793032201,-0.2194147220374444,0.1333549071220455,-0.0079258663629422,0.0214325702842349,-0.0629202180355577, 205.0         , 3810.0       , 572.0         , 8744.0       , 355.0               , 11430.0            , 647.0               , 23905.0            , 1.73             , 3.0             , 1.13             , 2.73
DAILEKH        , DAILEKH        ,2022, 2078/79, Karnali Province      ,0.070634130289948,-0.0640338488757029,0.1848205125473076,-0.0564676430655714,-0.0295245941619717,-0.0816119485606587,-0.1604912469364905,0.1643384182139531,0.0057463268718983,0.0061529607312779,0.0886796334260197,0.0574760191279742,-0.2336313301947782,-0.0203726449085803,0.051617674092503,-0.0082888099088341,-0.0287200996323801,0.0636885546761687,-0.1343632909137504,-0.1745763202678648,-0.1475512887346568,0.0724402601148456,0.1431014304936335,-0.1113630957562672,0.0005596971638436,-0.0518915619863424,-0.0322437983718622,-0.0268218570521563,-0.0283839446277458,0.0623186780173616,0.0618808796347566,0.133593463075443,0.0721779077577891,0.0979824961013287,-0.1660956721608033,-0.0575896588478373,-0.1086225671156246,-0.0139663591642765,-0.0192256866707695,-0.0370498217199508,0.0477073105830995,0.0740822978228402,-0.1190465966258357,0.1264419415676525,0.0216133503590305,0.1483609520797355,-0.0167521104915976,0.202359087681373,-0.0030017599648369,-0.0527111832743841,0.0423697441595641,-0.0661458020264298,0.0788101632206145,0.1048631178576468,0.1275178283490719,-0.1924399735662949,-0.0665369492857115,-0.0809001581813216,-0.10952027786573,-0.2364658284211548,0.1133191607293652,-0.064676398390269,0.0054608006273421,-0.065874090402823, 185.0         , 18680.0      , 2760.0        , 13710.0      , 212.0               , 55880.0            , 3080.0              , 33801.0            , 1.15             , 2.99            , 1.12             , 2.47
DANG           , DANG           ,2022, 2078/79, Lumbini Province      ,0.0639689269297454,-0.0169578942195379,0.1523101085425836,-0.0093584958688279,-0.0024917185961561,-0.016939771251762,-0.158145515297111,0.1357925873950547,-0.0281994618337129,0.0611083317315717,0.1239057571365534,0.1262736563122395,-0.299646656252009,-0.0105386196266502,0.004849951605866,0.1030440206153984,-0.0683256033703965,0.0226405459073754,-0.0884838911902029,-0.152867780431147,-0.2452400065953303,0.2206404507297444,0.186737262915544,-0.0882560033104772,-0.0086657701319937,0.0211447954409624,0.0182446526096967,0.0199473169690441,-0.0212775827281887,0.0715398698787164,0.0837414713661895,0.1131775622321765,0.088911759025735,0.0383077527776022,-0.0425439441225468,0.0186137926816709,-0.1526819930921545,-0.0202291600227879,-0.0001275758163873,-0.0359582717356727,0.0430146514223557,0.1082645562495526,-0.0968853239295785,0.2400679255423367,0.0364801706550155,0.1064561499127478,-0.0005389533108862,0.1313313615643882,-0.0353359167317394,-0.0195927591354666,0.0024024777667709,-0.0247771793111121,0.0716242034396984,0.0063319540317085,0.158267576102858,-0.199465384055479,-0.0517072000389075,-0.025094895075317,-0.0809516502789475,-0.1982284052616101,0.0928717209607284,-0.1490715575168475,0.030248907155679,-0.0113561340248634, 23.0          , 24900.0      , 14.0          , 12690.0      , 28.0                , 77847.0            , 15.0                , 39694.0            , 1.23             , 3.13            , 1.06             , 3.13
DARCHULA       , DARCHULA       ,2022, 2078/79, Sudurpashchim Province,-0.0026854055025467,-0.1740334470813828,0.0702277450352043,-0.107811648183781,-0.0659311146715031,-0.0049999457302485,-0.020868927703046,0.131594292829215,-0.0018017148549953,0.0971393527957962,0.0665729906000233,0.0656401861421459,-0.0366462420388864,-0.0339324656671712,-0.0513039225308718,0.0107775532210047,0.007949909231767,0.0362748752580182,-0.1025891098760895,-0.1797800559997488,0.0354276686599329,0.0020006553017976,0.0495861246225888,-0.098670175463319,0.0096253398875467,-0.0645983725266264,-0.0480370648186216,-0.0247212439924475,0.0339974633444837,0.0502044481217585,0.0046699184808963,0.0893834154851336,0.0038996573827916,0.0537035251839486,-0.0763834193418298,-0.1045383303698937,-0.0932341206090121,-0.0900294245132449,-0.1313179635262306,-0.0491184630137027,0.0250903236275406,0.1250160469584656,-0.1072427812921425,-0.0182929563094607,-0.0248730330871535,0.2337943677823988,-0.0324666247531634,0.172143407923291,-0.0736023378151911,-0.0046191606969696,-0.018055846747089,0.0038711906679006,0.0766234920587527,0.2057367904737752,0.1574448469618016,-0.1297592498339945,-0.1275948713334521,-0.1596518589792164,-0.0648238417683211,-0.1365335090385633,-0.0672646311070937,0.1421976412938544,-0.0775539577230109,-0.0335992972518049, 1087.0        , 5530.0       , 1263.0        , 5962.0       , 1598.0              , 15401.0            , 1589.0              , 9658.0             , 1.47             , 2.78            , 1.26             , 1.62
DHADING        , DHADING        ,2022, 2078/79, Bagmati Province      ,0.0388636869747981,-0.0826749255245635,0.1701157920245569,-0.048159967666854,-0.0017375301480894,-0.0748657727954132,-0.1623751427787211,0.1428897817468223,0.0281493546650746,0.0589134035681305,0.0659285821374087,0.0513940016529853,-0.212012761260553,-0.0481965431240383,-0.0004617581472768,-0.0434906761765084,-0.0420775784395204,0.0477029557522671,-0.1325630751573901,-0.1226821239509666,-0.1425498657593659,0.1086452353344846,0.0896506497453971,-0.0915429868801164,0.0163724220343525,-0.0373191153250416,-0.0312436380981778,-0.0405672782445814,-0.0384993349474332,0.0497518000362909,0.0383564773550608,0.1475894845852781,0.0381261172043624,0.0500842138837388,-0.1257203656728628,-0.0663543465519937,-0.0980822184245193,-0.0330447481555055,-0.0372336767474975,-0.0083269386649041,0.0247017842182204,0.0907411709866485,-0.1377807736799691,0.1167095591733404,0.0101499421295135,0.1584837928059716,0.0053849720688398,0.2202671512334344,0.0026538515614798,0.0080426571404188,0.0059248159491836,-0.0423934422878986,0.080964692363219,0.1367654805564457,0.1685840702919834,-0.1959669131304614,-0.0852569712552899,-0.1260059524105612,-0.1174026287173993,-0.16616750202942,0.0434259618548369,-0.0380949940206305,0.0028624857964104,-0.0452079870243794, 301.0         , 19776.0      , 6940.0        , 4748.0       , 385.0               , 45785.0            , 7445.0              , 15496.0            , 1.28             , 2.32            , 1.07             , 3.26
DHANKUTA       , DHANKUTA       ,2022, 2078/79, Koshi Province        ,0.0553951754116206,-0.0555134354335894,0.1792613164727015,-0.077538173622543,0.0013762391474941,-0.0229507690798452,-0.1528670846993171,0.1334703599338563,0.0243408015744087,0.070975304293676,0.1131249129760574,0.0742900966011419,-0.2526127851124577,-0.0883682526827258,0.0296070970433558,0.0238390724302218,-0.0338087758516983,0.0280160994888015,-0.1024555537051518,-0.146468385677012,-0.1903300514164535,0.2009620831934618,0.082700076033794,-0.1216559976787225,0.0353929537486627,-0.0044511823887024,-0.014314707895576,-0.0472921307489954,-0.1107877333290626,0.0691862782788172,0.0230431052027927,0.1001091824852493,0.09315601592377,0.0876884695860308,-0.1163635560753619,-0.0207204202490857,-0.0989092250875467,-0.0643506872357726,-0.0658110103558574,-0.0213494671415192,0.0783318771299562,0.125241360383187,-0.1313485500841988,0.218658116924811,-0.0032924559519537,0.1434679008371912,-0.0054632683397051,0.2405310082325026,-0.0067776487095459,-0.0249953002859472,0.028650514661247,-0.0259639666903406,0.1250048647068183,0.1016755936664219,0.1311346245597207,-0.2370309933685933,0.0030019763759087,-0.0772240471599962,-0.0721640369865917,-0.2499232106931012,0.0689869430482676,-0.0521176957860301,0.0022568103432855,-0.026007787814986, N/A           , 13467.0      , 7230.0        , 1302.0       , N/A                 , 45114.0            , 8759.0              , 2733.0             , N/A              , 3.35            , 1.21             , 2.1
DHANUSHA       , DHANUSHA       ,2022, 2078/79, Madhesh Province      ,0.0161406274598241,-0.0767943066450461,0.1343350323538138,-0.0264938550935277,-0.0013345641768944,0.0782096389244827,-0.0762003406690724,0.0752661614154644,-0.0926734284482093,0.1501317271223696,0.1856664805285177,0.1012188320279964,-0.3045031242127813,-0.0428497413084647,0.02950017359298,0.1287663719301055,-0.1450497398206008,-0.04462244931935,-0.115169261928482,-0.1451123477902449,-0.2494457946450736,0.333523816560995,0.0430274716723974,-0.0531221963113641,0.0329455450960843,0.1509772850296796,0.039005817805215,0.0462335726379257,-0.0422161888438149,0.0939976883887244,0.0868630445394659,0.0307877820785012,0.0223721323170591,0.0046251528533653,0.0527966661874152,0.1382581221782129,-0.1935315866058781,-0.0082253455750692,0.0441696709541219,-0.0331883902618137,0.0842080492155675,0.11870966507763,-0.1284675518432334,0.2347756494227863,0.019718925726491,0.1085373261277503,0.0802190749538572,0.1008955391268208,-0.1057285705175935,0.033531370841555,-0.015307881079156,0.0907082010996376,0.0340163953268604,-0.0704026215322084,0.1898652553013342,-0.1863805122749768,-0.0756512553154512,-0.0046118065117436,-0.0671709439845061,-0.1128908467165514,0.0543774417876873,-0.1221515528406713,0.042646678553266,0.0592733256257014, 1.0           , 3476.0       , 176.0         , 37788.0      , 2.0                 , 11343.0            , 180.0               , 126387.0           , 1.5              , 3.26            , 1.02             , 3.34
DOLAKHA        , DOLAKHA        ,2022, 2078/79, Bagmati Province      ,0.0161432823701953,-0.1325131623581783,0.1088232930732476,-0.1001703027435974,-0.035967176973352,-0.0274056749931149,-0.0744734947315417,0.0742056431349565,0.0280034021972292,0.1008277499795728,0.1029503049065865,0.0210207591074883,-0.1036979270308096,-0.049411068115756,-0.0322452256616564,-0.028779297020322,-0.0493339819162781,0.031300143077175,-0.099615826298157,-0.1656309204779593,-0.0109079075103937,0.0501747060547424,0.0680781374672563,-0.1115136649641735,0.0098484068192853,-0.0788558696465821,-0.0335659436831072,-0.0223516383768217,-0.032974793615322,0.029426066476425,0.0135865815379272,0.1196604593794384,-0.0075698336191243,0.0632524753003255,-0.1489515476885973,-0.1112890424640284,-0.0761399530584122,-0.0999095330033508,-0.102933640729567,-0.0264176830529773,0.0262745288228747,0.0994623088002496,-0.15264129099803,0.0463972913140088,-0.0439305331249036,0.180638457326251,-0.0061967296123145,0.1656933483761949,-0.0227807533273528,-0.0179433578055967,-0.0056867461483498,-0.0405632934559022,0.1157719838995177,0.2156055160211956,0.120339045906255,-0.1729364363179795,-0.0890331962260077,-0.1362495535522561,-0.1020554858298107,-0.2553142219752253,-0.0124591626521286,0.0714063426406399,-0.0804357265850262,-0.0491696779440017, 136.0         , 6171.0       , 3659.0        , 4246.0       , 165.0               , 22155.0            , 4854.0              , 7515.0             , 1.21             , 3.59            , 1.33             , 1.77
DOLPA          , DOLPA          ,2022, 2078/79, Karnali Province      ,-0.0526908348374776,-0.1677229449095426,0.0030899860429427,-0.1005860918386283,-0.1280627103278795,0.0371438682838285,-0.0249177841282233,0.0526179481162637,-0.0327337795840089,0.0939119096387674,0.0827338869196329,0.0186415834652784,0.0733647906726085,-0.0418530169748343,-0.1225809187355291,0.0385311614759311,0.0193369372463132,0.0335076052829215,-0.058428377170214,-0.1540437739640497,0.0638273605841548,-0.036902389881535,0.0749966078972243,-0.1001222409974406,-0.0713645567179784,-0.0951684878423614,0.0034734993065031,0.0371736167928653,0.1178375595664451,0.0685837198732934,0.0179999627614166,0.1355907501745138,-0.0881427797036198,0.0194854363764482,-0.0471007344672151,-0.1486973862777147,-0.0705085368210262,-0.084149979365523,-0.1603044329931766,-0.0019327110967089,0.0121694461626879,0.1142212577609722,-0.0918641462787809,-0.0699272114137749,0.0130329644270491,0.2134155272692257,-0.0370771773387052,0.079170168769028,-0.0801317379536713,0.0216751857241502,-0.0085903917405383,0.009377363423137,0.0484191685607969,0.1919710047666901,0.2230203764259695,-0.1050303056551439,-0.1811094787452576,-0.1874290550353507,-0.08869092265054,-0.1392401667018767,-0.1653542157223307,0.1640300442674645,-0.1934797561060466,-0.0241908735776195, 433.0         , 2204.0       , 280.0         , 2805.0       , 543.0               , 2798.0             , 310.0               , 4010.0             , 1.03             , 1.27            , 1.11             , 1.43
DOTI           , DOTI           ,2022, 2078/79, Sudurpashchim Province,0.0892842476735267,-0.066836731162129,0.1694849277090727,-0.0686794279067819,0.0054695218343016,-0.0503581050687759,-0.129390365281655,0.1587655710042649,0.0045254964907193,0.0339483702885697,0.1108478719269285,0.0935753099638041,-0.2511568595458298,-0.0365346165818537,0.0396860755914013,0.0186890467613674,-0.0286862128726937,0.0317506713859181,-0.1005486086525697,-0.1779710155319221,-0.1152790104506727,0.097303451995659,0.1324703439258883,-0.1213375673201722,0.0164760408034079,-0.053395363698438,-0.0436897766593143,-0.0352061216673347,-0.068542427231472,0.0378429070888411,0.0522351182742295,0.1150471283165207,0.0876499013603291,0.0906090675827458,-0.1443265782331072,-0.0390394406130443,-0.121168912430208,-0.0674883910847099,-0.0572756564423313,-0.072385072264732,0.0482674424258605,0.0797784758221402,-0.1084908362879445,0.1747832631259606,0.0134727721387337,0.1762621791816254,-0.0279147022811703,0.2205946050212566,-0.0159641523087384,-0.0465057967692516,0.0129124115182051,-0.0715258620035654,0.1071343984591386,0.115658174942373,0.0928664735833534,-0.1937439394996959,-0.0402993824268262,-0.0644584929674135,-0.0913133911053616,-0.2499958032272214,0.1283351941732783,-0.0343431374678488,-0.0110923418110859,-0.0662595665146994, 240.0         , 3998.0       , 4570.0        , 14302.0      , 321.0               , 12038.0            , 5833.0              , 28162.0            , 1.34             , 3.01            , 1.28             , 1.97
GORKHA         , GORKHA         ,2022, 2078/79, Gandaki Province      ,0.0088478308082584,-0.1178316820043524,0.0882226009393371,-0.056184253428448,-0.0356194794007228,-0.0297043589465606,-0.0741159435980687,0.0862034222585316,0.022324789645942,0.0897847425653896,0.069752666680103,0.0531438393608297,-0.0745551489724918,-0.0336174790675503,-0.084557829556679,-0.0150704406119683,-0.0285980688697581,0.0351899540338506,-0.1113277402735533,-0.1360739849379227,-0.0244027856637808,0.0434937380734996,0.0680874092241161,-0.0895118840769578,-0.0020339479046298,-0.0696280305547585,-0.0290152009022572,-0.0087268768032211,0.005834030790802,0.035072186845296,0.0128208594843288,0.1427675454856059,-0.0217468823641916,0.0380155306618835,-0.0944235512260121,-0.1177541935219218,-0.0895035611345788,-0.0751144405245286,-0.0933163278741672,-0.0080673909881491,0.0137335175769,0.1099989917163065,-0.1271387733820479,0.0104043251132043,-0.0293999556266835,0.1875997922476583,-0.0180349912257839,0.1684570629062355,-0.0372461485787692,0.0176906844645535,-0.0265837625249633,-0.0222850773889312,0.0740412154924691,0.1804797938090819,0.1799006803133715,-0.16197765931628,-0.1122821183871006,-0.1503826388617019,-0.0939571135433571,-0.1598574765008176,-0.0604005162520632,0.0682982729174047,-0.0610177228755682,-0.0246198256393036, 110.0         , 18935.0      , 12180.0       , 3910.0       , 141.0               , 46400.0            , 14820.0             , 9235.0             , 1.28             , 2.45            , 1.22             , 2.36
GULMI          , GULMI          ,2022, 2078/79, Lumbini Province      ,0.0574962162200822,-0.0243047767720243,0.2033844928159441,-0.0231775756528084,0.0138163528208649,-0.0994894251820722,-0.1869584560997334,0.1665753018100899,0.0120902313940479,0.0191643008329995,0.0504635450428874,0.0714150783599422,-0.2324676125658246,-0.0320473590046988,0.0069794061349065,-0.0261620323921926,-0.0244281018245774,0.0414070472614977,-0.1313220980041028,-0.1214904726610429,-0.1843280575777446,0.1188240765761736,0.127782633244274,-0.115142963403658,-0.0030276535416657,-0.0570850198061963,0.0019388022236037,-0.0397485173387666,-0.0561954617414851,0.0503175754842199,0.0585580138376164,0.1599459620198928,0.0683526109569195,0.0853766840225857,-0.1476158063648193,-0.0643157341100884,-0.0971642458798044,-0.0143608529503864,-0.0458280183735341,-0.0141828375732831,0.0394416387629154,0.0881394752552518,-0.1234385734983383,0.1595702821806692,0.0192405413955883,0.1614856320930238,-0.0137248927685168,0.2077887192408825,0.0192143351635954,-0.0225765331461954,0.0169364626522197,-0.0704352719783352,0.0652227694380137,0.0898744457811879,0.1392674325843881,-0.2243667079137469,-0.0551969946093822,-0.1071898699137114,-0.1210809409579125,-0.2204124904931489,0.0820111313392981,-0.0771914893528518,-0.0121887225951169,-0.0606391145858019, 426.0         , 22445.0      , 2927.0        , 6517.0       , 353.0               , 68269.0            , 3817.0              , 19386.0            , 0.83             , 3.04            , 1.3              , 2.97
HUMLA          , HUMLA          ,2022, 2078/79, Karnali Province      ,-0.0518023308057121,-0.1903313477510294,-0.0135318461703465,-0.1010109319037422,-0.0863463328714422,0.0214408125173184,0.0116023630605878,0.0668310881701166,-0.0141978045766001,0.1071586220455814,0.0598224953607997,0.0273273317060078,0.04842987969379,-0.0443071179996834,-0.1376065874805078,0.0241613100544305,0.012741709224366,0.0120370254348022,-0.0822086287159591,-0.160791461423304,0.0635549332526462,-0.0144349259805905,0.062345990702089,-0.1335646527797965,-0.0489286193054432,-0.0689212107147475,-0.0116300595945515,0.0357013321585379,0.0769537869054155,0.043666049313773,0.0140938791004111,0.107301433478571,-0.081707782481341,0.0221197314309023,-0.0532167230164675,-0.1312947538638127,-0.0957271864802695,-0.0848497869794576,-0.1634220237319345,-0.0252505653084929,0.044708243933014,0.1437834231952821,-0.1130668232933848,-0.0564305686068528,-0.0102636809520295,0.2422843560121721,-0.0243073993523181,0.0581323642427367,-0.1002709499746778,0.0192574174041699,-0.0150778266137784,0.0137768586605679,0.0265608487955351,0.1973136857029494,0.2191576546734255,-0.1107578108468101,-0.1842494467760273,-0.1787594399169316,-0.0691763279208602,-0.131142424563458,-0.1477532172212659,0.1565706421144139,-0.1496985026716944,-0.0199990260371287, 642.0         , 219.0        , 1308.0        , 1172.0       , 811.0               , 252.0              , 1607.0              , 1526.0             , 1.26             , 1.15            , 1.23             , 1.3
ILAM           , ILAM           ,2022, 2078/79, Koshi Province        ,0.0655098224754347,-0.0491338878786649,0.1727318281697257,-0.064615167685956,0.0307427383624996,-0.0104321426694666,-0.148168381774847,0.1071850852012769,0.022792695129803,0.1116994596471777,0.0939120775203303,0.0656558638453147,-0.2685531063402981,-0.0876053201474507,-0.0217837179863981,0.0307468254754226,-0.079069987976298,0.033863903322615,-0.0731915932528796,-0.1362331655129998,-0.165324471908383,0.226720600094294,0.0703964179412576,-0.1263265314294041,0.0397735644779679,-0.0221297729856509,-0.0034051098522047,-0.0446670214255819,-0.160906279649521,0.05965501022213,0.0233086097379136,0.1065861611041226,0.0653174174147228,0.057298167654361,-0.1380185078968722,0.0145920271288774,-0.1286623428616435,-0.0889819729425821,-0.0960873571024125,-0.048235286529881,0.1007593181504049,0.1238880030613376,-0.1316795926948049,0.2343102032191532,0.0031764852181611,0.1485527762181828,0.0027938957878551,0.2376069613651664,-0.0128421679268404,-0.0056720263561292,0.0043373832511233,-0.0625618039679198,0.1358211229118355,0.0763177853440262,0.1138094244552169,-0.232132692570871,-0.0175757289462587,-0.0557751084521587,-0.0485097144722072,-0.2325760966106784,0.0693501325902313,-0.0374011723304863,0.0003883285082483,-0.0153041107538705, 49.0          , 33915.0      , 1600.0        , 4580.0       , 59.0                , 131700.0           , 2525.0              , 11679.0            , 1.2              , 3.88            , 1.58             , 2.55
JAJARKOT       , JAJARKOT       ,2022, 2078/79, Karnali Province      ,0.0435862912689806,-0.0817058332453803,0.1724585356914371,-0.0735523080822253,-0.0444629794844728,-0.0787595297587729,-0.141719147873141,0.1458297050968056,0.0058373624203403,0.0212418527385804,0.0561389894319066,0.0241049326570142,-0.1584086471382932,-0.0102841956476848,-0.004136550628688,-0.0199222283213904,-0.0544907812899572,0.0497566856744019,-0.134721225148803,-0.1500110435326423,-0.0424337686485906,0.0216657664942157,0.1184383856129136,-0.0934925803267102,-0.0067446408459766,-0.1040666259070396,-0.0208511969263356,-0.0282118949382768,-0.013931622366869,0.0387968020271997,0.0624252203163869,0.1458068945934946,0.0214510805649904,0.0842765276919493,-0.1625926574113418,-0.0803860191088319,-0.0827882924302751,-0.0442656066356763,-0.06201908675968,-0.0483419477358803,0.0068405540650904,0.0757781635289206,-0.1268306552315167,0.0561246158596671,-0.0128260793030129,0.1837856060499221,-0.0166507828741421,0.1599224735882039,-0.0129416393869241,-0.0314017885828977,0.0112978992269307,-0.0784435491804931,0.075714236704953,0.1706467005269819,0.1096976173805558,-0.1607852339755865,-0.0961141134689079,-0.1206025551393875,-0.1413513652808917,-0.2231400295681849,0.0588994608968151,0.0091994876124282,-0.0621473285658713,-0.0563561664523422, 595.0         , 10500.0      , 1833.0        , 10432.0      , 784.0               , 34650.0            , 2387.0              , 26080.0            , 1.32             , 3.3             , 1.3              , 2.5
JHAPA          , JHAPA          ,2022, 2078/79, Koshi Province        ,-0.0211388608697657,-0.0821167586173355,0.1700316904244413,-0.0859091192236998,-0.0112232515156096,0.1129807264084763,-0.0364848782050676,0.0455860843791687,-0.0353863618035182,0.1929849579141652,0.1833049905233839,0.071872909043408,-0.2480448906589048,-0.1174824667713004,0.0553465382699514,0.1295373068276001,-0.1939171750977867,-0.0540303921851944,-0.0841940948887272,-0.1105583229047762,-0.2462326482034197,0.3502780809596167,-0.0068847309738554,-0.0452556803809456,0.0727497382079173,0.1136614936223322,-0.0160887367973329,0.034302344403032,-0.1192016789396403,0.0574221596693327,0.0594862138364142,0.0440663076046743,-0.0292468930920997,0.0150518228729773,0.0493552768634359,0.1404919648278529,-0.1744139643336854,-0.0126088135344165,0.027112785286934,-0.0213447256378166,0.1024232598893028,0.1089493358537293,-0.1488009354745824,0.2682593420931171,0.0245823461249342,0.1279364125263021,0.1130235619523171,0.1054070321916751,-0.0368429511935475,0.0285101806102594,0.0113840965072202,0.1177918698623489,0.0637078896944749,-0.0396737221204765,0.1723196398981237,-0.1948067097488013,-0.071981201680972,-0.0438443055924802,-0.0252991402989469,-0.1658204260351062,0.0182538622330148,-0.0982153994415169,0.0412917976305869,0.0564445809727663, 4.0           , 41059.0      , 1000.0        , 5000.0       , 7.0                 , 162613.0           , 1300.0              , 13505.0            , 1.75             , 3.96            , 1.3              , 2.7
JUMLA          , JUMLA          ,2022, 2078/79, Karnali Province      ,0.0044772083622808,-0.1764164034955713,0.1103456483945842,-0.1197554872148036,-0.0971935405324188,-0.0187299755905405,-0.0713821506258411,0.1086744921023428,0.0137200416757867,0.0773028986475766,0.0835268057028982,-0.0250979021110162,-0.0213835982772538,-0.003432775402523,-0.0315121174633032,-0.0019333495612935,-0.0699360939905407,0.0432944695794622,-0.1237986378045675,-0.1779033898557817,0.0645609564532111,-0.0533521469784757,0.1056601102208878,-0.1001200423545837,-0.0272074853176431,-0.0996971026302519,-0.0217127788841753,-0.0090643217013378,0.0708821972753112,0.0849628654979677,0.0270879267224358,0.1503371789980347,-0.0717841586480626,0.0878658735456463,-0.113907925169045,-0.1111347794740949,-0.0552091580538872,-0.0566025068541953,-0.1143185341897547,-0.0476270531294742,-0.0046193611745834,0.0741716470100474,-0.1360894134427971,-0.0061495770981305,-0.0475204982207742,0.1815099132485078,0.0072894168283039,0.0878705584535753,-0.0559278254745738,-0.0374675443868888,0.0186828761687945,-0.0391037879490767,0.0591884574735976,0.2643045956580684,0.1347051176036113,-0.1193493090093689,-0.14963195569925,-0.1643464608775388,-0.1323945544865058,-0.1798606015295567,-0.0675825392094964,0.1113609629977465,-0.1093433337755768,-0.0203092099996449, 3003.0        , 4200.0       , 3737.0        , 2355.0       , 4615.0              , 6720.0             , 5191.0              , 5290.0             , 1.54             , 1.6             , 1.39             , 2.25
KAILALI        , KAILALI        ,2022, 2078/79, Sudurpashchim Province,0.0628402010483715,-0.0692711046177462,0.1262996178948187,-0.0252902319438012,0.0185213959743389,0.0163536785674015,-0.0749148299498636,0.1242214715751109,-0.0625049102381162,0.0894022071072994,0.1653246147774054,0.1454838936223581,-0.3007401885792492,0.0070443588591637,0.0325541314552291,0.1287833892085036,-0.0772093941899792,-0.0254836861457873,-0.0711272826207777,-0.1773224332947367,-0.1898192623043817,0.2560194423149677,0.1529818940916049,-0.0819969621075378,0.0105595368370139,0.039800263921273,0.014272860953717,0.0486330680701931,-0.0162074122544232,0.0306184642146004,0.0809549934432029,0.0885328983331587,0.0650098362868524,0.0073033001559066,0.008919090704744,0.0310517975418798,-0.1715855137883218,-0.0238179485130579,-0.0346542259270466,-0.0757670419456247,0.0654868833100103,0.0636184569489191,-0.0773190603938876,0.2445143781454583,0.0460063437427237,0.1396602723186225,0.0432100687446289,0.135878850548388,-0.057550914184857,-0.0162856425661716,-0.0522504619763838,-0.0010412712951347,0.0657067404348268,-0.018989826145325,0.1546690374200811,-0.1905721082182241,-0.0660890939452572,-0.0209908296871566,-0.032879602265133,-0.1789368555794823,0.132100139019226,-0.1044849817220965,0.0678095252534188,-0.0064160034922266, 410.0         , 6130.0       , 356.0         , 34944.0      , 469.0               , 21289.0            , 404.0               , 125252.0           , 1.14             , 3.47            , 1.13             , 3.58
KALIKOT        , KALIKOT        ,2022, 2078/79, Karnali Province      ,0.0529190148625415,-0.130734722156109,0.1472836882832205,-0.082590509934981,-0.0469338516069828,-0.0556757938009396,-0.1078946205525309,0.1432905333653307,0.0249965888794947,0.0393930569075045,0.0801282425359901,0.0046328554905186,-0.1233171744007292,0.0035045382070972,0.0087476070454405,-0.0223706915082998,-0.0666997166763418,0.0580534904699449,-0.1300921146918286,-0.1609124826201338,0.0237965892599294,-0.0339281472945247,0.1075803319729731,-0.0822208332350725,0.0040249682665639,-0.1080291761360768,-0.0447546885084193,-0.047395239888331,0.0094369436642791,0.0459711340890813,0.0375838758981267,0.1355221293095905,-0.0173769619837807,0.0940235592042222,-0.1555669956762893,-0.0908835806226656,-0.0828796966340187,-0.0417744896589979,-0.0792354320820413,-0.0691648233659661,-0.0035721897664138,0.0418238644121541,-0.1204608341491118,0.0221282830690779,-0.0350327047300423,0.1946073422304497,-0.0070421727169288,0.156401684899491,-0.0165562290342334,-0.0376197207068685,0.0107661790054079,-0.0779423274733512,0.0845365220572351,0.2308380736559586,0.1170076696701742,-0.1236449690860006,-0.1286899998565625,-0.1146961295734773,-0.1306911747586535,-0.2119958740316266,0.0387617048191605,0.0559329625289052,-0.0422614290791318,-0.0446249922553676, 647.0         , 3036.0       , 1241.0        , 5508.0       , 772.0               , 8535.0             , 1662.0              , 8567.0             , 1.19             , 2.81            , 1.34             , 1.56
KANCHANPUR     , KANCHANPUR     ,2022, 2078/79, Sudurpashchim Province,0.0407694096484701,-0.1162528375267602,0.1153806986080013,-0.0352155986894631,-0.017550501750673,0.0518977629561201,-0.0365989141421724,0.1239193369588754,-0.104020235760052,0.1009545586001248,0.1971734361019723,0.1559899791329214,-0.3112383084449102,-0.0225384480852475,0.0588855885000807,0.1476458783533777,-0.1326437054359121,-0.0776438187363188,-0.0746623222017904,-0.1993393295465963,-0.2100312914868547,0.2843019614632848,0.1443834882552787,-0.0608678191107972,0.0331951579802967,0.0965807708144949,0.0297578023865062,0.0640068431778626,-0.0054608313983017,0.0084142947280976,0.0618934172629928,0.0350426445526211,0.0676043695307862,-0.022488558305763,0.061331021992856,0.0491196766734628,-0.1615670625335519,-0.0436879745657443,-0.0202251644464669,-0.0888003971265593,0.0514980692062136,0.0796774915218579,-0.0898466128759435,0.246652822667945,0.0521617701389332,0.1507575336810705,0.0513028295787845,0.1245345502820736,-0.0743473320521802,-0.0197756350148697,-0.0640504840287997,0.0707108903975217,0.1010198306707815,-0.0426339862482704,0.0947072535885824,-0.1799003944289515,-0.0547836108513618,-0.028576745015326,-0.0305046394743324,-0.1329436165265852,0.1138133222924246,-0.0989266149284051,0.0755655728736968,0.0047797682396334, 133.0         , 3250.0       , N/A           , 31355.0      , 232.0               , 11534.0            , N/A                 , 101995.0           , 1.74             , 3.55            , N/A              , 3.25
KAPILBASTU     , KAPILBASTU     ,2022, 2078/79, Lumbini Province      ,0.0339928299211684,-0.0171984796188207,0.1315786439421122,0.0030796543288234,0.0168599404364846,0.0633655458806271,-0.0674232734847289,0.0770549159384215,-0.0858919296300184,0.1103321742137166,0.1548572604743112,0.1406179738237467,-0.3156497696910044,0.0543791382232449,0.0189466318296773,0.1572482346939575,-0.0836465890589175,-0.0312279184602552,-0.1114480137003584,-0.1608790540483548,-0.2448654585408034,0.2968638219576482,0.1384636441830137,-0.0377824629702484,-0.00026620664763,0.0817996227866184,0.0705568055339684,0.0628476369179219,0.0077943174767337,0.0680805383237764,0.0989366862287021,0.0675777511106721,0.0094328278424829,0.004586878672423,0.0575075469072865,0.0644713643220468,-0.179681220050673,0.0319555962912225,0.0280849688813907,-0.0254251416703744,0.0814610463949141,0.093495058654688,-0.0931280738469877,0.2421504329619596,0.033992158005448,0.0909546783673435,0.0774634321032437,0.043865662916201,-0.0969477845984349,0.0110297524698749,-0.0385979711680745,0.0206804669242426,0.0101239344564657,-0.0930637748787281,0.2149481355386272,-0.1638780860679192,-0.0611280132360205,-0.0108423993934323,-0.0870061069292246,-0.1691723955306247,0.0616328089889648,-0.1549542550658988,0.0671987547069937,0.0525192872932076, 177.0         , 1334.0       , N/A           , 26292.0      , 330.0               , 4451.0             , N/A                 , 98184.0            , 1.87             , 3.34            , N/A              , 3.73
KASKI          , KASKI          ,2022, 2078/79, Gandaki Province      ,0.0228135573924747,-0.0995662555133218,0.1213430719944165,-0.0413944872333106,0.004255129299653,-0.0400125819342877,-0.1056790621224651,0.0812368344508564,0.0388435618110622,0.1095198376766552,0.0542533552020295,0.0614663448627305,-0.126891069667881,-0.0206576499802298,-0.0813779905116032,-0.0054146545071802,-0.0530447299446697,0.0251974090359234,-0.0905641641480298,-0.1542733513711715,-0.0561066587204295,0.0901207499088154,0.0785498185376771,-0.090239038807257,-0.0055104139354741,-0.0686546762964508,-0.062094806236503,-0.0229283777907762,-0.042945320390732,0.0116726016851037,0.016807056086409,0.1462481499498598,-0.0037360130826557,0.0346338109451311,-0.1170222568297783,-0.0934952542411273,-0.1083673934851788,-0.0801524739207963,-0.0921399340426571,-0.0019106514749099,0.0395402621452771,0.111313127503948,-0.126287282527845,0.0533139795786738,-0.0273773364621012,0.1793426466125842,0.003328940334627,0.1859402010180341,-0.02256899728197,-0.0046090892199883,-0.023538165382038,-0.0390158756706651,0.0706564224577942,0.1426210638442117,0.1423698713916425,-0.19826037387815,-0.0860390095766005,-0.1080340364250678,-0.093721602671503,-0.1791998133924069,-0.0241371774547016,0.0387584807528344,-0.048715839428799,-0.0407558916100433, 8.0           , 13583.0      , 13604.0       , 6820.0       , 8.0                 , 39229.0            , 21060.0             , 17201.0            , 1.0              , 2.97            , 1.55             , 2.52
KATHMANDU      , KATHMANDU      ,2022, 2078/79, Bagmati Province      ,0.0688606571365394,-0.1316974754907111,0.1748439621168739,-0.0623196771030035,0.0446956968982644,-0.0711002525085567,-0.1050897090940509,0.0519970146052937,-0.064486882562735,0.0723075323133086,0.094086784224301,-0.0239789972522152,-0.2575900860513992,-0.0797255481213793,0.0040498004330971,-0.0967454217793995,-0.0814366431364598,0.0340349438739114,-0.0810999544918826,-0.1230637401161385,-0.1430003105133332,0.1614067289309879,0.0984926414204745,-0.126869023754992,-0.0144261793916556,0.0252615088142956,-0.0155008423991035,-0.020745063482125,-0.0452379875336734,0.0435222159597202,0.0548152250594452,0.1003063405106646,0.0090135078945816,0.0195808829342876,-0.04877959683375,-0.0637725246892394,-0.1558687752132418,-0.0611095478267372,-0.0279034178633412,-0.0319476106190652,0.0287216016260027,0.0677771746020047,-0.2099071522215486,0.164792885569919,0.0276238564295226,0.1376816482957603,-0.0117568079625354,0.1560063240176359,-0.0316291001836063,-0.0338453219202307,0.0370441117265992,0.0255352307373535,0.053229100551665,0.1157530199275496,0.1450913316166315,-0.2465855462778232,-0.0601272732552511,-0.0695920597086355,-0.14898765279825,-0.2485155274278289,0.0453179923352705,-0.1047466343218553,-0.0548905605995114,-0.0487689659505126, 2.0           , 6897.0       , 770.0         , 3200.0       , 4.0                 , 29748.0            , 1300.0              , 11174.0            , 1.51             , 4.31            , 1.69             , 3.49
KAVRE          , KAVRE          ,2022, 2078/79, Bagmati Province      ,0.0452892988717286,-0.0751483300555797,0.1801798362271285,-0.0584206309317606,0.0128198150304552,-0.0648637103653324,-0.1500709806022436,0.1364075832839751,0.0006786788586959,0.058279733441977,0.0846987188956311,0.046104279689048,-0.2666680989933532,-0.061368942452692,0.0217572319483904,-0.0379161626500256,-0.0652979553006126,0.0323141332706057,-0.125451049928716,-0.1458818387810466,-0.1614701509440084,0.1338605784799793,0.092833371383096,-0.1217920557591539,0.029776576962428,-0.0202172249812233,-0.0111517889568048,-0.039997798836009,-0.0921795369750463,0.0458835340788223,0.042334058144543,0.1373830374013401,0.0775248745815301,0.0520642437484348,-0.1590315800827843,-0.0418975550798928,-0.1091480766099298,-0.0485809758926675,-0.0289354980623436,-0.0236339836165771,0.0284387129794485,0.0945977435101407,-0.1616224103952473,0.1419260125322802,0.0229416066266694,0.1581198771542555,-0.0107687785161574,0.2279505181191725,-0.0124461303143277,-0.0101867979380593,0.0334892712659554,-0.0346536659563038,0.0939683551194641,0.1053828367904645,0.1362600223156087,-0.2092616271912934,-0.055811394118333,-0.094644576270654,-0.1224162505507081,-0.2157185458643399,0.0875832543989694,-0.0606827075716908,-0.0064226857999167,-0.0645062793326539, 378.0         , 26010.0      , 3505.0        , 8860.0       , 658.0               , 88550.0            , 4530.0              , 28700.0            , 1.74             , 3.4             , 1.29             , 3.24
KHOTANG        , KHOTANG        ,2022, 2078/79, Koshi Province        ,0.0461590753937737,-0.0652960156364921,0.1741813257108728,-0.0852072165171577,0.0046841883528335,-0.0307924115270561,-0.1409141459961486,0.1289008246748285,0.0300235223559667,0.0780419139463781,0.0947792726984913,0.0603462088991373,-0.2415708054116737,-0.0846265430443288,0.0177150662431459,0.0035539007536307,-0.0613929716067012,0.0430987927429934,-0.0980941520560171,-0.1648020094990969,-0.1440991013973466,0.1766783491448333,0.0732883138997085,-0.1152170125551164,0.0400549467181729,-0.0352547416260684,-0.0251234875472892,-0.0469356779577466,-0.1109984343154761,0.0471267168879061,0.0250681291702705,0.1031172333713432,0.0865389383637605,0.0874724227869658,-0.1565332485675372,-0.0304279683313544,-0.1012070836164551,-0.0745367822577515,-0.0670452167251765,-0.0324198573713174,0.0638840170762866,0.115513673388825,-0.1427711790851365,0.1650305026942207,-0.0067922653336813,0.1640573342520648,0.0035667323247774,0.2471170712762458,-0.0122085540430868,-0.0389415519664674,0.0285420690415749,-0.0322003111481122,0.1342054169664764,0.117634328301202,0.1031770180656986,-0.2207943452963318,-0.0197372213875584,-0.0726185951077773,-0.0795056827920022,-0.2428163103707352,0.0700638100560255,-0.0239734235264152,-0.0038500198961437,-0.0494345658249789, 341.0         , 35845.0      , 22315.0       , 3530.0       , 522.0               , 98079.0            , 31308.0             , 6531.0             , 1.53             , 2.74            , 1.4              , 1.85
LALITPUR       , LALITPUR       ,2022, 2078/79, Bagmati Province      ,0.056213880536601,-0.0786218492453143,0.1833368960108874,-0.0489092046861687,0.0149258398283544,-0.0782611703896554,-0.1448260393106533,0.1198321929430252,-0.0113642136798267,0.0600485892121639,0.0560950340187371,0.0224852936190767,-0.2441851230666669,-0.0496250499810423,-0.0073758222294032,-0.0466155239691058,-0.0520659122797257,0.0520384058861205,-0.1112706140795782,-0.1602521914530576,-0.1366948195169434,0.1151760484762959,0.0927345842889597,-0.1183715273569351,0.0060994366534627,-0.0168916410908161,-0.0042405529892044,-0.0364142086323124,-0.071869879989689,0.0621324091922121,0.031161590335589,0.117734951551039,0.0560236944346431,0.05397246343008,-0.1393347231086187,-0.073727827408366,-0.1344458161841703,-0.0522171802079973,-0.0414030649638759,-0.0383249288486644,0.0385324302934114,0.0869236666457657,-0.1752680615188573,0.1130589783190133,0.0105559322199023,0.1512427516839868,-0.0442008651792224,0.2351599861612007,-0.0044641355750403,-0.0265668590664542,0.0368494333020047,-0.0377751566134022,0.0677157242878246,0.1045597350450863,0.1346829228172963,-0.2269813594325708,-0.0437877043457579,-0.0804925720702776,-0.1230239406413389,-0.2163731261488568,0.0765051154585904,-0.0659223024997836,-0.0247573196828173,-0.0501278992526914, 38.0          , 8573.0       , 600.0         , 3485.0       , 55.0                , 33656.0            , 804.0               , 11858.0            , 1.45             , 3.93            , 1.34             , 3.4
LAMJUNG        , LAMJUNG        ,2022, 2078/79, Gandaki Province      ,0.0375755312508495,-0.0808180550178779,0.1587178767475353,-0.0532119528142503,0.0001775798919368,-0.0629516776066918,-0.1350682229105713,0.1068654610314932,0.0574485989748819,0.1031916587731758,0.0454328845790201,0.0554180349170141,-0.1452359076895817,-0.0228865209005121,-0.0596963778882195,-0.0082664387625409,-0.0604670675883783,0.0433607146638858,-0.1022115237384705,-0.1551755118691712,-0.0568899362899432,0.0924729353669573,0.0911047253572834,-0.0822327957872186,0.0053995901074047,-0.0774631783151848,-0.0616005200222531,-0.0388818236795996,-0.0447049083552309,0.02322230986752,0.0123988348891725,0.1495385153334746,0.003009784318996,0.0464251786133121,-0.1303969670017321,-0.1036034343519409,-0.0955132500924136,-0.078850280261473,-0.0907854271708566,-0.0276164440926388,0.0350660499787313,0.0947817695652232,-0.1379501609641814,0.0671254842050009,-0.0283563526293912,0.1733790921781805,0.0062040064789624,0.214407437227971,0.0043114270188632,-0.0056747676897462,-0.0247931131572078,-0.0681470564070625,0.0885125261512631,0.1558331230323565,0.1274029898887906,-0.2038673907159922,-0.0714763847688704,-0.1142585606158985,-0.1048545484906615,-0.190157019331108,0.0052182454302057,0.0309098446522927,-0.0274496430876517,-0.0448353057536054, 16.0          , 19255.0      , 7793.0        , 368.0        , 28.0                , 48166.0            , 9473.0              , 962.0              , 1.75             , 2.5             , 1.22             , 2.61
MAHOTTARI      , MAHOTTARI      ,2022, 2078/79, Madhesh Province      ,0.0124623692518526,-0.0882071953393383,0.1273166625931022,-0.0142177768252295,-0.0022429887057979,0.0771798155166935,-0.0690645101152311,0.0855247215207276,-0.1004557068758714,0.1516005062874977,0.1857055333359565,0.1011920599139581,-0.3017641592470168,-0.024142732125958,0.0272480565872188,0.1258107056688766,-0.1570066600159948,-0.0495048530402583,-0.1038883757868924,-0.1489741172973981,-0.2434733406949794,0.3273884504037176,0.0591838732627197,-0.0608010034462034,0.0280128281161385,0.1567383373601573,0.0407800533547763,0.0512939338899526,-0.0361911551870941,0.0876609821963886,0.0862155888396987,0.0294406503615069,0.0170400306185268,0.0096946725799089,0.0634306234369069,0.138745973557777,-0.1882631269922459,0.0008161163629692,0.0380447043376003,-0.0432980360001746,0.0826370381663578,0.1088966809093094,-0.1335617959114736,0.2305727978981451,0.0183449451604824,0.1200320759121508,0.0863499459565401,0.1016579583131873,-0.1119174491556547,0.0314965062753818,-0.021254585248694,0.0960734392818825,0.0352803123671851,-0.0763237123531645,0.1931228341685925,-0.1901611961497474,-0.0886490326965026,0.0013681733637382,-0.0597489103733438,-0.1209718636050944,0.0647101496707149,-0.1203310909255201,0.0588040558818394,0.0481936060852113, N/A           , 9754.0       , N/A           , 29379.0      , N/A                 , 29783.0            , N/A                 , 95874.0            , N/A              , 3.05            , N/A              , 3.26
MAKAWANPUR     , MAKAWANPUR     ,2022, 2078/79, Bagmati Province      ,0.0697722276731628,-0.0545908229956897,0.1697798258384387,-0.0297667002684329,0.009958145832917,-0.0399387458508966,-0.1761257393994704,0.1495952914023247,0.0083861815573238,0.0694284200582542,0.1005423179535231,0.096358327524906,-0.2780865133310394,-0.0491398769170454,-0.0112858121839255,0.0334472281242188,-0.047400435050933,0.0201529254230961,-0.0905101471026899,-0.1097057175165198,-0.1779710013348067,0.1865106215000371,0.1371910256660959,-0.090980578812068,0.0250654570621812,-0.0160882150575773,-0.0202779862199656,-0.0270949539787978,-0.0787185134826071,0.0616270877353356,0.0607598806437181,0.1212819292223631,0.0512549269991349,0.0263777020371023,-0.0956188532873417,-0.0092768044444405,-0.1518285955152444,-0.0364528318849098,-0.0141902523782013,-0.0592754483188584,0.0488647180417042,0.0853742181878881,-0.1047840373908554,0.2185164447023632,0.0334277949535536,0.140437125601729,-0.0112923139390216,0.2222131822079459,-0.0037564717307295,0.0026501360800527,-0.0042980745807643,-0.0532413876190658,0.0793981470858732,0.0532930544855663,0.1667874001754101,-0.2060404536581113,-0.0517975315425945,-0.0757520901024537,-0.0852841683606255,-0.1770632674648356,0.1043607974690337,-0.088830104692859,0.0352506283433417,-0.0265766265328154, 265.0         , 24113.0      , 2650.0        , 4128.0       , 352.0               , 78209.0            , 3340.0              , 13622.0            , 1.33             , 3.24            , 1.26             , 3.3
MANANG         , MANANG         ,2022, 2078/79, Gandaki Province      ,-0.0434004532043403,-0.1722754148970056,-0.0149501754693921,-0.0648856074027914,-0.1067490791090017,0.0358504843082588,0.0133107841776967,0.0341885774386172,-0.0127188971589611,0.1157024192744581,0.0908618898168786,0.037865964623132,0.0892500876715334,-0.0383104830928543,-0.1621011338719175,0.0292247042301268,0.0142936178453131,0.0216560199480894,-0.0692791004514756,-0.166572883615588,0.0700082680067249,-0.0327011582492279,0.0666200103851387,-0.1093986496237406,-0.0398880694502939,-0.0892901976848849,-0.0171436913913349,0.048287558249892,0.0768338315228412,0.0477937450311678,-0.0016438750575053,0.1367151594571074,-0.0820653016444199,0.0034234052733259,-0.0496909990228806,-0.1639895896839168,-0.092378590712555,-0.1055632329611275,-0.1391528601494221,0.0149031305062709,0.0146241776464154,0.1439805564389677,-0.1063931032784571,-0.0915790433708727,-0.0335940416340096,0.2149478527507533,-0.0681540788187732,0.0975474253877385,-0.0954695925215652,0.0261663058980169,-0.0220611229843173,0.0306837367864231,0.0490057909712583,0.185451280777305,0.2196460451097706,-0.1209258760128616,-0.1445338445417214,-0.1668118550346164,-0.0906482945962705,-0.1332180228805858,-0.1785980502484789,0.1616633739672806,-0.1631712431437513,-0.0232063270915904, 111.0         , 177.0        , N/A           , 213.0        , 175.0               , 351.0              , N/A                 , 500.0              , 1.58             , 1.98            , N/A              , 2.35
MORANG         , MORANG         ,2022, 2078/79, Koshi Province        ,0.0304103345310649,-0.0751056045412661,0.1595076000353494,-0.0717656706986593,-0.0013219928264834,0.0731539604984047,-0.0499214926610444,0.0606870564492887,-0.0554229086222987,0.1581640396873015,0.1624609781374556,0.0960089932984916,-0.276412601793826,-0.0740874803508024,0.030345522279321,0.1151045084690911,-0.1476382317709838,-0.051000502054564,-0.0946517178776423,-0.1231696025742613,-0.2204423049866908,0.3150348168545202,0.0115231004962518,-0.0564823040109815,0.049000426204071,0.1056561632472027,0.0040852584138824,0.0219692323480206,-0.0937076751955687,0.0608948331690889,0.078601806526379,0.035678990489957,-0.0056345810717169,0.0212344269519504,0.0472582272865279,0.1112381281211717,-0.1667362082575461,-0.0284909609113474,0.0286597790305407,-0.0268398335523385,0.0838202063744066,0.120980145776075,-0.1407696695374531,0.2580118009393619,0.0294496385758343,0.124787097900985,0.0710080872791974,0.134525961839641,-0.0696491476623663,0.023007074065863,-0.0026436781647939,0.0762661165182048,0.0586808582137675,-0.0372232955843239,0.1769047156660982,-0.1959897141928109,-0.0498114174543501,-0.0338603890166981,-0.0625585969463963,-0.1681627212183631,0.0482961919081936,-0.0915787810183033,0.0161399076480761,0.0546630975478153, N/A           , 18552.0      , 1531.0        , 11755.0      , N/A                 , 68801.0            , 1833.0              , 33687.0            , N/A              , 3.71            , 1.2              , 2.87
MUGU           , MUGU           ,2022, 2078/79, Karnali Province      ,-0.0183159990851752,-0.1801783830572787,0.0467931244695522,-0.1020493623953692,-0.0882227055247391,-0.0004405885721198,-0.0377791588178769,0.1029116838607553,-0.0047686032405314,0.0809277896833334,0.0859781515521035,0.0048104464418729,0.0239641748639323,-0.0385750891531713,-0.0717520319288514,-0.0057790864977647,0.0131216725412447,0.0439664754334548,-0.1036272547029686,-0.1532451515888329,0.0593922438716571,-0.0441421172400281,0.0730357691904754,-0.1015903199254344,-0.0194045103050261,-0.0976550174704951,-0.0061540297568833,0.0073745045599177,0.0815152048672813,0.0659498862688712,0.0154143146906265,0.1148496195497673,-0.0683669730693267,0.0647047606695179,-0.0930760022379473,-0.1329436735208671,-0.0842523809105005,-0.0713649914833806,-0.1205528662688236,-0.0310188654554909,0.0178785826720932,0.1015641946754731,-0.1035497074978331,-0.0324810163223038,-0.0202041559673843,0.226317801108629,-0.0247306331337053,0.1028057706388976,-0.057403690503269,0.0139997219672821,-0.0133443591932933,-0.0136394892172793,0.0349477980441361,0.2174991580701076,0.1928068035741385,-0.1068352542205802,-0.1706056292217065,-0.1796129077711581,-0.0951002920698564,-0.1568483627266882,-0.088543261380711,0.1344726767162838,-0.1229906731631945,-0.0254447448648025, 994.0         , 1120.0       , 4264.0        , 1795.0       , 1205.0              , 2350.0             , 4996.0              , 1870.0             , 1.21             , 2.1             , 1.17             , 1.04
MUSTANG        , MUSTANG        ,2022, 2078/79, Gandaki Province      ,-0.0577164585068198,-0.1589224375132316,0.0167946085879941,-0.0798382353659908,-0.1281609819216849,0.0909079048068241,-0.0179990746664616,0.0276301696317876,-0.0665427249377722,0.1049657406789864,0.1201782976987052,0.0075236964368654,0.0512236594637294,-0.0407402445289553,-0.0964077066791582,0.0259114397517673,0.0016950008452355,0.0645353362046906,-0.0209840642898984,-0.1718510677783959,0.0623563433688838,-0.0351324769485078,0.0623357824500508,-0.0914794748126624,-0.092143321385684,-0.0762078326836103,0.0058431074971957,0.0294607949234669,0.083824499183929,0.0940918791798578,0.0281039851004423,0.1583049498193549,-0.0589104745413588,-0.0379787161661033,-0.0501105508365495,-0.159618684454561,-0.0649410804273703,-0.1164606215292448,-0.1857798570581709,0.0262260245937667,0.0257888927390695,0.1062830997458342,-0.0656562081443054,-0.0921469461145641,0.0193931208847223,0.1794389896655725,-0.0324752138463808,0.0911983025589974,-0.0780180708261679,0.0048045909748175,-0.0196156800999357,0.0321305099983961,0.0871922720574942,0.1775694202321064,0.2180693358814777,-0.0803695194907477,-0.1673304091084146,-0.18138346726942,-0.1006929090979118,-0.1396138636410484,-0.171146066055252,0.1414221638684617,-0.2189499721221755,-0.0199915974616387, 255.0         , 67.0         , N/A           , 84.0         , 495.0               , 99.0               , N/A                 , 142.0              , 1.94             , 1.48            , N/A              , 1.69
MYAGDI         , MYAGDI         ,2022, 2078/79, Gandaki Province      ,0.0045961013475309,-0.1152511308523212,0.0949050135973737,-0.0564845617634382,-0.0438232708318599,-0.0391334682913369,-0.0639316070730024,0.0823115646526784,0.0132513181846188,0.0789162784156979,0.0690041477289509,0.0310143793476758,-0.0433227467189734,-0.0227760809404517,-0.098342698076517,-0.019003299009438,-0.0204982919438795,0.0263407438342819,-0.101343426209874,-0.150070153470541,0.0097686712773317,0.013400077845998,0.0807882783413081,-0.0920373756514548,0.0062251572629241,-0.1044620481410524,-0.031126724767224,-0.0156410367965402,-0.002629278950898,0.0211131672412076,0.0027315501489313,0.1475528395613441,-0.0299109432982002,0.0539625987638935,-0.115558700536434,-0.1462116458870473,-0.0883520560601765,-0.0902541509786088,-0.1121584156268615,-0.0208815278794086,0.0204831598085596,0.1072230658649278,-0.1298819779084856,-0.0155149608585398,-0.0478132353594384,0.2029146520478713,-0.0293544039253636,0.1596456083127523,-0.0286989465848583,0.0110753617258207,-0.0299050877769378,-0.0381823578788156,0.0596240535283981,0.1877042507528317,0.1500721416538533,-0.1697842717945615,-0.0890785259523109,-0.1550449505471841,-0.1160033461109495,-0.1980494309458964,-0.0559450986867024,0.0897101065132828,-0.0933109777956884,-0.0370069510478925, 275.0         , 9435.0       , 2958.0        , 2530.0       , 395.0               , 32200.0            , 3652.0              , 6272.0             , 1.44             , 3.41            , 1.23             , 2.48
NAWALPARASIEAST, NAWALPARASIEAST,2022, 2078/79, Gandaki Province      ,0.0609353069346441,-0.0350821002845254,0.1520954686819728,0.0034457870670533,0.0224911137302262,-0.0178704617901102,-0.1711799042562508,0.1508125964834485,-0.0012203419537943,0.0957715041095616,0.1127928992075844,0.1193736144542034,-0.2831144595419055,-0.0196351483730361,-0.0097188843503376,0.0674718740961019,-0.0611626232663938,-0.0053655455263824,-0.1025615860544821,-0.0960582828884,-0.224316457236797,0.236328694674253,0.1258132551108182,-0.0776652173520702,-0.0044051087679315,0.0220278044545029,0.0008019778833833,-0.0008577673695446,-0.0388203153969444,0.0667808603126588,0.0688686749789753,0.1298173211396141,0.0289834321249914,0.0171851492333662,-0.0224120196280166,0.0254935651182077,-0.165961466598511,-0.0099471697666017,-0.0078397675104055,-0.0297801784418294,0.0520702927729707,0.100359605301752,-0.0760439673298727,0.243930060403076,0.0353261046342681,0.1241855702847904,0.0327742541313584,0.1621606666689266,-0.014240856760082,0.0075190766130986,-0.0166058259257728,-0.0282930819263216,0.0581588477358885,0.0028909031003512,0.1814437373919879,-0.197295487578249,-0.0856478522720713,-0.0548889607973215,-0.0615462076866351,-0.1267244516995043,0.0757305753979762,-0.1429839917044821,0.0630993313751466,-0.0100088419365417, 205.0         , 5101.0       , 259.0         , 7605.0       , 223.0               , 15556.0            , 292.0               , 20930.0            , 1.09             , 3.05            , 1.13             , 2.75
NAWALPARASIWEST, NAWALPARASIWEST,2022, 2078/79, Lumbini Province      ,0.014242296313597,-0.0200473356282947,0.1493956263430208,-0.0037318968781391,0.0200614787780465,0.0703585054223868,-0.0725098746569071,0.076082364925381,-0.0744569540059742,0.1264014300153467,0.1412213428812392,0.1318024246522626,-0.2906047198072271,0.0304207363033037,0.0215797088551393,0.1414943886135375,-0.0933951462008618,-0.0404881307296949,-0.1271543854741939,-0.1378294691714661,-0.2545602660083434,0.2930437532417084,0.092524952817522,-0.0417123619968962,-0.0031101038563913,0.1140454252694318,0.0392465268440388,0.044737572859539,0.0085209277625857,0.07326914796119,0.0821253006793329,0.0782597003648925,-0.0104249804312761,0.0057223835461625,0.0614277150894016,0.0727037091037269,-0.1727338664912162,0.0262598994838827,0.0383486354394824,-0.0084960560251731,0.0801815635452493,0.1050054789677191,-0.0987849363807471,0.2339088883419377,0.0306504313053884,0.1014740476219774,0.0732188742019174,0.0779740359116348,-0.0892479878821785,0.0167005627284599,-0.0286457212466455,0.0371504692953653,0.0169198046767724,-0.0866880368321254,0.2221966676387274,-0.184892135689998,-0.0698620961151829,-0.0197609038080713,-0.094640758450537,-0.1390738227491048,0.049843571570657,-0.1553707141546753,0.0476690420100262,0.0369840455728258, 5.0           , 4466.0       , 228.0         , 7638.0       , 6.0                 , 15419.0            , 238.0               , 22303.0            , 1.23             , 3.45            , 1.04             , 2.92
NUWAKOT        , NUWAKOT        ,2022, 2078/79, Bagmati Province      ,0.0359990317214745,-0.086063763452033,0.1908092467328262,-0.0671275396155226,0.0012445924114532,-0.0714711011502537,-0.161867374241979,0.130996107444389,0.0165135728230339,0.0661848928626704,0.0602855805604299,0.0372478444594702,-0.2323073124693574,-0.0521975110756988,0.0260057683560244,-0.0574219428873387,-0.0614323279961148,0.041942430158406,-0.1346913008316168,-0.1411081584659329,-0.154946411368525,0.1265653328771136,0.0889266148984418,-0.0978257396238059,0.0117855731445801,-0.0325786783087276,-0.0347281736595025,-0.0400119235033656,-0.0503666632940742,0.0404377912504086,0.0420167077236729,0.1366886381650445,0.0416563785035746,0.0505525084029024,-0.1406525460813102,-0.0638223633318881,-0.0886514469070152,-0.0343303220914309,-0.0312819992305085,-0.0041095828822611,0.0267516262812435,0.0966013756950825,-0.1623185909905502,0.1317232799024731,0.014774993468801,0.1537755479990411,0.0109344977367898,0.2117800525969971,-0.0053037855548972,-0.0048954574740228,0.0158181608675028,-0.0362045272950909,0.087778526547984,0.1228349386710301,0.1616843660051424,-0.2071206512566119,-0.0765210483718986,-0.1064274980699457,-0.1475900038383631,-0.1959290085191337,0.0604351313543117,-0.0647097239177136,-0.0082211886717058,-0.0565764875251668, 155.0         , 16206.0      , 5110.0        , 4495.0       , 198.0               , 49408.0            , 7234.0              , 16044.0            , 1.28             , 3.05            , 1.42             , 3.57
OKHALDHUNGA    , OKHALDHUNGA    ,2022, 2078/79, Koshi Province        ,0.0290768252928755,-0.0710785659279067,0.1686603867478161,-0.0778710521508043,-0.0011318763930871,-0.0343638846563867,-0.1295996098866658,0.1263946498159293,0.0153869648407586,0.0673297804904759,0.0891578770816276,0.0523165369645671,-0.2400409310207411,-0.0953042946333174,0.0114214440239972,-0.0240960152914197,-0.075000088480965,0.0484286048912175,-0.1085530525453515,-0.1662873340109348,-0.1327474941427426,0.1494259340991631,0.0555220968985726,-0.1196068882198358,0.0492429754933805,-0.0251622105954859,-0.0306448442864996,-0.0569628740383593,-0.1099852159545884,0.0451796712510375,0.0320649705813587,0.1098849943712786,0.0996147004245712,0.0914359132013382,-0.17909274159065,-0.0348909550103519,-0.0892743867715245,-0.0759146338804024,-0.0631952645177242,-0.0258315865882641,0.0375913683500587,0.1048246648290743,-0.1573405106421367,0.1120416137690737,0.0046078590215249,0.1682007518537124,0.002709413405089,0.2517942221607614,-0.0115105509627509,-0.0454180663126126,0.0398789132444091,-0.0265981720278329,0.1365079365922627,0.1431645014812237,0.087247458489685,-0.2074518547912529,-0.0285064303396247,-0.0787229985546243,-0.0822548894636579,-0.2333937793249549,0.0680483889598246,-0.0214910664221832,-0.0063176538705705,-0.0616114072088296, 75.0          , 12400.0      , 8251.0        , 2145.0       , 107.0               , 39680.0            , 15378.0             , 3330.0             , 1.43             , 3.2             , 1.86             , 1.55
PALPA          , PALPA          ,2022, 2078/79, Lumbini Province      ,0.0647515325657648,-0.0047870043922661,0.1796142837081529,0.0059689380344882,0.0190715976486254,-0.084387173337032,-0.1887828910787855,0.1697484665839283,0.0228757461506609,0.0286803200233063,0.0629961850541055,0.0994499534827004,-0.2729832661690897,-0.0262105379315993,-0.0135471658231437,0.012311440000165,-0.0347825388109048,0.0561612567268726,-0.1322102349317026,-0.121630658262994,-0.2146330310992933,0.141446871880449,0.142949596061686,-0.1096067200427036,0.0036900661949658,-0.015422996374198,-0.000221389955594,-0.0370755189377756,-0.0701514249811371,0.0876002935025255,0.0606137818637864,0.1768106330988639,0.09236830293499,0.0762855956323214,-0.1204419426812419,-0.0236243541633825,-0.1211361393957824,-0.0071901452521582,-0.0403250064736926,-0.0167789326436479,0.0456621473781724,0.0782826230494192,-0.0993475359785182,0.1873182109273391,0.0372199629980789,0.1382381153438119,-0.0157865828609575,0.2087643498969614,0.0109709710646033,-0.0178123277133494,0.0259596142442937,-0.0696016626494697,0.0551399201160914,0.0610518460918458,0.1473206192302704,-0.2369974249277534,-0.0585194162466191,-0.0738309281328509,-0.0809839223168286,-0.1828233213481277,0.0771644301177868,-0.0888925652426485,0.0015372004962533,-0.0359419864321163, 24.0          , 21643.0      , 2684.0        , 5786.0       , 24.2                , 55779.0            , 3762.0              , 13572.0            , 1.01             , 2.58            , 1.4              , 2.35
PANCHTHAR      , PANCHTHAR      ,2022, 2078/79, Koshi Province        ,0.0564404465810087,-0.07935822350248,0.1713081091574766,-0.0947718182655864,0.0112933604511981,-0.0255376543477496,-0.1403647660653786,0.1183981279534796,0.0388993362636087,0.0826777206336631,0.1166592397964852,0.0242428803975025,-0.2173246497132508,-0.0734211082513917,0.021775723398137,-0.0084572397841249,-0.0251110636350904,0.022166835155912,-0.1018856834065465,-0.1705149629422204,-0.1171019357624152,0.1353485843975073,0.0898449693528547,-0.1366451649856641,0.0409212210127064,-0.0537063331540792,-0.014247955257688,-0.052870018034098,-0.1075834103522182,0.0636111808337957,-0.0077665992388697,0.0899430052784624,0.0707016650030669,0.0801217420299227,-0.1640054200289029,-0.0622631764671789,-0.0883345903060004,-0.0684764893056044,-0.1010536467628054,-0.0288335642835438,0.0858968008862729,0.1103455358640572,-0.1453990488070745,0.1765441509683246,-0.0286106557594437,0.1509838370781124,-0.0061528324677115,0.2517293567042505,0.0236964310066021,-0.0049267332281822,0.017943676258964,-0.0601234136116374,0.1329707850210556,0.1499286644210359,0.1276523675794919,-0.2076810825211288,-0.0006365590637583,-0.1000226856036111,-0.1033528037103798,-0.2723479204973211,0.0727734470941679,-0.0082033742802321,-0.0021726603866664,-0.0314617213433238, 299.0         , 18683.0      , 3738.0        , 3902.0       , 431.0               , 42971.0            , 6217.0              , 6476.0             , 1.44             , 2.3             , 1.66             , 1.66
PARBAT         , PARBAT         ,2022, 2078/79, Gandaki Province      ,0.0488508561219874,-0.0599509184224359,0.2079101117196624,-0.0290677050440236,0.0160197915205448,-0.0918127300195008,-0.1888694841877955,0.1414786023567926,0.0477856986637591,0.0560901530782234,0.0551030279306178,0.0405109874589306,-0.2131562918617283,-0.0319605221259248,0.0187362654198359,-0.0391141683139255,-0.0422560915082761,0.0487592058676489,-0.1150944362497773,-0.1565980845720615,-0.168368865305328,0.1154527571696879,0.1366143164094081,-0.1033207350913708,-0.001062347324611,-0.0496150546276452,-0.0489492532893858,-0.0436618822987924,-0.0455661097917505,0.0429907361699883,0.0306995423273397,0.1616143956825907,0.0473112996907595,0.0680369293803624,-0.1469786775764822,-0.0831148681949145,-0.0942561701416626,-0.0214763800818623,-0.0556914193487569,-0.0056276577297002,0.0592668369517034,0.0681197978351836,-0.1396736395092847,0.1530534011442441,0.0061019182742236,0.144465960675326,0.0086828698835527,0.2110595747008499,0.0416963847199423,-0.0203132016291542,0.0141693420647537,-0.0672798486116992,0.063368315501248,0.1122668787567199,0.1384799649308857,-0.2363819136252415,-0.0579808011260899,-0.0959347838036297,-0.1311038414665821,-0.2265234055923328,0.0626852407777284,-0.0638418977411635,-0.0027616639360266,-0.065894312042319, 80.0          , 13700.0      , 8592.0        , 2600.0       , 105.0               , 35500.0            , 9560.0              , 6350.0             , 1.31             , 2.59            , 1.11             , 2.44
PARSA          , PARSA          ,2022, 2078/79, Madhesh Province      ,0.047723238490379,-0.0667259569610301,0.1189531672265298,-0.0164511767705556,0.0157180175872805,0.0590269493130586,-0.0956087668965535,0.1057388762274783,-0.0675236450244227,0.1347219607631165,0.1607058162791488,0.143184386618038,-0.3191443482949018,0.0045760887433667,-0.00660601289519,0.1268662514179013,-0.1101747573165962,-0.0461224097579833,-0.0806024395331792,-0.1263527086708695,-0.2018429269325954,0.2886253645293606,0.1421824108102984,-0.0617030109722262,0.0261746269484517,0.078826041868946,0.0239877623821427,0.0392435611971486,-0.02889222211325,0.0767800196940793,0.0944206879594565,0.0511172270082186,-0.0182137649914256,-0.0263532077780851,0.0537456495938146,0.0692247549512759,-0.2027865684313099,0.0089166950910452,0.0474478046180095,-0.0775875416083246,0.0594931306668693,0.0888919740516414,-0.0826556961633495,0.2619523349181398,0.0540699296920994,0.0902406403600044,0.0422264897326196,0.1056736649071331,-0.0705707081933799,0.0346982973954866,-0.0345231648802326,0.0053162916198753,0.0298044755475933,-0.0736748693875035,0.1977132617738674,-0.1511815091560033,-0.059941780114296,-0.0073729888843528,-0.0977474821929623,-0.1235708241887621,0.0951147754049499,-0.1645479458321877,0.0582303382766135,0.0429506487665693, 30.0          , 4189.0       , N/A           , 23008.0      , 41.0                , 17166.0            , N/A                 , 86163.0            , 1.37             , 4.1             , N/A              , 3.74
PYUTHAN        , PYUTHAN        ,2022, 2078/79, Lumbini Province      ,0.0756853028019699,-0.0165952619745052,0.1915322399402929,-0.0253917576020203,-0.0055884719607224,-0.0798136631030015,-0.1854916858444079,0.1624923010408556,-0.0012962300207176,0.0149643538592511,0.0635006920930725,0.0906920832413158,-0.2417367810417235,-0.0117488467832136,-0.0041284714609513,0.0150891301042465,-0.0205055040942547,0.0552620135728911,-0.1252137671122996,-0.1350597604347924,-0.1619702252758484,0.1029062127905665,0.1540987169110143,-0.1094324186121431,-0.0080898289631166,-0.0632526593079551,0.007534288917228,-0.0284999889380724,-0.0438380451373935,0.0616241011937123,0.0669979746066407,0.1452201249271233,0.0862251938489051,0.0857358818654128,-0.1535763345087431,-0.0560199825239405,-0.1055419509620636,-0.0248288443520952,-0.0288151836793934,-0.0282803770279509,0.0198654636224806,0.0886113627211937,-0.120567255098185,0.1484920642193898,0.0170632794737703,0.1532120560628513,-0.0425514627522946,0.2135439943365257,-0.0074143756995946,-0.0284219738585146,0.0222627683123015,-0.0753833766714456,0.0737371737150113,0.0785602453172615,0.1281110866959398,-0.2074243567579848,-0.0408826068510605,-0.0813456415040762,-0.1101710788281959,-0.2216849507915688,0.0946941372190709,-0.0692438504772665,-0.0081824696186088,-0.053719674479618, 736.0         , 12158.0      , 2205.0        , 8690.0       , 787.0               , 35626.0            , 2918.0              , 24959.0            , 1.07             , 2.93            , 1.32             , 2.87
RAMECHHAP      , RAMECHHAP      ,2022, 2078/79, Bagmati Province      ,0.0236818505902722,-0.0987155952517616,0.1503145537817426,-0.0922410594834818,-0.021615073508661,-0.036007863753084,-0.1042255402066498,0.1069348845154855,0.0170531889716424,0.0757881882243076,0.1048171733420276,0.0335193779064167,-0.1919121650256553,-0.081829123082047,0.0097827949525518,-0.022141185061459,-0.0641326802411731,0.0433251420271407,-0.1146396243512046,-0.1665604018947215,-0.1012771052260565,0.1188689633518344,0.0681226388833736,-0.1203780479053965,0.0344977974837281,-0.038962992115243,-0.0232495147261729,-0.033486575837512,-0.0756175414502872,0.051823324558204,0.0290172743803575,0.1205206802114973,0.0597807887574693,0.0779528486772744,-0.1619188906589652,-0.0648570148240725,-0.0796351152875112,-0.0789167967142413,-0.069978062776684,-0.0178850638409709,0.036439837185024,0.1020772176629092,-0.1593676862061775,0.0956567639065755,-0.0048603924374576,0.1639348352525089,0.0066495084180866,0.2031301598583739,-0.0199384528393478,-0.0326183396866283,0.03057901501252,-0.0186199909669535,0.1222004018942967,0.161858347065456,0.1042496146639437,-0.1865294801513023,-0.0496947617776157,-0.1089808075684541,-0.0948877031419289,-0.2426299601366162,0.0376783162551223,0.0068404952427042,-0.0357952538074945,-0.0529505434221674, 63.0          , 22367.0      , 4989.0        , 3674.0       , 85.0                , 68286.0            , 5690.0              , 8560.0             , 1.35             , 3.05            , 1.14             , 2.33
RASUWA         , RASUWA         ,2022, 2078/79, Bagmati Province      ,0.0040682802974625,-0.156957389718348,0.0611407101492629,-0.0822671889879945,-0.0688793722016414,-0.0213902827462141,-0.0368224939744345,0.0569421591058294,0.0190116576283588,0.0938364751737306,0.0906705770185677,0.0249278668717362,-0.021765111288324,-0.0289665040741292,-0.0877083543224641,-0.0174542040303178,-0.0213190741889103,0.0450013915493014,-0.0994085282619908,-0.1599943802900363,0.0486790838771245,-0.0164713119580065,0.0753782520148908,-0.0905503750689981,-0.0027893893966111,-0.0925108877309019,-0.0248988397712155,0.0066640040987632,0.0283355854833538,0.02868033515879,0.0024026291405746,0.1516111545999806,-0.0538058488176633,0.0374200927312242,-0.1111794611385284,-0.1607478101053839,-0.0857194500736333,-0.0956983228484182,-0.1086344686860671,-0.0214634647463372,0.01589017007106,0.0850303434016818,-0.1334929794662492,-0.0293519532134054,-0.0432365589506935,0.1932119382866726,-0.0425451211914109,0.1546296870784199,-0.0400462398047619,0.0189084234060655,-0.0296505956249338,-0.0267044037548205,0.0767664769457097,0.2144590972420809,0.164369119413767,-0.1442818782981207,-0.1176412757466854,-0.1601846487104057,-0.0981273061312682,-0.1910153454530477,-0.0703371776050785,0.1269170476905742,-0.0996155048078475,-0.0247450362517099, 243.0         , 2524.0       , 898.0         , 761.0        , 335.0               , 6310.0             , 1032.0              , 1232.0             , 1.38             , 2.5             , 1.15             , 1.62
RAUTAHAT       , RAUTAHAT       ,2022, 2078/79, Madhesh Province      ,0.0158641315067439,-0.0622897560711113,0.1366565676181103,-0.0102348124889074,-0.0026033443900338,0.0792633749222836,-0.0576718461554351,0.0607154697637845,-0.0988741072847457,0.1499869337162794,0.1798846237494389,0.1087403664435228,-0.2964553434108412,-0.0045819034761734,0.0264013309960887,0.1299696848322797,-0.1369465241207547,-0.0615865970006668,-0.1080277395765276,-0.1604706228820516,-0.2440807718573685,0.3300449043283606,0.0638077998080336,-0.0396340252493541,0.0179936055123055,0.1459926430160211,0.0601379465584101,0.0690350020256017,-4.627848870520034e-05,0.0746468754130752,0.0803753942023102,0.0545017782851382,0.0132905907275563,-0.0005653723728981,0.0642319466303395,0.118020561785207,-0.1926012093571653,0.0029797964802208,0.0390837387656905,-0.0349403511188007,0.0756120052038754,0.1207265201406795,-0.1266214873077765,0.2063313960135019,0.0368399603310166,0.0969932202847823,0.0747935254522561,0.0856274975275482,-0.1202310197997343,0.0465218581686677,-0.0301477787041415,0.0720429934649785,0.0162041323943089,-0.1085580463231655,0.2070810293912212,-0.1699176220499364,-0.0743378831927156,0.0030986931914962,-0.0911327351419798,-0.1085015736405263,0.0612722828657644,-0.1316049711209394,0.0581508356258623,0.0573993878175304, 3.0           , 3513.0       , 71.0          , 15991.0      , 5.0                 , 12821.0            , 74.0                , 52888.0            , 1.57             , 3.65            , 1.04             , 3.31
ROLPA          , ROLPA          ,2022, 2078/79, Lumbini Province      ,0.0691314942432817,-0.0341870532549169,0.1833669911737616,-0.0454212706246995,-0.0269770645665669,-0.0923676935752664,-0.1784133013139256,0.1543649273022532,0.0189478315259098,0.0129227337611163,0.0563934044639846,0.0543214267385621,-0.20513077316234,-0.0117156030484957,0.0004387474686942,-0.0205478822695665,-0.0378080708524761,0.0615874380515047,-0.1316983968448567,-0.1606854678015298,-0.1003388674697922,0.0234132637298346,0.1456085955793732,-0.0957060676046558,-0.0035768725532712,-0.085490240527437,-0.0276996798962283,-0.0433937592058144,-0.0312917239478413,0.0547780211561223,0.0540153714679462,0.1470106109419207,0.0666640511411453,0.0912907247917226,-0.1837077325079092,-0.0747447801109709,-0.1026048271007128,-0.0394425889394174,-0.0293572642114729,-0.0401205157690196,0.0129452599743596,0.0714375416587954,-0.1318456807609519,0.0931958300068862,-0.0057142760762687,0.1585469212248554,-0.0623995465246984,0.2157351907129989,0.0172843414277248,-0.037162488434878,0.0375011005542101,-0.0970734307892982,0.0799174437667391,0.1328185758005341,0.0992504182628357,-0.2067809946729128,-0.0475894673471015,-0.0896797783467277,-0.1391773069309882,-0.2481234704679706,0.0807883587098208,-0.0245585649466355,-0.0378240103111248,-0.0657382030809669, 620.0         , 12335.0      , 1126.0        , 8596.0       , 625.0               , 38500.0            , 1498.0              , 24400.0            , 1.01             , 3.12            , 1.33             , 2.84
RUKUMEAST      , RUKUMEAST      ,2022, 2078/79, Lumbini Province      ,0.0154888389682565,-0.120441366848958,0.1319916877867986,-0.0961487639595986,-0.0834790466124901,-0.0662942134628299,-0.1050429965295516,0.1293974522992358,0.0221215729504453,0.0530561110109438,0.0573580204244785,0.0055162110723902,-0.0447858813924378,-0.0129373512545834,-0.0441419870983264,-0.0134803449256237,-0.033608343125448,0.0469578030881887,-0.1345111529673415,-0.1447802286341478,0.0364903751869251,-0.0291373461800792,0.1045991501688073,-0.081506379443796,-0.0145703590316008,-0.1318162814278362,-0.0228507300954645,-0.0206195533341418,0.0523197679185017,0.0588467437139241,0.0324951721228075,0.1317000833183534,-0.0360816841438777,0.0857648575436587,-0.1283935984229751,-0.1267304863275782,-0.0605367182086844,-0.0528473529843374,-0.0871082331873254,-0.0546635759362871,-0.0108980684512326,0.0794271838807676,-0.1332651430118573,-0.0004109875111196,-0.0396560872130216,0.1984486267332743,-0.0228320899440104,0.1440632796778042,-0.0126895351186743,-0.0102977536120188,0.0035875944607939,-0.0666431619847977,0.049913550728316,0.2168543069586411,0.1401687985323957,-0.1418434195125111,-0.1179490904094354,-0.1600360693669611,-0.1388431787267354,-0.1939785087639073,-0.0325944179478166,0.0891645067730256,-0.0984477213854248,-0.0375219422194899, 269.0         , 5037.0       , 641.0         , 3273.0       , 769.0               , 14559.0            , 833.0               , 8952.0             , 1.01             , 2.89            , 1.3              , 2.74
RUKUMWEST      , RUKUMWEST      ,2022, 2078/79, Karnali Province      ,0.0532295687997534,-0.0957740514123163,0.1718968716484475,-0.06987676779967,-0.0447621252988819,-0.0808493053338339,-0.142965023062599,0.1678291420066005,0.0128099585682689,0.0237372611098896,0.0593807984183657,0.0295769348553698,-0.1353658072229315,-0.0185586459906845,0.0193910995354541,-0.0330874103845373,0.0023915592584741,0.067627994868706,-0.1454820146321727,-0.1577786793027078,-0.0357157597254637,-0.0131886508075769,0.1172045729475928,-0.0751964914723983,0.0103942449935961,-0.1075902487364742,-0.0184997577200662,-0.0285912021987242,0.0161658720444673,0.0564976330452831,0.0350169199979339,0.1233736645209403,0.0304315389724922,0.0885750636698357,-0.1734594017279052,-0.1178206197039459,-0.0663525935567854,-0.0245604658856443,-0.0315346951430321,-0.048515503808194,0.0184444874539067,0.0606451112505728,-0.1083623448925945,0.0473260746988909,-0.0134803085281144,0.1769389665100967,-0.0462972398002996,0.2015513162405279,0.028606045198279,-0.0043467884141756,0.0092661321721469,-0.0793515585350571,0.0491696413018109,0.1537855159334238,0.147411691670912,-0.1405843086918176,-0.0907603170823089,-0.1327560047497763,-0.1399462726329048,-0.2065347456154744,0.073662953332376,0.0107441613867978,-0.0304075163187904,-0.0438302173097699, 480.0         , 8350.0       , 466.0         , 9385.0       , 702.0               , 31954.0            , 633.0               , 22247.0            , 1.46             , 3.83            , 1.36             , 2.37
RUPANDEHI      , RUPANDEHI      ,2022, 2078/79, Lumbini Province      ,0.0176097696454464,-0.0260496506828046,0.1543290293704816,-0.0038644754821832,0.033393304929259,0.0835711003238581,-0.0453989468932908,0.0529645537758845,-0.0974225030048052,0.1151988009839893,0.1362272270613534,0.1288773095274447,-0.3087425022321468,0.0540398026182762,0.0342569759031853,0.1439219146375825,-0.0897569968585032,-0.0309976206302399,-0.1410720062521573,-0.1532465900647628,-0.2454206885754397,0.295304592135456,0.0789947778228807,-0.0313753504621463,-0.0062823555432589,0.127593655844209,0.0581210201188005,0.053178832614791,0.0222827129553467,0.0762367100945384,0.1005913101924222,0.0638954185432685,-0.0124696827783174,0.0089547314448217,0.0723646294509416,0.0821453218379506,-0.1792902359740015,0.0379731471389228,0.0485776323181601,0.0035548708746206,0.0882383034526858,0.0903449422428054,-0.1132295298811101,0.2233381977023141,0.0286422012227316,0.0878883269411626,0.0872914460266722,0.0394210891196075,-0.125724960598213,0.013447021893934,-0.0285306420350812,0.0539874495621262,-0.0079619012592194,-0.0985467926220735,0.2324689453236517,-0.1756594032262058,-0.069121028806852,-0.0142717025352559,-0.1041437843667032,-0.1476265110436452,0.0450918183367833,-0.1519786858381279,0.0477762920208067,0.0611121651361919, 74.0          , 2751.0       , 46.0          , 26118.0      , 145.0               , 10752.0            , 53.0                , 103167.0           , 1.96             , 3.91            , 1.14             , 3.95
SALYAN         , SALYAN         ,2022, 2078/79, Karnali Province      ,0.0852583560559956,-0.038316075487197,0.1753936638637295,-0.0464589421697091,-0.0163239318419022,-0.0655685680715679,-0.1788523142791333,0.1625119291855587,-0.0051712708695237,0.0035447754239266,0.0912734007416394,0.0822684425512619,-0.2604308956389035,-0.0058378205199314,0.044931384634535,0.0205169119019163,-0.0260812327872239,0.0540159552459864,-0.1277348359695909,-0.1728332749090472,-0.172816703382502,0.0678770135354812,0.17866398294314,-0.1212882641764082,-0.0110819519342253,-0.0394096984398915,-0.0049403489192931,-0.00724405867339,-0.030225088757446,0.0815820854923761,0.0754126998320992,0.1464151132985233,0.0952645152075629,0.080750641856241,-0.1634128324775458,-0.0399822191538752,-0.1216797209248987,-0.0088749460202862,0.0037116842572567,-0.0225164435293891,0.0318832662910263,0.0792125426320259,-0.1109188488849691,0.1697765689370176,0.0328777517089816,0.1321433361873517,-0.0476153891103668,0.1924621537880651,-0.0170476926031064,-0.0456519117197746,0.0444159374784804,-0.0658323222702187,0.0724791721760343,0.0698697685062128,0.1285544300676096,-0.1961684858240255,-0.0494265127297872,-0.0629804569351669,-0.1098739300979607,-0.2394134631633122,0.125535158341699,-0.0876511711549446,0.0014040924787961,-0.054437215793821, 749.0         , 19335.0      , 1231.0        , 13217.0      , 1275.0              , 60256.0            , 1314.0              , 41610.0            , 1.7              , 3.12            , 1.07             , 3.15
SANKHUWASABHA  , SANKHUWASABHA  ,2022, 2078/79, Koshi Province        ,0.0327761559492656,-0.1137645963875421,0.1019298394586414,-0.0984951570663951,-0.0043346102816599,-0.0264268854906216,-0.0873045981626088,0.0856294700718619,0.0510633047105699,0.1192095733041729,0.0873157924864342,0.0526457451973051,-0.0983952088738879,-0.0300846296588415,-0.0542211797420888,-0.0015478291316141,-0.0315082693077797,0.00878372675369,-0.0796150244011402,-0.1557058671004197,-0.0087100865211956,0.0772680608138285,0.0462353893230122,-0.0958118875636512,0.0051424166028126,-0.0990204636066196,-0.0432591384249551,-0.0331586327214335,-0.0310831348559787,0.0031871030715267,0.0031966194023652,0.1010596901615445,-0.0164404813426609,0.0617777089631913,-0.1268674025766442,-0.1067631976862672,-0.08672873432274,-0.0927550853205455,-0.1230829787961772,-0.0332318297709778,0.0373147493664846,0.1220671381464768,-0.1174392980818168,0.0733628434793054,-0.0556671844576393,0.1968779495222042,0.0055650213263329,0.1926210042279566,-0.0163655767870938,0.0055390973843092,-0.0380413062957284,-0.0545335426091973,0.1047020261710831,0.2045736704627359,0.1501902837427314,-0.1831191890893113,-0.0707286900402087,-0.1463579887351207,-0.0807306965565615,-0.2412899333054596,-0.0227775208756539,0.0943590716400206,-0.0589358400323128,-0.0190069098790869, 12.0          , 12458.0      , 6664.0        , 715.0        , 16.0                , 33146.0            , 8664.0              , 1650.0             , 1.34             , 2.66            , 1.3              , 2.31
SAPTARI        , SAPTARI        ,2022, 2078/79, Madhesh Province      ,0.0101717960000661,-0.0723182727951578,0.1383154711132531,-0.0538144860160566,-0.0191768161596194,0.093316283976483,-0.0471473657660428,0.0535054170900765,-0.0661229665494744,0.1603496797458293,0.1823174769934562,0.0874762844077502,-0.2899155992907745,-0.0666159962659298,0.0453227026675613,0.1451112940815417,-0.1626376448077054,-0.0453542181293457,-0.1182037225889075,-0.1310904563967397,-0.2377203067645013,0.3401622386652633,0.0197319898749805,-0.0363673417769578,0.0399127421083764,0.112032220233506,0.037149610663217,0.0307590294761042,-0.070306752790193,0.0844462235448811,0.0908472580659304,0.0349012987901166,0.0026980456902239,-0.00375893881978,0.0508457776031091,0.1551799050838997,-0.1740990468419132,0.0048490474254661,0.0705070543747112,-0.0078668359696716,0.0864759616260099,0.1234109112810807,-0.1349341317952671,0.2274734513754925,0.0194782579340452,0.1160766281297294,0.076523194329676,0.0960316917338719,-0.0951376104866298,0.0260640313190823,0.0148525710215617,0.1255899898987237,0.0220769776797702,-0.073398665741117,0.1876454496549419,-0.1674172015835327,-0.041216969961248,-0.0124547822617711,-0.0755911482065578,-0.1437928904683139,0.0371146365313162,-0.1023828464722853,0.0285389347199145,0.0724246532548458, N/A           , 6589.0       , 183.0         , 15017.0      , N/A                 , 23211.0            , 231.0               , 54351.0            , N/A              , 3.52            , 1.26             , 3.62
SARLAHI        , SARLAHI        ,2022, 2078/79, Madhesh Province      ,0.0102541958310239,-0.0620145084196233,0.1337183462643152,-0.0141333148647595,-0.0101999829103423,0.0771483036710429,-0.0636277785832,0.0766979025890704,-0.1018948294288713,0.1477960922891042,0.1793802956276357,0.103169550196716,-0.2961560019069696,-0.0177535506194663,0.0263699235757335,0.1258730819717196,-0.1416801562175803,-0.0577933438227106,-0.1067252960163522,-0.1472203229572102,-0.2625530651903656,0.3321926986088009,0.0580819854866405,-0.0523848826326046,0.0262228083888682,0.1552791635118857,0.0535779826363433,0.0517679918462941,-0.0148579790158341,0.0821758086905205,0.0759393046593698,0.0440583262729553,0.0188384434816742,0.0122669972827586,0.0611673570126083,0.1207473952193816,-0.1824102759433993,0.0012596247759662,0.0318572628731532,-0.0370908133251145,0.0766663813272946,0.126372395851493,-0.1292084342128804,0.2248266368690339,0.0293391194546984,0.1153911587527665,0.0743826770818703,0.091618181801656,-0.1099111152736715,0.0404947878339342,-0.0233136157882452,0.0815514965609305,0.0387796355397304,-0.0889731553984696,0.2005215690930115,-0.1803090634506102,-0.0798379834894031,-0.0104499794489677,-0.0784357478825426,-0.1267839634249732,0.0634087002453494,-0.1328388061944763,0.0555395263542658,0.0525603500171558, 260.0         , 10205.0      , 709.0         , 22984.0      , 290.0               , 35831.0            , 638.0               , 77128.0            , 1.12             , 3.51            , 0.9              , 3.36
SINDHULI       , SINDHULI       ,2022, 2078/79, Bagmati Province      ,0.0665533168794612,-0.0578422773861461,0.147431454964892,-0.0422105762588709,0.0276470935452373,-0.0101842209503138,-0.1520018201572723,0.1376780490807282,-5.136151318130047e-05,0.0823090148174003,0.136253329135466,0.1074717343505031,-0.2985721272003268,-0.0709510291251241,0.0075697551027333,0.0525881842083635,-0.051474125009463,-0.0019331940467234,-0.0931005960079726,-0.1290752857471143,-0.1848157678640853,0.2207838152393872,0.0856142821263348,-0.1111442526610679,0.0433713347301843,0.0058672598920699,0.0007147620507147,-0.0219488312885982,-0.1090239562122326,0.0660960930653985,0.0623382336862481,0.0921623778762545,0.0804035488525905,0.0420633684165444,-0.1070898838221349,0.0255880994699878,-0.1679636137252301,-0.0525131837836096,-0.0344888603588524,-0.0547707164568342,0.0620051886496376,0.1062693988508463,-0.1047175644719531,0.2337083684798917,0.0247544949939837,0.1429176110292716,0.0058113701796156,0.2273802034119999,-0.0266566417622897,-0.0122220024492599,0.0041239213838922,-0.0316404649309191,0.1117259580175666,0.0472732335033716,0.1465354099454356,-0.2037602970513344,-0.0546854284721573,-0.0552025930433048,-0.0427573926812363,-0.1800745209004655,0.1067677183527367,-0.0808455365065673,0.0364280061019088,-0.0190367770473309, 41.0          , 27556.0      , 11700.0       , 6354.0       , 65.0                , 85601.0            , 11089.0             , 14890.0            , 1.59             , 3.11            , 0.95             , 2.34
SINDHUPALCHOK  , SINDHUPALCHOK  ,2022, 2078/79, Bagmati Province      ,0.0195922255420919,-0.1245960186344213,0.1384443124014114,-0.0912003345471137,-0.022125762151307,-0.0498266322476099,-0.0924132001130409,0.0907072144785808,0.0256908600720449,0.0942739782190981,0.0808389163036666,0.021929452693616,-0.1458785045682852,-0.0390917957094398,-0.0263989040112645,-0.0317000207508197,-0.0597254743576443,0.031324492723023,-0.1051434039575193,-0.1678237025589943,-0.0426811063654975,0.0727610472387891,0.0803580349070817,-0.111813874644933,0.0142026305458829,-0.066579650962212,-0.0371463924832474,-0.026240058672396,-0.0415464001158593,0.0215924003812722,0.0185148446626036,0.1347590789396816,0.0038097923319985,0.0558757691575554,-0.1446600642939866,-0.1043727353704647,-0.0791941458034474,-0.0786191916688013,-0.0936392765897412,-0.0215347049514078,0.0220614858573699,0.1002957096466222,-0.1610222055659581,0.0581088727323584,-0.0276361687995516,0.1765162158486959,-0.0085013417164508,0.1969001935149948,-0.0151271247119938,-0.0064296211571813,-0.0038243952403799,-0.0408285637453368,0.1045546260141174,0.1930437391377756,0.1301163539572246,-0.1851829359331668,-0.0805354353762838,-0.1323010371885126,-0.1143050736216203,-0.2249283370574281,0.0101565202207782,0.0477373682824994,-0.0574254060007026,-0.0510352019554095, 172.0         , 26190.0      , 17350.0       , 6904.0       , 205.0               , 75713.0            , 18500.0             , 8723.0             , 1.19             , 2.89            , 1.07             , 1.26
SIRAHA         , SIRAHA         ,2022, 2078/79, Madhesh Province      ,0.0052868172799473,-0.0731450545172039,0.1442142781846008,-0.0442150323488951,-0.0153084696731799,0.082247374791998,-0.0607322855574267,0.073836580888674,-0.0821675129832373,0.1434181757226258,0.1745372697817198,0.0869329319074689,-0.3049532995744937,-0.0478070600509421,0.0441415045539451,0.1331620140268499,-0.1570522303239256,-0.024408000551544,-0.125489769509157,-0.1337005923940802,-0.2555230079598557,0.3416861967605402,0.0295326728361751,-0.038605633462064,0.0404298216510351,0.1469273954332203,0.0403424090092425,0.0340310245789788,-0.0595344846376993,0.1021863339999757,0.090930053546235,0.0222041955895284,0.0157535923621168,-0.0034700638301348,0.0592530975168995,0.1506000424299919,-0.1814372174783617,0.007439360342513,0.0672694199505155,-0.0198261646107702,0.0829543583088965,0.1173651502848684,-0.1505450622627892,0.227192328085249,0.0135595551226012,0.1169909933490472,0.0852361885222446,0.0878445509408936,-0.1148644056676633,0.0379957332429447,0.0057580199879469,0.1195743317429969,0.0179403400809569,-0.0744820262232746,0.2050713769128963,-0.1617326470131629,-0.0679850671169775,-0.0020743770587122,-0.0801784660336194,-0.1272090288526589,0.0452695720010935,-0.1048155559728724,0.0373246603862285,0.0708270713417306, N/A           , 3755.0       , 445.0         , 11794.0      , N/A                 , 14007.0            , 446.0               , 41468.0            , N/A              , 3.73            , 1.0              , 3.52
SOLUKHUMBU     , SOLUKHUMBU     ,2022, 2078/79, Koshi Province        ,-2.492610936523981e-05,-0.145685645371618,0.0458928857842306,-0.094245933356003,-0.0659144455093136,-0.0098138459501451,-0.0333007715840022,0.0363978146415982,0.0147130548047185,0.1123116956971977,0.1062148949463029,0.0217529080820874,-0.0268052020547134,-0.0433504849766834,-0.0891893423328509,-0.0089710283300502,-0.0268211757341069,0.0364084005141212,-0.0734260033389063,-0.1738501880443238,0.0396511966606217,0.0227031436590048,0.050785732383993,-0.0967389614046783,-0.0159499997863124,-0.0963527712011185,-0.026611520676177,0.0109692457930077,0.0168684050858134,0.0292854709436442,0.0076205559040567,0.1312634379143389,-0.0441957381354355,0.0460381829475059,-0.1180089733339223,-0.146344371005826,-0.1018907032997799,-0.1156867245370101,-0.1354888710330894,-0.0308964370268698,0.0338999680782879,0.107436810865806,-0.1268362651889434,-0.0044086826499319,-0.0432171518025153,0.190503729328361,-0.0191740584923954,0.1330079647078163,-0.0469191774948814,0.0013346705181937,-0.0248085022053175,-0.0163135954041902,0.0965536238363333,0.2188672507782734,0.1393530360124923,-0.1627524965204277,-0.1156934255016384,-0.1548871618722469,-0.0755678036239686,-0.2334216434533914,-0.0896308516488714,0.124412338887772,-0.1321517175175297,-0.0273014965557465, 162.0         , 13770.0      , 2105.0        , 2665.0       , 193.0               , 39048.0            , 2830.0              , 5306.0             , 1.19             , 2.84            , 1.34             , 1.99
SUNSARI        , SUNSARI        ,2022, 2078/79, Koshi Province        ,0.0223574803053936,-0.0827705523723753,0.1482614410895245,-0.073535644457704,-0.0057814468706927,0.0819921046963953,-0.037358929011424,0.044700989749714,-0.0681114027794867,0.1669079229482545,0.1841526455420834,0.0879340183144939,-0.275274516844403,-0.0751493440571748,0.0398471919045613,0.1279728451939009,-0.153512786563996,-0.0650254060935735,-0.1030894872405654,-0.1206672854043683,-0.2183994162369747,0.3295855717959328,0.009742186023506,-0.041419970123796,0.0425238902074967,0.1130266159939091,0.0187301213757971,0.0282543902425867,-0.0701350855084105,0.0701931775579523,0.0807808687637218,0.0265895351568722,-0.0038208717790803,0.0044700001863187,0.0655992831291581,0.1176225072147185,-0.1677776157534626,-0.0160333208778101,0.052589588473259,-0.0178745772376408,0.0803407791174824,0.1164345803883223,-0.1306786498251536,0.2484524986323975,0.0274120439672398,0.1115119375685143,0.0655465449460024,0.1205079789811802,-0.0749359663196414,0.0353152407356387,0.0015122440422072,0.1020353166568301,0.0414184966796476,-0.0581626480535286,0.18726808128296,-0.1796036157620027,-0.0407522016076772,-0.0361159232494864,-0.0709326788647253,-0.1575572669421997,0.0423430208289945,-0.0993987517732826,0.0214489580776426,0.0711071645639963, 14.0          , 9034.0       , 505.0         , 12127.0      , 22.0                , 29432.0            , 585.0               , 41195.0            , 1.57             , 3.26            , 1.16             , 3.4
SURKHET        , SURKHET        ,2022, 2078/79, Karnali Province      ,0.0888466680952299,-0.0399103871888095,0.1562971866666859,-0.0286301868142134,0.0035540302277811,-0.0540258818613334,-0.1534538374311977,0.1664459733605013,-0.0140967482217708,0.0282109431395185,0.1198142374817948,0.1051426809320499,-0.2838049440920496,-0.0123115821072946,0.0296406062643129,0.0529513755448318,-0.0301274889973598,0.0405360261518097,-0.1047214079345879,-0.1513395595895418,-0.1988606882187913,0.1679507846299225,0.17072335331952,-0.1092184401947187,-0.0027262879446122,-0.0226383803734314,0.0100668227327701,0.0011623355650001,-0.0294835068239883,0.0636353263572924,0.0818393726133738,0.1263525718996428,0.0957885892505275,0.0721423208311028,-0.1021155289003123,-0.0102504848432971,-0.1457283225199512,-0.0111923718642805,-0.0168408556683857,-0.0497852396081006,0.0503065920535938,0.085667501396976,-0.087815333985513,0.2238645139992764,0.0416655298951594,0.1407090964447227,-0.0011689985411526,0.1750667117508118,-0.033913799573509,-0.0303925364771135,0.0007465092400639,-0.0562323816281251,0.0676880627479278,0.0390670769932217,0.1504271418059642,-0.1895070461482417,-0.0579880312148489,-0.0425295929067812,-0.0734639317588981,-0.2215876157683939,0.1280555062827959,-0.1037925322694036,0.0322312824548357,-0.039793459082238, 630.0         , 13252.0      , 2995.0        , 12191.0      , 1105.0              , 46756.0            , 3497.0              , 42354.0            , 1.75             , 3.53            , 1.17             , 3.47
SYANGJA        , SYANGJA        ,2022, 2078/79, Gandaki Province      ,0.0478112817173033,-0.0176441694585883,0.1866488584921456,-0.0027975321391831,0.0346618150584983,-0.0872315700267245,-0.2136859318606589,0.1638928627433934,0.0333149513681397,0.0555267248715466,0.0411657119009734,0.0775575044357523,-0.2570893138737842,-0.0356895053174791,-0.0058161794664367,-0.0238322436769643,-0.0606995625837486,0.042627133268338,-0.1319194766192886,-0.1147236775701628,-0.2315353437935763,0.1664689632317352,0.1053354008740335,-0.1012401379919653,-0.0026618303812616,-0.0203669024589209,-0.0232033925910853,-0.0418725745469348,-0.0632550463494373,0.0653803346033165,0.0570635368793354,0.1799937675306499,0.0687936642180609,0.0697841443634107,-0.1305786629314838,-0.0263625520053129,-0.1252721544942252,-0.0107776412609082,-0.0367635160615249,0.0102976792362521,0.0510242808949725,0.1034844158717603,-0.1086824857897699,0.1788774516021956,0.0315071589211742,0.1476578520784055,0.0248183009284038,0.1932771099845522,0.0156156076547798,-0.0263813569955532,0.0245628039322778,-0.0567923519812712,0.0628741448168042,0.0707109791916165,0.1453881971047486,-0.2465155169554326,-0.0851574149907232,-0.0802530053584455,-0.0927097185607518,-0.1719870166595854,0.05043454080488,-0.1009950710170073,0.0072312094561086,-0.0521543224348034, 6.0           , 28945.0      , 16501.0       , 5560.0       , 6.0                 , 97930.0            , 20346.0             , 16008.0            , 1.0              , 3.38            , 1.23             , 2.88
TANAHU         , TANAHU         ,2022, 2078/79, Gandaki Province      ,0.0565097102254133,-0.0014503540784752,0.1472096837678518,0.0299475523279056,0.0538578465881091,-0.0684569297828235,-0.2207741186789965,0.1951017779774622,0.0275506107949957,0.0787617971060249,0.0484874935000185,0.095896202582434,-0.2784681040015727,-0.0123797201714628,-0.0328873268275973,-0.0242187879447746,-0.0515116469632268,0.0334648108686209,-0.1359541017239894,-0.0930941734869631,-0.2453435804264237,0.1906045336204923,0.0687176619521172,-0.0840479833568653,-0.0062094205562846,0.0104566866000384,0.0039621642387079,-0.0573643511782292,-0.0332982775858625,0.084319764496961,0.0498634777164877,0.1525836545711943,0.0631801259053176,0.0634713509328101,-0.0764369568097505,0.0098614100209402,-0.1557119332432875,-0.0198744012217681,-0.0086112460530405,-0.0047635929546989,0.0389080547337018,0.1250680729886465,-0.0688244134529206,0.2022996425799435,0.0143029209429447,0.1363553123303457,0.0286770118775173,0.2059759080894739,-0.0015824273731623,0.002890713169468,0.0124726289435625,-0.061520581674548,0.0688118696886541,0.0468050414331131,0.1661788733062454,-0.2146458985191632,-0.0904828593695846,-0.0742326829564224,-0.0772994836696045,-0.1158711728398011,0.0243518751961167,-0.1316223423139981,0.0625566301158224,-0.0338113251604372, 5.0           , 22316.0      , 6729.0        , 1643.0       , 6.0                 , 74574.0            , 7700.0              , 4119.0             , 1.13             , 3.34            , 1.14             , 2.51
TAPLEJUNG      , TAPLEJUNG      ,2022, 2078/79, Koshi Province        ,0.0174618506851297,-0.1339776836665977,0.0670151707148515,-0.1038707990918583,-0.042661903010854,-0.0082348316014929,-0.0386853278272567,0.0464500619519886,0.0272304420450242,0.1165686017097211,0.0993798538107709,0.0337253082693334,-0.0393889311942973,-0.030443221392424,-0.0805513079330049,-0.0105286128998904,-0.0220217330465503,0.017175244953642,-0.0664073290653696,-0.1623651526847249,0.0334367736385663,0.0451132462011763,0.0457571954225063,-0.0978703828010562,-0.0042787758550175,-0.1039803313556225,-0.0304002889110942,-0.0058087968456866,-0.0154371239296324,0.0167113388083381,-0.0046955813159313,0.121146841813915,-0.0453213132115243,0.0452399433898692,-0.1206786328623533,-0.1363519081136489,-0.0973234780224161,-0.1121554150613109,-0.1411986138104345,-0.0335969150526549,0.0518468317779815,0.1225487962080772,-0.1209085936378135,0.0272432731863833,-0.0562600943371061,0.1990853431235554,-0.0131724169659361,0.1630030700446517,-0.0392587432248312,0.0119993768989094,-0.0406655001319215,-0.0334574289214578,0.1003455169555899,0.2077070936343104,0.1505686856058981,-0.1713227946311698,-0.084189522427981,-0.1609173109818515,-0.0847841074410692,-0.2462386274545547,-0.0706305185677638,0.1322468335120707,-0.1035387914615182,-0.0168550588355343, 269.0         , 11198.0      , 2987.0        , 1537.0       , 405.0               , 38312.0            , 4242.0              , 2875.0             , 1.51             , 3.42            , 1.42             , 1.87
TERHATHUM      , TERHATHUM      ,2022, 2078/79, Koshi Province        ,0.0508887968350673,-0.0625645950601392,0.1890179993386149,-0.1024744170192694,0.0173268964675065,-0.0259728884069235,-0.1461713177659352,0.1080692857270846,0.0280923172145366,0.0814672845089501,0.1014009537751532,0.0472804469297312,-0.2252327155971384,-0.0865388920192994,0.0256875226366163,-0.0159390765893474,-0.0769220590760208,0.0107079151695063,-0.0906322447272903,-0.1329526276396053,-0.1710342379033193,0.2016616130387466,0.0795582834694615,-0.1133978405059525,0.0184824972512143,-0.0491006800434913,-0.0246116187654206,-0.0522862961423668,-0.1155528706553085,0.0178362659700974,0.0388331989274905,0.1025587672658962,0.0629468271756263,0.0727068533683115,-0.1377654386635385,-0.0131630846721093,-0.0837505719542497,-0.0945383220540625,-0.083705986303604,-0.0171693690966268,0.0645487316527112,0.1358973167118242,-0.1503994332168917,0.1991566050947472,-0.0160876408730511,0.1767055965834214,0.0247159772981396,0.1852992128757284,-0.0375199836509223,-0.0446234986893747,0.0075273078719876,-0.0310894818699306,0.1385789313389838,0.1229982634110092,0.0997265762118882,-0.2387772955861918,-0.0005530015174661,-0.0726705646572424,-0.119628127762586,-0.2967661730808719,0.0547794460337615,-0.0391237098717618,-0.0313567896813388,-0.0625342038711747, 64.0          , 12897.0      , 2505.0        , 2399.0       , 85.0                , 38756.0            , 2956.0              , 4796.0             , 1.33             , 3.01            , 1.18             , 2.0
UDAYAPUR       , UDAYAPUR       ,2022, 2078/79, Koshi Province        ,0.0700600193621203,-0.063604313009905,0.1496291433119678,-0.0553369212439776,0.0063317421300156,0.0025420987693617,-0.1385315268981804,0.1324072786687488,-0.0102330090056266,0.088919988788378,0.1437407596714433,0.1077883119972773,-0.3028948247919858,-0.0876534169470102,0.0137304749372732,0.0768161667474345,-0.0590215509753815,-0.0084725296710449,-0.0883826703773406,-0.1089737662040862,-0.1943977431366337,0.253975423312146,0.092030854521718,-0.1039565600613301,0.0482197865370186,0.0211001738467867,0.01173015480905,-0.0092418228163685,-0.1180493063912505,0.0705254597853365,0.0675844327076964,0.088279489533848,0.0750124339819272,0.0302030498649913,-0.0712444096242064,0.0368111721505946,-0.1622523099336229,-0.0510311602611762,-0.0136688122024527,-0.0582321423127756,0.068786684196848,0.1138930384319186,-0.105109772429435,0.2602225828018997,0.0292523454675021,0.1343396542585695,0.0055796187617993,0.207986216316027,-0.028039630724157,-0.0016748011963099,-0.0034855577797828,-0.0127989028367287,0.1073674972568331,0.036978050542928,0.1473028617348085,-0.1989191905824596,-0.0433561532694569,-0.0615446009990198,-0.0410834013825392,-0.1777115425854579,0.1029610117676501,-0.0804335828450801,0.0246656961142484,0.007063692412345, 29.0          , 17836.0      , 2768.0        , 5130.0       , 43.0                , 55239.0            , 5147.0              , 12825.0            , 1.48             , 3.1             , 1.86             , 2.5
ACHHAM         , ACHHAM         ,2023, 2079/80, Sudurpashchim Province,0.0548916806210246,-0.1010224849390267,0.1840000381662201,-0.0880114717557119,-0.0296922367153898,-0.0603132448624211,-0.1101571805315249,0.1834664592743557,-0.0384023477302508,0.0190969704094623,0.0910771333627632,0.0438608044141335,-0.2600583653472741,-0.0543592887879568,0.0623282947021907,-0.0055617068238646,-0.0863798449955986,0.0644996885855599,-0.112590300723946,-0.1533196235109045,-0.1174640526597609,0.0990790526260639,0.1551367258542056,-0.1384250943829004,0.0408891618409312,-0.0490698211105973,-0.0051618400106323,0.0029906630797225,-0.0824833838935233,0.0340034114620068,0.0698814067800514,0.154983755900981,0.0931169812683533,0.0833282975605923,-0.1477059095724589,-0.0341910719881883,-0.0637743438122925,-0.0397538495550804,-0.0029821248416228,-0.0478953846698586,0.0521578818953597,0.0544484825333965,-0.1358674007549665,0.1418655408038011,0.0909267697413073,0.163655324258363,-0.0081020088319345,0.2241821378272379,-0.0238301480451845,-0.015933461602272,0.0334224855900613,-0.0203235570900915,0.0830799589284847,0.0716496498255951,0.1051373436286488,-0.1467027769271751,-0.0654752158897871,-0.0855797442922777,-0.1117254917056651,-0.218890903983482,0.1350051456449643,-0.0363559172894799,-0.0076627258343414,-0.0706649907328919, 752.0         , 5688.0       , 3002.0        , 10730.0      , 412.0               , 12514.0            , 2762.0              , 17168.0            , 0.55             , 2.2             , 0.92             , 1.6
ARGHAKHANCHI   , ARGHAKHANCHI   ,2023, 2079/80, Lumbini Province      ,0.0795864061734976,-0.0685431742017317,0.1761218178080645,-0.0432559296681728,-0.0254026177156348,-0.036202460043172,-0.1363810413186374,0.191348629665697,-0.0306687348541419,0.051364867359426,0.1002415761069224,0.0810506405606825,-0.313709558898565,-0.0134731155350534,0.0087809679982306,0.0465538323137301,-0.0574952761456608,0.0609538671223309,-0.1102665028901872,-0.1486372100174068,-0.1689486788507728,0.1508775609557234,0.1884383313055811,-0.1429465454457612,0.040054718245591,-0.0261531236078536,0.0496192587334527,0.0057554848276498,-0.0695662119790087,0.0685681033801055,0.0673240786938916,0.1533848378298923,0.1024921912464568,0.0503516886894784,-0.0970111075860178,-0.0279000806168634,-0.1134382493974082,-0.031995825505459,0.0005565167001284,-0.0526348667087325,0.0302107663570759,0.0637281543654724,-0.1258147465482691,0.2352777473762917,0.0685256183437037,0.1537780594839422,-0.0419894881913323,0.2320713419571768,-0.0471063061012905,0.0015922529728063,0.0142683355047566,-0.0182755958069324,0.0958376121952166,0.011437046270358,0.1200889170985477,-0.1699185869109814,-0.0300247171769561,-0.0604643720251268,-0.0960145259573782,-0.203042685915962,0.1216794781732718,-0.0617345737311392,0.0315997006959303,-0.0528214317012173, 300.0         , 16965.0      , 501.0         , 5245.0       , 345.0               , 54381.0            , 615.0               , 14424.0            , 1.15             , 3.21            , 1.23             , 2.75
BAGLUNG        , BAGLUNG        ,2023, 2079/80, Gandaki Province      ,0.0456605775091821,-0.1120068656178109,0.1579095010066618,-0.0767748644671809,-0.0485007309750404,-0.040679805582994,-0.0880777817287202,0.1467301451774195,0.0182250519111813,0.0707278981995383,0.0839242726856989,-0.0030541001944397,-0.2147284913414554,-0.0396258154291826,-0.0123557360076807,-0.0412523585620853,-0.1194617949470606,0.0728706617458637,-0.1230521177268043,-0.1616267038746532,-0.0394746022920942,0.0327396745815615,0.1442358768042788,-0.1037167711824291,0.0596434882655567,-0.0860483436067465,-0.008544341793121,-0.0331827451104036,-0.1153894967224496,0.0200495176315688,0.0230636340564752,0.1649764331374288,0.0486649089054726,0.065969994643431,-0.1588569713363519,-0.0748964139303888,-0.0656854128745302,-0.076413548975677,-0.013938660762104,-0.0632889459290515,0.019651984225028,0.0441171819346597,-0.1598262579457038,0.0934966741876796,0.039556491033325,0.1621996417766217,-0.0378093913355433,0.2462931291096381,-0.0124228031441129,0.0169174740878352,0.0184021810278521,-0.0471662909948678,0.0892382384163249,0.1113334971162682,0.0907445224873613,-0.1535089367831892,-0.0596822389196162,-0.1045770508007396,-0.1605064221704076,-0.2177229481832949,0.0586887047644193,0.0422059900421122,-0.043398535850547,-0.0748180568888241, 95.0          , 15500.0      , 8460.0        , 6005.0       , 141.0               , 52700.0            , 10744.0             , 15072.0            , 1.48             , 3.4             , 1.27             , 2.51
BAITADI        , BAITADI        ,2023, 2079/80, Sudurpashchim Province,0.0448148401667112,-0.1365040527432938,0.1671197382326153,-0.1059273351380419,-0.038893900508153,-0.0470253904625211,-0.0985674255124972,0.1909565198609658,-0.030259464006685,0.0318734485340601,0.0911771274020605,0.0264535368582149,-0.266440239703536,-0.0584480032925811,0.0739748632935928,-0.0336772710532572,-0.0840322334776184,0.058091886599906,-0.1334640128774285,-0.1638335336077638,-0.0954241132100408,0.0639755342023003,0.1345915870184393,-0.1361238031435837,0.0588489287356158,-0.035941558786791,-0.0242670822134303,-0.0186519389756991,-0.0740492562375114,0.0571815520672348,0.0517203212404831,0.1347360220992993,0.090219373786759,0.0802051144825278,-0.1686698818339465,-0.0520471769739346,-0.0537601159175457,-0.0417133267967646,0.0267584984000646,-0.016231087970429,0.0334452469232438,0.0734127289724854,-0.1533475698835038,0.10131797101632,0.0854169490015417,0.1579247587345784,-0.016453109462492,0.2567007797477769,-0.0354194149550445,-0.0176462671933562,0.0444291724188922,0.0007245630540761,0.0994442874224506,0.1033259094736074,0.1131706040114112,-0.1363601778142839,-0.0582336294323929,-0.1097860908251566,-0.1244187617672049,-0.1786071872563804,0.1227703759555398,-0.0125251141526178,0.0028041607450118,-0.076900907786779, 700.0         , 7560.0       , 400.0         , 12400.0      , 420.0               , 21244.0            , 640.0               , 22996.0            , 0.6              , 2.81            , 1.6              , 1.85
BAJHANG        , BAJHANG        ,2023, 2079/80, Sudurpashchim Province,-0.0216856976889991,-0.1827056886580305,0.0638956980489183,-0.088223434422143,-0.0968301485036351,0.0007314418292913,0.0123431789271107,0.1130131005944694,-0.0301157845659417,0.0894602374084719,0.0721207042011175,0.0086931633111501,-0.0835902430856126,-0.0456855604116316,-0.0680047428609811,-0.0314271899436283,-0.0895804816950543,0.0766160223481067,-0.11632346689141,-0.1628171689326817,0.0240762511179365,0.0030899904678603,0.0973489814251438,-0.1051392889751423,0.0261851544562676,-0.0638203341841416,-0.0303581714098689,0.0193380115552683,-0.0545461413952979,0.005925359722391,0.0260215395401069,0.1670621030030814,-0.0060236147579314,0.0605808223358448,-0.1107370709963438,-0.1127809464815607,-0.0457839197031795,-0.0826149512346921,-0.0475296735018294,-0.0660147588282726,0.0245014860400292,0.0953819580635307,-0.1353225647334436,-0.0386737566701006,0.0414943162563283,0.1943190765592033,-0.0142494136950784,0.1671532680614302,-0.0633694240769418,0.0307109253075708,-0.0117065787575086,0.0006064768556592,0.0554998583476502,0.1519655218498412,0.1722569170564168,-0.100038241812518,-0.1361430616205579,-0.1628037844530443,-0.1230375723105173,-0.1326837268382416,-0.0131681832203166,0.0916743794181109,-0.0964011350673739,-0.0504910105896182, 1440.0        , 4080.0       , 2200.0        , 9372.0       , 2270.0              , 6038.0             , 2404.0              , 16879.0            , 1.58             , 1.48            , 1.09             , 1.8
BAJURA         , BAJURA         ,2023, 2079/80, Sudurpashchim Province,0.0076166016129364,-0.1824997780346848,0.0979023077770627,-0.0888509176809074,-0.073111947675799,-0.020163172380762,-0.0218572561801162,0.1276181929461562,-0.0050611531164071,0.0720403495023201,0.0879184668607703,-0.0121807035409009,-0.1286872025431713,-0.034197533873819,-0.0251563390474822,-0.0326349958980395,-0.1239721818843347,0.0701361999894294,-0.1242347417775646,-0.1598775075854952,0.0286170453736531,-0.0065356494690476,0.1182648773050048,-0.1025490001006931,0.0320545656722783,-0.0892596556874625,-0.0353590157265328,0.0052036045049188,-0.064774712312358,-0.0039847916164948,0.0333795760385101,0.1765335191567452,-0.0134933610595663,0.0720043476970466,-0.1363878631393163,-0.0915449515413921,-0.0446034795251321,-0.055414852947895,-0.0419548528379423,-0.0764493632346814,0.0088347629329332,0.0534851400206893,-0.1317450556912568,-0.0144746295328578,0.0405270292563582,0.1891588358426855,0.0076662852397619,0.1672707907450155,-0.0465282626115505,0.0224778029190582,-0.003408505861838,-0.0254496773991628,0.0617684549484064,0.1712045438799368,0.1421088921637229,-0.0902255246653087,-0.1413995527345701,-0.1462433792794112,-0.1427315153013613,-0.156760359715879,0.0285480494805852,0.0770403411231524,-0.071838352354164,-0.0613830850927602, 960.0         , 1350.0       , 2050.0        , 6450.0       , 958.0               , 2025.0             , 2460.0              , 9675.0             , 1.0              , 1.5             , 1.2              , 1.5
BANKE          , BANKE          ,2023, 2079/80, Lumbini Province      ,0.0428630073705707,-0.0676872888782244,0.1331976270369426,-0.0109230646200017,0.002093150477063,0.0433323610766792,-0.097206719414333,0.1591195161268665,-0.0780654886577973,0.0952402928660741,0.1737157526963287,0.1315845961901347,-0.313890718716096,0.0132363052257117,0.0120930714236412,0.1428577062824153,-0.0952785772480635,-0.0149426459552025,-0.0465903637749709,-0.1664210642268648,-0.2254651253890391,0.2817083282225878,0.2128503638679577,-0.1053919357336415,0.0212975105548931,0.0287605324444367,0.0586380730001306,0.0786463103295889,-0.003726887324757,0.0636935475122819,0.0963949749539943,0.0956248190822808,0.0643953500062083,0.0125259039021699,0.0195156697229865,0.0407734834621939,-0.161737540004614,0.0007034624585927,0.016547012423648,-0.0557076223004015,0.0814912289007561,0.0594923949973398,-0.0795543650040411,0.2672868477886463,0.0617984707680973,0.1272559809637863,0.0563078932699096,0.100052311200255,-0.05580935491054,-0.0075791229198421,-0.0543873807558684,0.0377983862998359,0.0410727475302215,-0.0581261690606495,0.1351807044827378,-0.1663777268378698,-0.0657748795726543,0.0011644434178722,-0.0457270194074391,-0.1854580146244618,0.1153710997248226,-0.1377889030003032,0.0969390180448388,-0.0067862899091262, 6.0           , 9023.0       , N/A           , 23510.0      , 8.0                 , 37544.0            , N/A                 , 79090.0            , 1.33             , 4.16            , N/A              , 3.36
BARA           , BARA           ,2023, 2079/80, Madhesh Province      ,0.0187577769451675,-0.0815618197224967,0.1417517077338132,-0.0136460631101165,-0.0200353501911735,0.0692182850671825,-0.0596490731564968,0.1056179876336919,-0.0846503590089896,0.1143884424182208,0.1688263615298559,0.1293329977108777,-0.3205305866444397,0.0301808517601066,0.0074347205954209,0.1436944551800205,-0.121443079007117,-0.0707307958262758,-0.1022715825356662,-0.1352347481997452,-0.2409747759816471,0.3243410857301105,0.113194669352187,-0.0574014880025799,0.0223519180638547,0.1074343126956867,0.0788037458346105,0.0512697861384422,-0.0010314866609626,0.060710736900341,0.061070553768307,0.0673305296446732,0.0013522431177317,-0.0037728725989479,0.0997071176685534,0.0706722920784677,-0.1978672645537944,-0.0012882493765217,0.0407463838108697,-0.0629789257699417,0.0653058767805093,0.0941589786296411,-0.0989186773347932,0.2522690333836838,0.0373134679792623,0.1257205654697245,0.0681445210213792,0.1028200982961834,-0.1080030233174419,0.0280547712332821,-0.038662239895832,0.0784195966781818,0.0473481463616605,-0.0986058756566905,0.168865683148955,-0.1548629178334231,-0.0586220707939136,-0.0275306057666255,-0.0815921254684979,-0.1247041132750133,0.0536246354063146,-0.1066850941467438,0.0815983131819327,0.0320856836978225, 3.0           , 11940.0      , 5.0           , 29700.0      , 3.0                 , 46653.0            , 5.0                 , 103950.0           , 1.08             , 3.91            , 1.0              , 3.5
BARDIYA        , BARDIYA        ,2023, 2079/80, Lumbini Province      ,0.0432220662373315,-0.0642018908374256,0.1331540378596215,-0.0209391956368613,0.0027788206366846,0.0492443984761999,-0.0807118308551332,0.1462917033399484,-0.0719433839966229,0.1004758723713125,0.1719085449919886,0.1330273222087197,-0.2971504869591164,0.0179937699017697,0.0257115613759637,0.1510644509119416,-0.0997609340138117,-0.0243794902820908,-0.0593282676169051,-0.1736921185778965,-0.2200146149445027,0.2804352986697817,0.1891131521246207,-0.0954137187048837,0.0104518607964909,0.0310339164644355,0.0490830510655041,0.0715605174344325,0.0021358879968852,0.0579560319986175,0.097833887402846,0.081811460909018,0.0461922126697267,0.0073820695776028,0.0340402118904115,0.0417913352018481,-0.1661414350311408,-0.001569292082758,0.0053145305417544,-0.0619133163669221,0.0739183501967233,0.0611178564987993,-0.0836211885436484,0.2627336016636229,0.0649601860120677,0.1445515633870847,0.0598803322878474,0.106613546977232,-0.0617016314633077,-0.0085120479416795,-0.064464505594752,0.0330741682355418,0.0406726052678404,-0.0644365321425732,0.1440008513532413,-0.1635968381050682,-0.0594321888776618,-0.0069663232728706,-0.0431177334964738,-0.1863232333416183,0.114081273154017,-0.1350187972872834,0.0946848400153808,-0.0075904315120134, 6.0           , 5660.0       , N/A           , 22900.0      , 8.0                 , 21192.0            , N/A                 , 83550.0            , 1.33             , 3.74            , N/A              , 3.65
BHAKTAPUR      , BHAKTAPUR      ,2023, 2079/80, Bagmati Province      ,0.0287464475898342,-0.1813335306145464,0.1746520178238557,-0.1047457355424804,0.0043447884426331,-0.0557077755812258,-0.0305490293476756,0.0981583578723598,-0.0742235883413223,0.0661247930099897,0.1303964524844132,-0.0457368455809077,-0.2973795249760466,-0.050891421503515,0.067945229183197,-0.0599209106672181,-0.1409797762582093,0.0267695519636383,-0.1108145672188442,-0.1631003796772847,-0.1633236655970757,0.1886719960350204,0.1242148984915594,-0.1340145754545454,0.0128158086280442,0.0534387321841159,-0.0183874050635009,-0.0137617437148521,-0.0804576904210709,0.033963717243572,0.0366814453752124,0.1179706688873934,0.0167069426655758,0.0029931887456401,0.0547180625191753,-0.0343048173035645,-0.1377191285606118,-0.0080805591549724,0.0071609502925307,-0.0492341612697744,0.0462191957566074,0.0202347563204905,-0.2351224800650344,0.2160661918046925,0.081299770264802,0.1229393853169116,0.0344961770423937,0.194397191931937,-0.053562165092325,-0.0291005863438885,0.0882872463902681,0.1332731918508167,0.0655014741981575,0.0391154058565995,0.1530928426532205,-0.1965755108314519,-0.0638282247834753,-0.0736538453453359,-0.1418094625632142,-0.2042044135675976,0.0439283747447642,-0.0737221134094272,0.0123194299460797,-0.0537071218168213, 16.0          , 1849.0       , 86.0          , 1892.0       , 50.0                , 9337.0             , 224.0               , 9782.0             , 3.1              , 5.05            , 2.6              , 5.17
BHOJPUR        , BHOJPUR        ,2023, 2079/80, Koshi Province        ,0.0651896919315414,-0.073392409474382,0.1720841696176367,-0.0692562967382405,-0.0043009820058696,-0.0337321368782661,-0.1353247289557181,0.1335721325339948,0.0201097351503839,0.0773254095751969,0.1154086599497742,0.0555244207312268,-0.254307690561634,-0.0564775201712714,-0.0007331147230188,0.0078043491242089,-0.0616799539066895,0.0012932475890386,-0.112842553419725,-0.1230981795873404,-0.1615652000825063,0.1731795500356012,0.1093068327851579,-0.1300674205316336,0.0271561964397359,-0.0609996342845047,0.033537268588967,-0.0367707896058231,-0.1338155122824484,0.0229196538374814,0.0325694732409924,0.1188436690062387,0.0642739747612728,0.0605143990914244,-0.1079881630464162,-0.0202040480203821,-0.1109236959392307,-0.0843146926997868,-0.057068028280153,-0.0464761546278749,0.0452822665594822,0.1054040596067558,-0.1323235699160777,0.2368698178752475,-0.0058979489632218,0.171092993976426,0.0113542969000442,0.1999398525981316,-0.0426509780402234,-0.0130566995260546,0.0121160894769335,-0.0329605315379629,0.1428519506093854,0.0810015470144345,0.0898204126501229,-0.1967321806929049,-0.0106061021134912,-0.1073756511550625,-0.1121139978616087,-0.2783634347693127,0.0685172022160971,-0.0276766061343551,-0.0087580471833618,-0.0550427227494171, 10.0          , 32812.0      , 5048.0        , 414.0        , 12.0                , 77108.0            , 7067.0              , 745.0              , 1.2              , 2.35            , 1.4              , 1.8
CHITAWAN       , CHITAWAN       ,2023, 2079/80, Bagmati Province      ,0.0575343536677818,-0.0893319011595708,0.1220135911546618,-0.0277638721930685,-0.0090592853714325,0.0307045872076831,-0.1205322018587876,0.1449445340988337,-0.0292526469146081,0.115848361179236,0.1716461888685307,0.1195848443710743,-0.3055013117505558,-0.0228113240017613,-0.0119895548880873,0.1160487857137954,-0.0911257273213468,-0.0452899643619478,-0.0921980796603827,-0.1070439595402965,-0.2100137742192296,0.2667148588387399,0.1446981820974251,-0.0683729159134741,0.0326174516370817,0.0299242896437625,0.045025650221886,0.016908260547088,-0.0404502005128073,0.0267263454207033,0.0379975778883604,0.1085924014850885,-0.0044128969117037,-0.01704821444278,0.0422618401580313,0.0165044635850988,-0.1908197233416195,-0.0212671733607632,0.0072921081085124,-0.0908180028784919,0.0670151011052859,0.0747337016257011,-0.0784701316316852,0.2943617166581651,0.061276508557728,0.154566918028717,0.0283337179594072,0.1675827455867278,-0.0365108865144093,0.0304700860033909,-0.0339851311324444,0.0197539860363257,0.1146433518864573,-0.0434180377665117,0.1455928313909788,-0.1563745459958821,-0.0633297843979418,-0.0612575313325906,-0.0568041981337827,-0.136448771448212,0.0983880245409016,-0.1060337937580799,0.1113634331922064,-0.0210491071783607, 15.0          , 26116.0      , 1464.0        , 3460.0       , 26.0                , 96629.0            , 1610.0              , 15224.0            , 1.76             , 3.7             , 1.1              , 4.4
DADELDHURA     , DADELDHURA     ,2023, 2079/80, Sudurpashchim Province,0.074583627027857,-0.1379002241727431,0.1559121567484608,-0.0979796248772003,-0.0133254346327139,-0.0242153148787134,-0.1072208241443898,0.173812196646189,-0.0121346056654958,0.0586826301159258,0.1168134237654703,0.0709877550097119,-0.301397375183881,-0.0499024581756316,0.071896590502939,0.017928749501012,-0.0840187254745868,0.020629849080432,-0.0894448998406054,-0.1782046539057589,-0.0964018019649655,0.0956897423814414,0.160582007960867,-0.1298632310742408,0.0529859015461928,-0.0145076386542302,-0.0478250012265756,-0.0121748225259651,-0.0842485113705494,0.0358991406673176,0.051317630853961,0.1183895097846952,0.0985631338699528,0.0503392047897482,-0.1265674434542293,-0.0253251730031954,-0.0865290218223384,-0.0623413167704729,0.0141143410653461,-0.0598814629315278,0.0424251980619318,0.0516229249606159,-0.1438331976212107,0.1843901642579333,0.0764852724847113,0.163940658399346,-0.0259493843833744,0.2568488678701794,-0.0355555099469775,-0.0098902751532078,0.0200456825155175,-0.0049370685703217,0.1157858551594813,0.0834606417794902,0.1022233454637513,-0.1664057365906261,-0.0488307335767108,-0.0658823540359187,-0.0909152286722236,-0.198289912407523,0.165056929660686,-0.0156866376049423,0.0166295066981161,-0.0701339998071889, 200.0         , 3500.0       , 320.0         , 7600.0       , 267.0               , 7829.0             , 568.0               , 14440.0            , 1.34             , 2.24            , 1.77             , 1.9
DAILEKH        , DAILEKH        ,2023, 2079/80, Karnali Province      ,0.0657530302628418,-0.1050567695477417,0.1787103583612072,-0.0803218334054771,-0.036504274390791,-0.0571891651591997,-0.1151752002421531,0.1836096111328426,-0.0174043071279007,0.0256987756782392,0.1074114578172636,0.036031334849332,-0.260517945619549,-0.0376341428226212,0.0692517968159674,-0.0060729437980236,-0.087767508770259,0.0611024607841583,-0.116022686094438,-0.1784873145431183,-0.1114245952905922,0.0787889149396087,0.158419267997649,-0.143094020206552,0.0315867375176243,-0.0528226826364223,-0.0224151316578812,-0.0098725838767514,-0.0591311119361591,0.0508733076162126,0.0584920417569142,0.1411078020277424,0.0802829552525454,0.1007149705498252,-0.14250137781331,-0.0316139490107655,-0.0694808103789475,-0.0271876050921027,-0.0091703955095497,-0.0520585622445461,0.0425783220666271,0.0568841060293015,-0.1368796409019753,0.1326064569206554,0.0649559540759993,0.1629088043425391,-0.0110612576829295,0.2378155811938987,-0.0228365169806177,-0.0335394769976816,0.0408762970168824,-0.0186173333616688,0.0938008960527408,0.0923251248260246,0.096674355413725,-0.1643643680633635,-0.0608387066773232,-0.0870276516162331,-0.1058953019326738,-0.2305385070895911,0.1204384609550244,-0.0323467081580561,0.0204750855900966,-0.0843032492607932, 181.0         , 19125.0      , 2005.0        , 13285.0      , 226.0               , 42213.0            , 2744.0              , 15405.0            , 1.25             , 2.21            , 1.37             , 1.16
DANG           , DANG           ,2023, 2079/80, Lumbini Province      ,0.0678590253148799,-0.0694279898401154,0.16040867811927,-0.0563024339233794,-0.0247173817155076,-0.0081513969166777,-0.1140266418190032,0.1748890620440827,-0.0609275776725333,0.0579279190969441,0.1433117672757788,0.1106957388865115,-0.3039723790158,-0.0290190861183264,0.0422589626164498,0.0990781804656594,-0.0877177236998281,0.0168757349196762,-0.0715099513543489,-0.1600997094513691,-0.2127553449171712,0.2140980711630975,0.2136139095908387,-0.1225091479259268,0.0172428974646383,-0.0041021892427797,0.0370770920681313,0.0444086402803249,-0.0393854209426668,0.0654276330490658,0.085130920367901,0.1167593897276711,0.0977639884998535,0.0355529384798672,-0.0109394813606052,0.0202811781573712,-0.1076783732372041,-0.0208244155012773,0.0145001766516221,-0.0500763411026652,0.0641059093519501,0.0730097620569773,-0.1072423445402312,0.2648253909071861,0.0728222675630708,0.1438075772363347,0.0094011915276465,0.1553586058991968,-0.0440914741974666,-0.0208622815656514,-0.0095876599610015,0.0327075959648321,0.0717926894830582,-0.0189720789235689,0.1195489472832388,-0.1651241477165088,-0.051676296446029,-0.0336070445492089,-0.0827155083993741,-0.2147440734101136,0.1309153214006038,-0.1162109790061301,0.0467232775974855,-0.0257005008094378, 16.0          , 24990.0      , 15.0          , 12235.0      , 32.0                , 81554.0            , 21.0                , 39215.0            , 2.0              , 3.26            , 1.4              , 3.21
DARCHULA       , DARCHULA       ,2023, 2079/80, Sudurpashchim Province,-0.0189609177184111,-0.1920853083359986,0.05977780542981,-0.0916200169572412,-0.1055503607915571,0.0143822129914979,0.018486757233358,0.1180420675497488,-0.016835889295866,0.1011669446238705,0.0871347733170923,0.0194991656029818,-0.0678666329439599,-0.0407433008178629,-0.068061566320944,-0.0281412998287051,-0.06422727434806,0.0806709478237253,-0.1108410637209103,-0.1744555001344804,0.0300633270933071,0.0034766808306461,0.0890535893606656,-0.1002962856307627,0.0262742601679639,-0.0536016848010565,-0.0402791228886153,0.0124053732029648,-0.0410767126227029,0.0240922938697677,0.0031169873685804,0.1452736057388059,-0.0091959782794205,0.0561138065758631,-0.1090373090888878,-0.1300797473109418,-0.0470488807734398,-0.092637674971983,-0.0420250652294979,-0.0739651422985811,0.0281261053684636,0.1005581944227155,-0.1311784516929237,-0.038642427166972,0.0256988037382689,0.1887753010424677,-0.0309973055488206,0.199674133782517,-0.0587559866394682,0.0313282407464096,-0.0175789578563081,0.0053649936954892,0.0618654300229181,0.1465908860721088,0.1887227762985172,-0.1009621326728992,-0.1240019290826541,-0.1658689390296405,-0.1073547206062176,-0.1177310359010933,-0.0128927536542692,0.1053587055133968,-0.0775786811242434,-0.0448656197745391, 807.0         , 4538.0       , 1185.0        , 5965.0       , 906.0               , 8259.0             , 1185.0              , 10396.0            , 1.12             , 1.82            , 1.0              , 1.74
DHADING        , DHADING        ,2023, 2079/80, Bagmati Province      ,0.0379193954295589,-0.12501304258074,0.1577068216432119,-0.0670959858591717,-0.0307476665468854,-0.0436789271838725,-0.1145775855724486,0.1761720253183764,0.0016632208850397,0.0719365565624027,0.1051704768329012,0.0367476858750038,-0.2506113731388399,-0.0369374049164916,0.0069041071330457,-0.0182833321220013,-0.0792174838663723,0.0489655348184501,-0.1491573662374869,-0.119211644011075,-0.1327627691774584,0.1311294403903262,0.1287199192962195,-0.0999605188801948,0.0500250107790321,-0.0384869315600058,0.0100526946797462,-0.0189825054692291,-0.090460798351915,0.0312047741597941,0.0250580905450896,0.1603045531095566,0.0445452473355653,0.0482469470045253,-0.0830814086390653,-0.0625686581714636,-0.1018644188246862,-0.0292612104345575,0.0189878125099812,-0.0507221967862794,0.0317785261298829,0.0701778547070028,-0.1507757810632091,0.1810115593155508,0.0507859034506408,0.1604939655956652,-0.0054148930363065,0.2424270740297124,-0.0416550887161183,0.0189043070807756,0.0242355585537084,0.0204880442175387,0.1014203039606968,0.0520394412707576,0.14841997288794,-0.1628491679332027,-0.0655336070889443,-0.1141088958718461,-0.1371430867215476,-0.1620541941181432,0.0575542775251871,-0.0094152897404882,0.0216880702629409,-0.0636436344851827, 278.0         , 19530.0      , 6920.0        , 4650.0       , 312.0               , 48750.0            , 6445.0              , 13113.0            , 1.12             , 2.5             , 0.93             , 2.82
DHANKUTA       , DHANKUTA       ,2023, 2079/80, Koshi Province        ,0.0519132623338335,-0.0998125101493892,0.1844350297778206,-0.0751753315820538,-0.0311798690422857,-0.031729152972003,-0.1393736303407747,0.1608034906486704,0.0036218032574502,0.0715976953374516,0.1179971520645174,0.0551197848658825,-0.2717330892438938,-0.073247873712647,0.0370865557575396,0.044163337280877,-0.0518572136727797,0.0192713124616302,-0.1194798618805702,-0.1458736971466222,-0.1996075038825119,0.2017445081235075,0.1099300391913925,-0.1427991513010675,0.0460391852666256,-0.0058145279319041,0.0333284280805478,-0.0183637144377959,-0.1020691473902072,0.0636252666471087,0.0083915915876588,0.1141614622168766,0.0814693623747607,0.0672944724159151,-0.0856529232559247,-0.0418432730390604,-0.0897733232455088,-0.0651365536562764,-0.0517483225871385,-0.0384179730351643,0.0586097321290801,0.1022314303535507,-0.1380457557037362,0.2399311511905446,0.0185948568676905,0.1500547940439262,0.001566071878491,0.2348273899204278,-0.0286553564219046,-0.0159445221793855,0.0342396718028446,0.0104162705359121,0.1464959502185308,0.0635086359972897,0.0983991373887719,-0.1910533154467401,4.195053938981814e-05,-0.1084049096641294,-0.0820490357111522,-0.2341841080491549,0.0815055782701219,-0.0517902080168972,0.0360429594910791,-0.0428510010965587, 3.0           , N/A          , 7228.0        , N/A          , 3.0                 , N/A                , 8240.0              , N/A                , 1.0              , N/A             , 1.14             , N/A
DHANUSHA       , DHANUSHA       ,2023, 2079/80, Madhesh Province      ,0.0239286007859216,-0.0837581146262291,0.1379299630688941,-0.0174414062689087,-0.0224583132024869,0.0745237570678535,-0.0655776786836893,0.0960165626232794,-0.1192660249966334,0.1051890417857604,0.1925980540358368,0.0909361831171614,-0.3375526536348614,-0.0035406635180662,0.0233882541530335,0.1586421239704839,-0.1368200754435706,-0.0382900649229971,-0.1154419905345946,-0.1343658153591315,-0.2551114865760492,0.3363730987825079,0.0793585535786498,-0.080017878907966,0.0358226248038185,0.1334954263689342,0.106710831718482,0.0448426894025815,-0.0467581688224564,0.0813728059131997,0.0573050237057946,0.0589443118284635,0.0128327257390085,0.0063891101276633,0.0716309355823629,0.097472346966318,-0.1895226949214503,-0.0131374905617904,0.01792807345774,-0.0310908131130676,0.08460187949011,0.1037988325081368,-0.1100592667357437,0.2445789968742132,0.0088834905419875,0.1374281843481065,0.0847603739452289,0.0971267415039152,-0.0932320774441315,0.0085158830985252,-0.0077058331970292,0.1082524284550683,0.0678212345048052,-0.0727939402938631,0.1365063252475369,-0.1759813124544653,-0.058293889366317,-0.020371487793105,-0.041687294291331,-0.1339581589199184,0.0580776159191011,-0.0984995689385858,0.0704996573260542,0.0511457618559238, 1.0           , 3476.0       , 210.0         , 34000.0      , 1.0                 , 11343.0            , 189.0               , 115600.0           , 1.5              , 3.26            , 0.9              , 3.4
DOLAKHA        , DOLAKHA        ,2023, 2079/80, Bagmati Province      ,0.0180675879181017,-0.1606957042870256,0.094722796735985,-0.0757310045691198,-0.0695577985072315,-0.021268376517983,-0.0292922848457242,0.1038053388112839,0.0194550425806064,0.091596875255689,0.1328822525159742,0.0036509601038211,-0.1377361718859287,-0.0475521955425012,-0.0281447139705443,-0.0449304845807007,-0.0788033984115121,0.0491002591233187,-0.1206292794868534,-0.1829577890964788,-0.0340608332826223,0.0395397135816248,0.1226289987609966,-0.1043081546443067,0.0266887327947838,-0.0938456430084847,-0.0302013541237489,0.0021666488794412,-0.1011656137909911,0.0071674355584604,0.0061260954923795,0.1384186200595913,-0.0121009881658262,0.0731318133246264,-0.1445181913506484,-0.1151360649410576,-0.075731553851475,-0.0981795534104361,-0.0205127554404494,-0.0779751504256772,0.0382205261617421,0.0710123038316776,-0.1582526451309121,0.0944328182292097,0.0031840560622537,0.1595035259744856,-0.0174685604868469,0.1959871326903048,-0.0573158495708065,-0.0098236036839822,0.0018206810020582,-0.0084269976652055,0.0906131745314724,0.1161929590688632,0.1177555065586402,-0.1575570534825631,-0.0517412186670479,-0.120846025253377,-0.1440099404457968,-0.253477030180712,0.0198753175784685,0.0479537913998167,-0.0721233124002755,-0.071992780274376, 136.0         , 5844.0       , 3675.0        , 4243.0       , 165.0               , 17590.0            , 5219.0              , 7553.0             , 1.21             , 3.01            , 1.42             , 1.78
DOLPA          , DOLPA          ,2023, 2079/80, Karnali Province      ,-0.0646744195461391,-0.1995902348047616,-0.0224814543679735,-0.0876098679483943,-0.1814887867492769,0.0729984838229918,0.0467501146534509,0.0389316285124737,-0.0660652985697108,0.1001774644073034,0.1279199575874725,-0.0078640621216856,0.0152885484510038,-0.0621986475204049,-0.1106733463526922,-0.0188014608388454,-0.0709387291833249,0.1024204022787108,-0.0527160061764119,-0.177599157737556,0.0521871439380851,-0.038706840464637,0.0826712937228655,-0.0830986286938136,-0.0360809596863763,-0.0699358900162106,-0.0206159647425904,0.0594144822495808,0.0096928031341328,0.0390311863015603,0.0221531446865752,0.1911633412940894,-0.060003874675098,0.0278608751580727,-0.0702461391704139,-0.1456578506180385,-0.040726206265849,-0.1234884460966645,-0.0858581906590986,-0.0599856513643697,0.0235108999435439,0.0902314684903314,-0.0982105597533784,-0.0903227479488187,0.0725555785383882,0.1579341599080932,-0.0333231998337941,0.1292206529859752,-0.0829279728530734,0.0374797757252283,-0.0202950843109383,0.0231257161227357,0.0505242424967313,0.138375863673167,0.2282422492669175,-0.0710956572438274,-0.173161847500616,-0.1776415269106213,-0.1393477716235644,-0.1043360240059247,-0.0927701719602446,0.1333916568634136,-0.2044980197646686,-0.040369227713718, 334.0         , 2359.0       , 294.0         , 2375.0       , 345.0               , 3732.0             , 303.0               , 4065.0             , 1.03             , 1.58            , 1.03             , 1.71
DOTI           , DOTI           ,2023, 2079/80, Sudurpashchim Province,0.0722842728732049,-0.0974349697773988,0.161324977307439,-0.0876006253138552,-0.0115353716339114,-0.036534972178795,-0.1094048633629029,0.1680247201813568,-0.0082947482836042,0.0562791859557535,0.1026473007020321,0.0602564294759169,-0.2679988463922171,-0.0523365105474001,0.0408206687681051,0.0021010662942672,-0.088327563908723,0.0442024998255634,-0.0921672395199405,-0.1717102810743626,-0.0928286509691085,0.0944775088400974,0.1478195501519864,-0.1306694426150658,0.0503548580621925,-0.0464378580735624,-0.0391986517141909,-0.0159530868783116,-0.0992728846941876,0.0285641692653493,0.0517963992019722,0.1388770890560372,0.0898066889933169,0.0755990769589537,-0.147744767813988,-0.0302842386810384,-0.0859920125253849,-0.0721901316274947,-0.008910959697561,-0.0615672452795005,0.0509845561426394,0.062920607653513,-0.1353827568970756,0.1638038022345474,0.0625917851158747,0.1693992211938322,-0.0258994778970121,0.2472299466030163,-0.0194001579080995,-0.013288558584403,0.0185812161933692,-0.039124240428461,0.1101869940097519,0.0884955434495149,0.1014518449524664,-0.168795422328555,-0.0479711391190951,-0.0685150159834549,-0.1057952708740787,-0.2230651337150038,0.13691456954303,-0.0147883346081151,-0.0101312724877635,-0.0667746656758609, 295.0         , 3650.0       , 3250.0        , 10290.0      , 181.0               , 10200.0            , 3938.0              , 17209.0            , 0.61             , 2.79            , 1.21             , 1.67
GORKHA         , GORKHA         ,2023, 2079/80, Gandaki Province      ,0.0063842287386425,-0.1551445110006215,0.0729339979339681,-0.0594931271746912,-0.0717712307467256,0.002081123389997,-0.0226203125341441,0.1047980601427474,0.0049359660466531,0.0952343167774526,0.1223421602408798,0.0277379396057767,-0.1176480708884952,-0.0476814631064018,-0.0759089761348146,-0.0332480339952905,-0.0647968909768524,0.0512705523396833,-0.1182340193932185,-0.1445695099369675,-0.0340522109972872,0.0602043366289925,0.1071646055141536,-0.0860860243429985,0.0242707707662791,-0.0682203247899635,-0.0265537159539761,0.0051748178234698,-0.069176545301498,0.0088243737120388,0.0056522279961738,0.1524734126147956,-0.0089505599555295,0.0534346349088804,-0.0984812135478141,-0.1166259152172966,-0.0823957441892977,-0.0841996391074289,-0.0204862601896899,-0.0591687567999403,0.0288339774998517,0.098940479175591,-0.1322789234852792,0.0522647067568717,0.016292216340271,0.1759540369281706,-0.0259942976302496,0.2050610417471351,-0.0619398119465169,0.0246708122907977,-0.0210334279395761,0.0138553283429915,0.0738600566188145,0.106173117543783,0.1743469249632575,-0.1457212407592379,-0.085103174129474,-0.1432840768981379,-0.1337070395874262,-0.1558025001164073,-0.0203754098512005,0.0680532509829908,-0.050562243379612,-0.0604383812529283, 110.0         , 18005.0      , 11200.0       , 2500.0       , 141.0               , 44832.0            , 13664.0             , 5925.0             , 1.28             , 2.49            , 1.22             , 2.37
GULMI          , GULMI          ,2023, 2079/80, Lumbini Province      ,0.0531567449104681,-0.0923890477269765,0.190063389345448,-0.0610277298061644,-0.0221265677327398,-0.0607217237923987,-0.1326510437303358,0.1916511094527921,-0.0274851520802808,0.04277613927866,0.0729113476186697,0.0239480388757723,-0.2877207389071473,-0.0407020982066791,0.0242722311409054,-0.0207291969532392,-0.0786137185187816,0.0654837543171484,-0.1335199410114105,-0.1297589807141937,-0.1556332687795783,0.1249239842336358,0.13728217350434,-0.1358124779622617,0.0628256451205576,-0.0456743286388341,0.0449789338623939,-0.0129990321303043,-0.0999062733987377,0.0371036686261777,0.0486432657203976,0.1718650156320907,0.0782411550039074,0.0506951573316002,-0.1288426370254753,-0.0514402925033082,-0.07928467485713,-0.0373646670784309,0.0018573751039109,-0.0287893097383301,0.0339059295677862,0.0671786603831634,-0.1520415361177668,0.1829541349524315,0.0778847022333718,0.164809601158568,-0.0275800689025184,0.241764036023868,-0.017780534468623,0.0203919728583175,0.0308387654246299,-0.0126182475802718,0.0967700427871778,0.0434259251779793,0.1149752798570423,-0.1607631280551431,-0.0496211945924193,-0.1096045662384965,-0.1320411198743097,-0.1959285778154559,0.1014545011915135,-0.0368799255922217,0.0128312456306254,-0.0710307122532837, 420.0         , 22488.0      , 2921.0        , 6480.0       , 546.0               , 68389.0            , 3827.0              , 19375.0            , 1.3              , 3.04            , 1.31             , 2.99
HUMLA          , HUMLA          ,2023, 2079/80, Karnali Province      ,-0.0610449734301438,-0.2124614742818935,-0.0276043738016062,-0.0947712604998758,-0.1218387614177219,0.0551088514346409,0.0631531978188415,0.0512261722615545,-0.0422372087509541,0.1200174818294628,0.0770928664026759,0.0066543625330569,0.00405352759359,-0.0487459058986794,-0.1312331829107991,-0.0031493819161724,-0.084567897503473,0.0806764875925142,-0.0799309770350432,-0.181591630887095,0.0577171628727555,-0.0192986642051798,0.0800929493668402,-0.1205172715601835,-0.0275457137296709,-0.0455513140921367,-0.0348519189108927,0.0596761961475418,-0.0023970086701414,0.0116837786112138,0.0200922985817145,0.1796053752651071,-0.0541186510150828,0.0238983049909447,-0.0683805022971059,-0.1406182706145742,-0.0625861478909255,-0.0947367797857572,-0.1036092895824995,-0.0694026607580223,0.0465256533973946,0.1138758238058356,-0.1298961283397805,-0.0897338142655237,0.043121026122652,0.1997968877824983,-0.0129852340798144,0.0958349852465696,-0.0957763631880071,0.0419885765469216,-0.0107655427000374,0.0252396410977985,0.0387101217373858,0.1556698314223892,0.2148559577218616,-0.0897833718710531,-0.1892066982846485,-0.1829739871105605,-0.088491109845618,-0.0862608483311909,-0.10177117988244,0.1342921161916249,-0.1429389775128654,-0.034677075188929, 642.0         , 239.0        , 1308.0        , 1072.0       , 811.0               , 273.0              , 1402.0              , 1137.0             , 1.26             , 1.14            , 1.07             , 1.06
ILAM           , ILAM           ,2023, 2079/80, Koshi Province        ,0.0559677914227996,-0.0790347844269806,0.1721746618089251,-0.0586842339231023,-3.395554234615215e-05,-0.0230293594200957,-0.1358081612012938,0.1414358937141897,0.0064344103049737,0.1095726629782344,0.100108505863342,0.0351786266953299,-0.2844438907945666,-0.0635278525689547,-0.0257775863675868,0.0365901135721296,-0.0986088785101992,0.0279795834385791,-0.0984382221472894,-0.1309351871679874,-0.1883331140717501,0.2259506782622868,0.1051888953649153,-0.142954849415098,0.0398063610322879,-0.0386608206521987,0.0505138780504475,-0.0176064554712044,-0.1633849403896172,0.0653204214692847,0.0160529391845951,0.1184889388160859,0.0608984918917636,0.0448085188384049,-0.1056979543506804,-0.0071649167525798,-0.1266005506679552,-0.0753135478793244,-0.0536631915163745,-0.0671081130536253,0.0833491377746118,0.0985934224803542,-0.1390132798930908,0.2686773298994396,0.022101111685837,0.1547146318943658,-0.0039913494991007,0.215198513548583,-0.0306899911261143,0.0233325635305192,0.0208979564953458,-0.0249344290861862,0.1401659727338103,0.0156918817298083,0.1070364044046955,-0.1927716537319707,-0.0155066179410607,-0.0775660381799258,-0.0833316848824815,-0.2248055140241922,0.0767386281284802,-0.047166245239166,0.0233900822484462,-0.0317898235632029, 50.0          , 32995.0      , 1597.0        , 4580.0       , 62.0                , 126370.0           , 1916.0              , 11679.0            , 1.24             , 3.83            , 1.2              , 2.55
JAJARKOT       , JAJARKOT       ,2023, 2079/80, Karnali Province      ,0.039674312225088,-0.1377641879804634,0.1551008787948256,-0.094398845666793,-0.0675163830760557,-0.0439426337174429,-0.0735855660293939,0.1701475216252694,-0.0048136627314583,0.0472049305073177,0.0866834065208908,0.012599158897815,-0.1908142991981459,-0.0461709394965634,0.0163647254351657,-0.0262818478688464,-0.1297213366567923,0.077225497209258,-0.1183301637718931,-0.1615725703301697,-0.0226019968111857,0.0315455813152618,0.1437249318359193,-0.1074131925493396,0.0413353399350058,-0.091938717408266,-0.0361693830064588,-0.0147921225048909,-0.0761236891270769,0.0076952891263178,0.0603132759925807,0.1533911892919869,0.0444815755632897,0.0966049608519093,-0.1532254841499299,-0.0541121614267769,-0.0599948643422905,-0.059290727935846,-0.0042450689426092,-0.0770309308960356,0.0153240008227601,0.0553007089654548,-0.1417777025948336,0.0562234143691284,0.0546313426377608,0.1772432333774925,-0.0108819156673629,0.2250263443341902,-0.0417350764938164,-0.0209854595309806,0.0190271890857129,-0.0231047940451823,0.0752336688555895,0.1296731904945706,0.0857364035771055,-0.1278265364938691,-0.0880618174080208,-0.0970645462038968,-0.1430317494141727,-0.198945106584247,0.0779159613624338,0.0382866779606644,-0.0458794357714449,-0.0932983376800479, 615.0         , 10450.0      , 1315.0        , 10432.0      , 698.0               , 25637.0            , 1887.0              , 25110.0            , 1.14             , 2.45            , 1.44             , 2.41
JHAPA          , JHAPA          ,2023, 2079/80, Koshi Province        ,-0.0225495005858241,-0.1024633790749673,0.1719832975797279,-0.0645412051114983,-0.0277832583989521,0.0883002484083292,-0.035485413171777,0.0832624992475205,-0.0523220772984186,0.1597107156928309,0.1734912045291568,0.0452720108050046,-0.2770120103584889,-0.0557546610262958,0.0493266866693263,0.1457601805727574,-0.1943536177544598,-0.0573816838490949,-0.1028415386397145,-0.0959064248123548,-0.2471008927267943,0.347688549480261,0.0329243118750593,-0.0424232459350335,0.0656372424061318,0.1006010279691808,0.0368971835375998,0.029071779647904,-0.1108536194733454,0.0709018788149078,0.0332311992543192,0.0479372959851817,-0.0503640482059731,0.0078372044732774,0.0788794296632313,0.1097576093838031,-0.1879509519888456,-0.002265260499162,0.0375790672238743,-0.0331658574657136,0.0937623592252124,0.0990239397579704,-0.1494291376039822,0.2906596521258868,0.0210298459049454,0.1386893138025346,0.1026160992415519,0.0945049728047106,-0.0477462777785903,0.0486144883310065,0.024862860172512,0.1394645188815882,0.0661121516176523,-0.080161109649078,0.1638727065708873,-0.1641189219386075,-0.0760320707528691,-0.071209896269196,-0.0465391496677424,-0.1753194805944244,0.0047238596267016,-0.0770150134388574,0.0754393251489182,0.0503719024343898, 5.0           , 44250.0      , 850.0         , 5000.0       , 10.0                , 225675.0           , 1105.0              , 13505.0            , 1.9              , 5.1             , 1.3              , 2.7
JUMLA          , JUMLA          ,2023, 2079/80, Karnali Province      ,-0.0014249027325631,-0.2193731259269077,0.0795145455934106,-0.1209619557467518,-0.1260115097763408,0.0208638898021629,0.0034026770644507,0.1161382509276924,0.0001885132876081,0.0943025411964623,0.1163090031088354,-0.0555017029384635,-0.0599954595465528,-0.036404554402239,-0.0170743753563719,-0.0301969902809269,-0.1579875909976274,0.0881810150271929,-0.1185629113959594,-0.1959271335872636,0.0519945817251362,-0.0502790138856891,0.1373155753897348,-0.1011768164436754,0.0165538589626159,-0.0809054899884698,-0.0360767004176997,0.0262530923066873,-0.0174575355486091,0.0432689246334755,0.0283179006391607,0.1890421989500756,-0.0465740103233342,0.1009072165200585,-0.1222463001004604,-0.1044365249603287,-0.0290479262031446,-0.0723144961808993,-0.0241782583122567,-0.0900401720240893,0.0007387931759936,0.053675763921455,-0.1412145873337531,-0.0252535902775571,0.0243777329693404,0.1445496666135492,0.0079606397616917,0.1368435702550554,-0.0756980792782875,-0.0167477171269473,0.0185612153045985,-0.0123351035111642,0.0484901722324764,0.2039126732153042,0.1401360275019153,-0.0929183022218545,-0.1494277060151,-0.147508544572409,-0.1619763234851973,-0.1334194047038417,-0.0301353527412323,0.0906572773989778,-0.1024073319342053,-0.0579496487523519, 815.0         , 4452.0       , 3165.0        , 2461.0       , 4615.0              , 11175.0            , 3971.0              , 5400.0             , 5.66             , 2.51            , 1.25             , 2.19
KAILALI        , KAILALI        ,2023, 2079/80, Sudurpashchim Province,0.058852557760958,-0.086038056275466,0.138118204901479,-0.0449829331550112,0.0191947465771578,0.0335632414985144,-0.0714840952490687,0.1392281127535064,-0.0668643603291196,0.0921782172513835,0.1628052233184788,0.1327395948208217,-0.3043594413326513,-0.0005237122179727,0.0441818438427634,0.1101257655184875,-0.1023744759089708,-0.0195444330663846,-0.0619075636442491,-0.1738378643219729,-0.1849628383986534,0.2449885252100074,0.1658256174661655,-0.091651254927625,0.0168736766824306,0.0361897657162154,0.0183167858280642,0.0482729105594779,-0.0194826542268732,0.0332703723377699,0.0858116837959501,0.0992206408885081,0.0656399644548319,0.011887251232064,0.0135914331473039,0.0393192426928826,-0.1481476404070549,-0.0198944632150335,-0.0024050140255003,-0.0710150075236771,0.0720754443191577,0.0508088471244522,-0.1027958132760993,0.2563952408925657,0.0690398334043997,0.1508117525815678,0.0469382130966019,0.1433045958277361,-0.0650325554149723,-1.2185327521016965e-05,-0.0528695306756665,0.0238289466360144,0.0596524665154513,-0.0310985747839082,0.1477008432259113,-0.1707627403928924,-0.0777500754616769,-0.0237953662563661,-0.0421987866395844,-0.1788581284020638,0.1308346400661879,-0.0925586242746909,0.0757573705531365,-0.0195130680867822, 19.0          , 5975.0       , 105.0         , 39565.0      , 19.0                , 19419.0            , 125.0               , 145995.0           , 1.0              , 3.25            , 1.19             , 3.69
KALIKOT        , KALIKOT        ,2023, 2079/80, Karnali Province      ,0.0452122498548512,-0.1647525181216683,0.1235006759516641,-0.0918076481487572,-0.0683074039191876,-0.0269367627348986,-0.049087712348078,0.1529820564278916,0.0062679592956243,0.0589319207161102,0.1097023489093606,-0.0176070239068094,-0.1600107353678959,-0.0237121671111675,0.0205435882819846,-0.0379239809627927,-0.1354207088114394,0.0838779254171157,-0.1087176041960113,-0.1756731621917476,0.0327861350688571,-0.0281603266269684,0.1380001875223582,-0.091254776090708,0.0448716150660406,-0.0989775595211235,-0.0525515914512712,-0.0201245323035103,-0.0497224850027597,0.0176595842899435,0.0347383977797777,0.1589849492421343,0.0009443519077062,0.1022038036402501,-0.1595473295377737,-0.0766014971980336,-0.0548598874689058,-0.0459295096250757,-0.01619462243599,-0.0914450249893876,-0.00378874405864,0.0148374540750817,-0.1313525296183584,0.0079004208274193,0.0340561351227771,0.1786463246337208,-0.0074804067343692,0.2129744160358407,-0.032852692607903,-0.0079801397884299,0.0122927920251012,-0.0438602441090172,0.0820198276412718,0.1787983062124745,0.1090538422495653,-0.0995488402403059,-0.1270002710089299,-0.1067331335925078,-0.1425173847340004,-0.1891134116957209,0.0631412959885825,0.066783911402933,-0.0303403119881403,-0.080189977622087, 660.0         , 3773.0       , 1261.0        , 5606.0       , 1297.0              , 8268.0             , 1362.0              , 11594.0            , 1.96             , 2.19            , 1.08             , 2.07
KANCHANPUR     , KANCHANPUR     ,2023, 2079/80, Sudurpashchim Province,0.0354390535067634,-0.1549757371991078,0.1412552841043861,-0.0546798840022767,-0.0035803185845028,0.0497483184159614,-0.0346014789945754,0.1340105082070156,-0.0983920550148148,0.1113660342492403,0.1714009115999457,0.1231005887046441,-0.3264097307918639,-0.021485938854883,0.0694619004805652,0.122105279595535,-0.1784572471200962,-0.0627907107443792,-0.0711074947669796,-0.1875825655745242,-0.1844070462291376,0.2688556085079535,0.1383806516186568,-0.0653216247903179,0.0316402255476032,0.0990099217149216,0.0031014966374222,0.0589646906345095,-0.018659227187796,0.0239856110772877,0.0603088942214301,0.0509955271505738,0.0679150290677162,-0.0417041331842421,0.0665663638076164,0.0718612387463377,-0.1342911136753672,-0.0304590904656565,0.0136380297433202,-0.0857673364636511,0.0506882035357474,0.0439618960308818,-0.1399329453353235,0.2481445850001787,0.0758572419845441,0.1580222537100224,0.0529811894805282,0.1475844538258028,-0.0720624427886974,0.0162122090064858,-0.0531301886787103,0.1073150121918294,0.0938695245889461,-0.0401886314836472,0.1017507280891849,-0.1609684900395368,-0.096405386796689,-0.0315297306018531,-0.041354498977494,-0.1178019088523179,0.1229913679842722,-0.0821547549458144,0.0883664189302317,-0.0086330759759686, 13.0          , 3095.0       , N/A           , 31210.0      , 9.0                 , 13928.0            , N/A                 , 100808.0           , 0.69             , 4.5             , N/A              , 3.23
KAPILBASTU     , KAPILBASTU     ,2023, 2079/80, Lumbini Province      ,0.0230870325660604,-0.0393666123663477,0.1368733302349739,-0.0029325095361397,0.022315930065523,0.0874680266286615,-0.0598751095485783,0.1048572729241421,-0.0825581992616299,0.1169059563355446,0.1598068473176792,0.1421543984921231,-0.3136153404671968,0.0555982977567987,0.0279043257644366,0.1567312525684691,-0.1162848427660051,-0.0277372711811954,-0.1047765505858465,-0.1695669654808552,-0.2362930703192635,0.2951390046928654,0.1341822086866262,-0.0606070718243107,0.0099834469693351,0.0701037910460308,0.0721993198204584,0.0623785657180117,0.017096754755412,0.0673482072810671,0.0988381955546634,0.0664876351074088,0.0173764985268172,-0.0040579192225575,0.0748565762370164,0.0758306307567167,-0.1794146579535758,0.0177536973182998,0.0198091901491997,-0.0138032362015842,0.083914902674432,0.0806162044236975,-0.0918276586450318,0.2389624341918434,0.037037409120708,0.1195760071778336,0.0828467838200239,0.061224315194954,-0.0951335763656461,0.0104725873021766,-0.0507072188766671,0.0609035913213291,0.0168468949680757,-0.096791304594506,0.1896263187646716,-0.172631383209076,-0.0559998370611059,-0.0116118655500429,-0.075549467002603,-0.1730518130793868,0.0497011279325798,-0.1338309177432972,0.0872160626475749,0.0269445276593046, 97.0          , 1352.0       , N/A           , 28305.0      , 181.4               , 4519.0             , N/A                 , 97540.0            , 1.87             , 3.34            , N/A              , 3.45
KASKI          , KASKI          ,2023, 2079/80, Gandaki Province      ,0.0188698501384831,-0.141995530632415,0.1072325574461397,-0.0714306745477357,-0.0258526431941271,-0.0082623394530205,-0.0647513609160264,0.0926380195330299,0.0234110829734705,0.1208129458223076,0.0888958598055913,0.0284131093007515,-0.1628234706815053,-0.0409713037770214,-0.0557861369576054,-0.0275285782000909,-0.0878659762467888,0.0375093281881767,-0.0945545296992482,-0.1564850599181522,-0.0522192973677723,0.098302672575823,0.0884632070499852,-0.0974544120143285,0.0253248661975571,-0.0646443020374106,-0.04356482969539,-0.0069405414162209,-0.1086713666834022,-0.0225002575718892,0.006369760317368,0.1447125573038167,-7.137621224426007e-05,0.0309492765372995,-0.1186148626846563,-0.0879705891116853,-0.1015594386979105,-0.0890994596840241,-0.0494812789355049,-0.0395053647729442,0.0518799504285923,0.0973165229356502,-0.1362415176522723,0.0884687544059463,0.0094452029222284,0.1823875523690616,-0.0027047261599721,0.2251470585260592,-0.034820346820081,0.0162525992202644,-0.0078995257096305,-0.0077808663811307,0.092657995496867,0.0922513817779271,0.1392319084170915,-0.1722430709842358,-0.082999404805255,-0.1156520868707064,-0.1179824468385732,-0.1771064724765634,0.0134523542638646,0.0448521058046955,-0.0313514537889436,-0.0689983867498006, 6.0           , 12443.0      , 9195.0        , 5500.0       , 6.0                 , 36707.0            , 14252.0             , 13805.0            , 1.0              , 2.95            , 1.55             , 2.51
KATHMANDU      , KATHMANDU      ,2023, 2079/80, Bagmati Province      ,0.0649758279247661,-0.1661843294548226,0.1650045035242965,-0.0794925827094574,0.0175743535016661,-0.0636289665244343,-0.0673144384155965,0.1002277005490088,-0.0753390230095285,0.0776304524567045,0.108118803402067,-0.0247125713730574,-0.2939277086991699,-0.0699561069042679,0.0126967750363892,-0.0638743968134677,-0.1258748412084774,0.0415914883926656,-0.0851923504491484,-0.1234598134170123,-0.1347604134466549,0.1691709869700763,0.1272486481373689,-0.1268530762961888,0.024183140072461,0.0223779104013921,-0.0084942992219289,-0.0132494569254776,-0.0954734231859708,0.0150630569332688,0.0346652747206211,0.1294209648082071,0.020573958696379,0.0043875983357166,0.0132027146944251,-0.0458096603009617,-0.1476669110563673,-0.0679252808790484,0.0009778106024044,-0.0536765401725503,0.028592170029478,0.0325067382744601,-0.2156940279329621,0.2086416179334869,0.0702272712495804,0.1515401459400507,-0.0006886748677708,0.1976655300012062,-0.0474684711248546,-0.020602528627152,0.0676795676752172,0.0811759031528568,0.0834784679514113,0.0458185737729979,0.1150746028476537,-0.2166326109952775,-0.0574582642968949,-0.0715873412852981,-0.1382159427954711,-0.1981697428885176,0.058202973270281,-0.0459936997554199,-0.0295071163817374,-0.0692056989724213, N/A           , 6317.0       , 602.0         , 2043.0       , N/A                 , 25331.0            , 632.0               , 9480.0             , N/A              , 4.01            , 1.05             , 4.64
KAVRE          , KAVRE          ,2023, 2079/80, Bagmati Province      ,0.0399130555863765,-0.1185815201621386,0.1708548100279997,-0.0696254402746345,-0.016601170813986,-0.0548752877755797,-0.1105213089629924,0.1771101311418533,-0.0161810639396793,0.0650473494318417,0.0984721031392541,0.033276289988986,-0.2920574904845213,-0.0525021997802992,0.0221295524377621,-0.0081759881315403,-0.102687949689667,0.0517978881889644,-0.1356179097100965,-0.1455298558171093,-0.1545221544528059,0.1367200814342123,0.1281649708525286,-0.126042125139878,0.0582540090263448,-0.0247306847313942,0.0149415453959201,-0.018906958086133,-0.1247570866071676,0.0364080714538082,0.0358292983983898,0.1498498555163052,0.0840716762894947,0.0445395457322732,-0.0947433906628673,-0.0345185433894993,-0.0954955747901945,-0.0455233664987709,0.0006043418351314,-0.0545158899663652,0.0246006859089125,0.0531404170932103,-0.1647086141333882,0.1930943905237778,0.0672348975883778,0.1638712271706448,-0.0097130623009304,0.2452177493076928,-0.0501910945296208,0.0026281759436504,0.052153993998261,0.0210738223903702,0.1067230545968029,0.0345881703221207,0.1126002341182883,-0.1679085440698707,-0.0436656581904156,-0.0909117153038441,-0.1166393061462257,-0.1980470224952653,0.088407335188708,-0.0256724578008255,0.010755139181957,-0.0754185323353258, 347.0         , 25620.0      , 3510.0        , 8550.0       , 340.0               , 89670.0            , 4563.0              , 24795.0            , 0.98             , 3.5             , 1.3              , 2.9
KHOTANG        , KHOTANG        ,2023, 2079/80, Koshi Province        ,0.0517941630404897,-0.0807354430171383,0.1757218523157463,-0.0740231422107404,-0.0249016630584611,-0.037117773205539,-0.1297165562832835,0.1636104771600106,0.0183092889170136,0.0727977713986807,0.1080027597862702,0.0408851518444442,-0.2468877961386156,-0.0602281733308297,0.0098850928495008,0.013510984996972,-0.0601991742193599,0.037184129416149,-0.1146641218173436,-0.1645575264885333,-0.1592909307085125,0.1671960879827585,0.1113302499512115,-0.1342788755303208,0.0380385017531109,-0.05277977826008,0.0275827892849987,-0.028452465343831,-0.1112876426037913,0.0519678215092266,0.0186448301321187,0.1075595906363095,0.0635327061261452,0.0851751396424345,-0.1188332092167995,-0.0477827759274775,-0.0999352094104032,-0.071234140666666,-0.0434155548277318,-0.0474143600306964,0.0534771915493575,0.1055600364891179,-0.1377281598789616,0.2077367369366391,0.0066900499838031,0.1701433225520939,0.0076692543667717,0.2359677046008796,-0.0286374301915482,-0.0343189962730106,0.0333986374900693,-0.0122513251044889,0.1367212723047425,0.0678314051247895,0.0857351998250022,-0.1919891614105806,0.0018364806561413,-0.0955908038831866,-0.0935878895056232,-0.2575508247769648,0.0664497953415181,-0.0353907582555014,0.011667384154157,-0.0566057059402967, 350.0         , 31845.0      , 21315.0       , 3530.0       , 478.0               , 56684.0            , 38367.0             , 6531.0             , 1.37             , 1.78            , 1.8              , 1.85
LALITPUR       , LALITPUR       ,2023, 2079/80, Bagmati Province      ,0.0498856196558574,-0.1189969100668632,0.1681023513632915,-0.0656094252209487,-0.0151366633960481,-0.0586103649589462,-0.0866718904647874,0.1606176150809478,-0.0273320397874097,0.0766644615314814,0.0675404609231309,-0.0015583646026702,-0.2848926440832333,-0.0390582430742285,-0.0083730079662166,-0.0260046727965037,-0.1075306208482744,0.0738460025543935,-0.1219501944594973,-0.1598042933197476,-0.1210203249245705,0.1232299962775086,0.121286044446771,-0.1324821077829927,0.0502337304056602,-0.0189285277223628,0.0200055661074949,-0.030858067737342,-0.1170847973355895,0.0541393997725656,0.023296004160511,0.1293889400932305,0.0636314743196487,0.0360393654101817,-0.0771276916869882,-0.0502286636749628,-0.1229366522617695,-0.0555880754613268,-0.0085703158740067,-0.0681177915784691,0.0331277558424117,0.046567508020032,-0.1895072484279276,0.1672063932825148,0.0588784392092282,0.1556077756397283,-0.0401127114591097,0.2716277149058722,-0.0391099586804849,0.0003433117495055,0.0585782694375438,0.01608054595407,0.0913915782289416,0.0304332367687913,0.1113717092503845,-0.1800553939351966,-0.0307639603514552,-0.0687961056838135,-0.1222087542178708,-0.189431896990232,0.0767594981233492,-0.0199167606856246,-0.0068377755707899,-0.065120333533098, 40.0          , 9160.0       , 520.0         , 2502.0       , 48.0                , 36823.0            , 546.0               , 9357.0             , 1.21             , 4.02            , 1.05             , 3.74
LAMJUNG        , LAMJUNG        ,2023, 2079/80, Gandaki Province      ,0.0298947308143974,-0.1385179081379756,0.1400454498529414,-0.081893185571683,-0.0355039049088724,-0.0232054623095947,-0.0848854977805568,0.1236184121368122,0.0302600023482633,0.1149202033198342,0.0816989459038512,0.0210165705974418,-0.1972412724676722,-0.0375492578029982,-0.0355566663191766,-0.0312729928810513,-0.1051707184302355,0.0556933527514502,-0.1104646982467041,-0.1583572906542583,-0.0570398435127176,0.0993952459950822,0.1085271179549373,-0.0931534369389196,0.044985250355143,-0.0702978212008338,-0.0341478748004691,-0.0154136232621752,-0.1122864440431252,-0.0176976222033485,0.0039462588749981,0.1561341365836095,0.0076441720469986,0.0404345284847214,-0.1236059650638869,-0.0932817103589977,-0.0882370947031283,-0.0804275578782977,-0.031125294326349,-0.070185545812754,0.0434319172170871,0.0703528962408183,-0.1479736992890556,0.1123621821184842,0.0261639365214551,0.1724898761012677,-0.0027596541350329,0.2504196429488827,-0.0172637321639035,0.0267105867771593,-0.0016395876817208,-0.030112724313178,0.1010617718857324,0.0817369324225396,0.1247675353753664,-0.1637268542513502,-0.0738305096155708,-0.1188216717877988,-0.1398253364582198,-0.1825616366430119,0.0538810799218721,0.0352649877681742,-0.0128986458848405,-0.0740512225948957, 10.0          , 12570.0      , 7200.0        , 15.0         , 18.0                , 30797.0            , 8784.0              , 39.0               , 1.75             , 2.45            , 1.22             , 2.62
MAHOTTARI      , MAHOTTARI      ,2023, 2079/80, Madhesh Province      ,0.0242210151703494,-0.0911334128692927,0.1362932103428229,-0.0092039347988625,-0.0151603845959459,0.0757544669044798,-0.0666465169286147,0.0999450665595009,-0.1297734442769489,0.1073809710213456,0.1954287224826691,0.094458712103437,-0.3328678863466266,0.0039418041500888,0.0231630665329217,0.1567500940807308,-0.1423716902134709,-0.0438610491952602,-0.1058042347517237,-0.1335409604010131,-0.2432037402360606,0.3304202352325967,0.0907807797590687,-0.0845944021440951,0.0331632420890335,0.1397218029021605,0.1002439216461994,0.0483037591906869,-0.0448078352694776,0.0797761054551188,0.0556304790729199,0.0512874617923734,0.0095770538379132,0.0147523702532323,0.0746985884100443,0.0990223216449004,-0.1888036223236147,-0.0108166989703103,0.0102925139859001,-0.0399488064683373,0.0909182830747388,0.0996842687870311,-0.112936345963444,0.2427655570850127,0.0055426831542255,0.1401246958697117,0.0891855876732401,0.1006353835538551,-0.0922226613136173,0.0071718261915305,-0.0142005918420067,0.1072647249720268,0.0694270256037879,-0.0734326152340818,0.1396179627855737,-0.1825042000557285,-0.071775643752594,-0.0136302290072842,-0.0331870457130618,-0.1335531877109437,0.0606434346085256,-0.0983080585261688,0.0835627039370398,0.0463786692780966, 10.0          , 9754.0       , 300.0         , 29320.0      , 12.0                , 29783.0            , 330.0               , 98640.0            , 1.18             , 3.05            , 1.0              , 3.36
MAKAWANPUR     , MAKAWANPUR     ,2023, 2079/80, Bagmati Province      ,0.0648653658087843,-0.0977281066156093,0.1645952801247718,-0.0487412348524349,-0.0246186757110478,-0.024578673102428,-0.1275449663870949,0.1799057205411756,-0.0149601821138766,0.074911147080661,0.122411634878516,0.0827592812751752,-0.3091401806532555,-0.0288636737988561,-0.008221675850895,0.0644792980350758,-0.0737165220974178,0.0226561582983186,-0.1090761018836578,-0.1103162019178312,-0.1694713675626195,0.2040738914081987,0.1610773990832577,-0.1065750106247142,0.0458918242555934,-0.0109555629349222,0.0369513396364161,-0.0091051834980709,-0.0955478840812739,0.0526003194963833,0.0402662337633145,0.1325394605906477,0.0591336571617406,0.0230000111187316,-0.0325163315909297,-0.0147008663229072,-0.1475675463056059,-0.0389199435817967,0.0101340303231232,-0.0862624249400627,0.0509639393076156,0.0623647156615748,-0.1211477180081864,0.2680000385195252,0.0578162864852084,0.1592205508107775,-0.0139675269381524,0.2338138914279386,-0.0475497064317418,0.0096051540322173,0.0082996350696605,0.0093012251369979,0.1094406110291535,-0.0081675535801585,0.1332096954840038,-0.1732903390725696,-0.0395664282293074,-0.0671401373876045,-0.084031979115613,-0.1704873148403299,0.0990106843374001,-0.0414948118147226,0.0493904472931395,-0.0420079922920065, 240.0         , 24120.0      , 2655.0        , 3840.0       , 312.0               , 72360.0            , 3186.0              , 13440.0            , 1.3              , 3.0             , 1.2              , 3.5
MANANG         , MANANG         ,2023, 2079/80, Gandaki Province      ,-0.0512986269115096,-0.2115594738538684,-0.0343880908061549,-0.0644870799593544,-0.1528737969166775,0.0735099914702674,0.0789134686390338,0.0321090530417385,-0.0233547817035389,0.1185650710304576,0.1546682317609959,0.0184763948213025,0.0309185150596974,-0.0663760715384618,-0.1449957668150301,-0.0388832487383132,-0.0329263444768886,0.0520001169986185,-0.0676437212916914,-0.1815828617739888,0.0475026223395454,-0.0138880050301074,0.0870972394776239,-0.0921735956527707,-0.022587045443528,-0.0670715302551222,-0.0554529160571187,0.0595217368107684,-0.0357168113007352,0.0120735076131428,-0.0060247172359559,0.1439716632681075,-0.0525860611812657,0.0263588322777763,-0.0821567393074721,-0.1610398747941476,-0.0626679529046958,-0.136675603431291,-0.0622122866346859,-0.0589099420943178,0.0465586486807773,0.1367580384807516,-0.1061169204808131,-0.0720344185198479,0.0138599594871833,0.1786863755655596,-0.0609976028039353,0.156892582058107,-0.1021298353014348,0.0277185216654703,-0.0447677506627854,0.0484206126425136,0.045822025239053,0.1274476965653666,0.2328640034802497,-0.108399509071633,-0.1292942106706341,-0.1617560710066662,-0.1328236035049812,-0.1186010863965245,-0.1079015752647701,0.1463847356271117,-0.1664244367140588,-0.0524872946645162, 122.0         , 135.0        , 2.0           , 105.0        , 195.0               , 267.0              , 2.0                 , 247.0              , 1.6              , 1.98            , 1.0              , 2.35
MORANG         , MORANG         ,2023, 2079/80, Koshi Province        ,0.0171848188245223,-0.093871535527402,0.1681013824025515,-0.0617886916523698,-0.0312967022191927,0.0606391289916155,-0.0478522390349271,0.0815820883383429,-0.0635640701490096,0.1312665032275442,0.1654162986785349,0.0860890108745423,-0.2930437062253177,-0.0420476083062485,0.0250970226894933,0.1428770902631359,-0.1501575726594121,-0.0544123370795563,-0.1041369644959557,-0.1154933854006436,-0.2306092414996151,0.3161789672583782,0.0486417413978399,-0.0510963291530456,0.0512538551075425,0.093422994181612,0.0497904836576311,0.0309588791255064,-0.0893575439427049,0.0591276479638673,0.0452126974834383,0.0520960513843444,-0.0220784613473491,0.0088124899128133,0.0664851866654066,0.0864061001621557,-0.18328556807507,-0.0348009076023167,0.0214952246130369,-0.0467943179028422,0.076447391842884,0.1107068409754403,-0.1293295247876002,0.2719830517199064,0.0266760253152676,0.1378809953198232,0.0662529571469942,0.1373392012527594,-0.0683374102811008,0.028902319064604,0.0061728584066706,0.0890356559921284,0.0860367746439183,-0.0672248879255389,0.1492585313400091,-0.1760959900615153,-0.0548282671076115,-0.0561171157695455,-0.0622760010242016,-0.1566517894047155,0.0404165633996095,-0.0748687644172731,0.0505420615279013,0.0373052648546031, N/A           , 20052.0      , 1290.0        , 11755.0      , N/A                 , 132343.0           , 1587.0              , 33687.0            , N/A              , 6.6             , 1.23             , 2.87
MUGU           , MUGU           ,2023, 2079/80, Karnali Province      ,-0.0243093817017173,-0.2169692915699037,0.0270436324095127,-0.093086841221127,-0.1187891846515777,0.0346704262084505,0.0229490446017525,0.0937854906406113,-0.0364652178159103,0.0944719484514089,0.1024306941231959,-0.012147649935585,-0.0227411071023539,-0.0465655183560563,-0.0676290911324457,-0.0255370214025297,-0.0786840521650681,0.1045124489365742,-0.1031107579995128,-0.1672312330562204,0.054373724202376,-0.0478258558783884,0.0875941540525476,-0.0940387877181292,0.009708150970871,-0.0736850239508535,-0.0235445501026234,0.0432577915408809,-0.0018705812695513,0.0258161913578394,0.0183499362553889,0.1778255272167784,-0.043972430830572,0.0610398303252652,-0.1088633135167853,-0.1376099760636135,-0.0515679113025596,-0.0902284177215779,-0.0553473279091167,-0.0675569897904703,0.0175044162718193,0.0802818867939023,-0.1153030858005735,-0.0668830702452384,0.0380833315260032,0.1810605576616044,-0.0203929488314201,0.1373203703085866,-0.0681579220673564,0.0383007578234418,-0.0154091710395761,-0.0016484224204035,0.0390397283487348,0.1725478764492187,0.1943325359109737,-0.0716721385519537,-0.1752454991468826,-0.1893038086942226,-0.1210426734952778,-0.1103861493832141,-0.0480910566311505,0.1087060928872277,-0.1071253768812426,-0.0344124115333451, 630.0         , 2635.0       , 2122.0        , 1782.0       , 1140.0              , 1341.0             , 4196.0              , 3276.0             , 1.81             , 0.51            , 1.98             , 1.84
MUSTANG        , MUSTANG        ,2023, 2079/80, Gandaki Province      ,-0.0658655242917406,-0.1790714344966497,-0.0045984984840044,-0.0680128747040467,-0.1915446302229256,0.1070125999845765,0.0469908491336653,0.0301082406344321,-0.0727342126506883,0.0999945416689752,0.1851779679632367,-0.0165851944832021,0.0059917000207805,-0.0823626370285047,-0.0841125301294049,-0.0536674368676451,-0.0530451553763425,0.0887464921004558,-0.011989345852603,-0.1860913092147941,0.0356245287065007,-0.0268233091491564,0.0854577031578294,-0.0842444487490661,-0.0678286940256204,-0.0706516799210081,-0.0372631763445358,0.0431153004047587,-0.0150658376372753,0.0541095208018255,0.0294462403234247,0.168823397640883,-0.0344679577100607,-0.0078987298194676,-0.0835387697202252,-0.1405739570863642,-0.0471289804340684,-0.1436935959729152,-0.0938385538558121,-0.0384760491605999,0.0507798882893661,0.093547778402761,-0.077678124573384,-0.0813554431812365,0.0744047820924839,0.1443814367911748,-0.0284404710185541,0.1554983850788623,-0.0800641457845825,-0.003670055254663,-0.0302893338647838,0.0588907235765501,0.0713121677672454,0.1053909987767341,0.2361546573094226,-0.060063842257838,-0.145369809197415,-0.1439139139056522,-0.1633677617415401,-0.1222518067017372,-0.0888776503040337,0.1151536257099329,-0.2244530777196366,-0.071484000877159, 44.0          , 55.0         , 2.0           , 74.0         , 69.0                , 81.0               , 2.0                 , 125.0              , 1.57             , 1.47            , 1.0              , 1.69
MYAGDI         , MYAGDI         ,2023, 2079/80, Gandaki Province      ,0.0016229534280644,-0.1557028591272926,0.0737153802868367,-0.0705711168284413,-0.0784430660682055,-0.0020252260265131,0.0026422645343637,0.0917145969363118,0.0040131751476225,0.0957944759206899,0.1059028655449228,0.0056147579214627,-0.0933059074686935,-0.0448246642023569,-0.0820216716170018,-0.0465501238949087,-0.0762791940205033,0.0579803903651918,-0.1001186988842428,-0.164567967421741,0.0105921548680272,0.023472119910301,0.100696953940515,-0.0882827603714449,0.0437457182078545,-0.0878903247175072,-0.0353239421101478,0.0036336519392782,-0.0977021892820227,-0.0149826828784972,-0.0079887749918566,0.1558370969654427,-0.0074680736088279,0.0520732104035838,-0.1308163774825686,-0.1305930181606035,-0.0763352691054579,-0.1096274787056716,-0.0350035049757412,-0.0674123279146733,0.0387902992448478,0.092446909065432,-0.1369943271619878,0.0045020044055941,0.0090309587556244,0.1875725953398324,-0.0382010923093643,0.2150715491482979,-0.0496600661410031,0.0327805157998744,-0.0236372118020646,-0.0046029588699824,0.0654569432753548,0.1205538949490291,0.1484886831111161,-0.1388675683315253,-0.078453422407755,-0.1429214774726824,-0.1408476155589134,-0.1780170835051062,-0.0091502608544786,0.0951527757124712,-0.076407111925173,-0.0702629159095289, 260.0         , 8800.0       , 2500.0        , 2400.0       , 374.0               , 29920.0            , 3075.0              , 5952.0             , 1.44             , 3.4             , 1.23             , 2.48
NAWALPARASIEAST, NAWALPARASIEAST,2023, 2079/80, Gandaki Province      ,0.0590138646693744,-0.0807583515461217,0.151954843332927,-0.023070478945809,-0.0042928118756163,0.0083079594903694,-0.1400994823697484,0.167426330315332,-0.0296102766614547,0.0909081526545038,0.1466395281423383,0.1039110341997956,-0.3070125743810754,-0.0194173057825777,-0.0004883820582301,0.0826856716540451,-0.0625912324643507,-0.0104143288937571,-0.1078245989094941,-0.1017730788155188,-0.2152990763611697,0.2509874468710123,0.1432018708024262,-0.0927148644949201,0.0199006185892345,0.0148128485661644,0.0584046341458297,0.0096509936389032,-0.0417686428875328,0.0438057249427391,0.0481180059735011,0.1285777533524453,0.0289627153152586,0.0076428971668929,0.0031504897316832,0.0080653197052402,-0.1658197629082024,-0.022926401057468,0.0029329892781986,-0.0500335959756153,0.057472356559145,0.0828152770834142,-0.0919410914448403,0.2859938359240557,0.050577936403652,0.1596169052576788,0.0275646382309444,0.1748259234245699,-0.0484940399535117,0.0144782204390221,-0.0191337022067125,0.0211747904444589,0.0999908284194428,-0.0305147941996298,0.1467832616499138,-0.1658708016276977,-0.0650439687640068,-0.0622604285091532,-0.0640544815962904,-0.1474229191777236,0.0845270682545504,-0.0950827684286315,0.0868312960236975,-0.029012027201954, 150.0         , 9500.0       , 258.0         , 7110.0       , 188.0               , 28880.0            , 294.0               , 19481.0            , 1.25             , 3.04            , 1.14             , 2.74
NAWALPARASIWEST, NAWALPARASIWEST,2023, 2079/80, Lumbini Province      ,0.0222496322483483,-0.0356140518462753,0.1476584778570322,-0.0003480220230344,0.0099926728920766,0.0956289197769323,-0.0675568964902594,0.09838184871308,-0.0717650348119455,0.1221681859450258,0.1640630278311464,0.1179346273409032,-0.3110652493437327,0.0431874143602354,0.0146431293843126,0.146101680146567,-0.1028083836162677,-0.0392479567636767,-0.1241983947348427,-0.1454582777926529,-0.2525528169910029,0.2988263482065598,0.104185946931521,-0.0529107468786198,0.01308532129883,0.0881264825640549,0.065503629434132,0.0442939561370275,0.0048875164383203,0.0658620360036808,0.0713350662468054,0.0763935611137165,-0.0101390200245429,0.004543328146527,0.074374534026321,0.0696754632380655,-0.1810387903896851,0.0104351774936576,0.0320322010731295,-0.0026413281992726,0.0872294380135417,0.1004208633874231,-0.0908123271377794,0.2449748675766291,0.0385176080873316,0.135541630363817,0.0793509630251703,0.1002819907448721,-0.0951946068412805,0.0225814099810436,-0.0405494075515398,0.0635739000868055,0.0309941478199509,-0.1004376528082663,0.1911985610032446,-0.1830368837248881,-0.050834070721219,-0.0262308882494387,-0.0719439234177131,-0.1508006193794052,0.035036401465688,-0.1184937605208046,0.088462475810618,0.021793048410527, 10.0          , 2146.0       , 45.0          , 8500.0       , 12.0                , 7362.0             , 47.0                , 26775.0            , 1.2              , 3.43            , 1.04             , 3.15
NUWAKOT        , NUWAKOT        ,2023, 2079/80, Bagmati Province      ,0.0343892948597723,-0.1293246806171237,0.1807871808425086,-0.0799644003923878,-0.0235096410582978,-0.0490289371465381,-0.115640529898773,0.1774023134588592,-0.004079755946809,0.0799705938982041,0.0870450527442001,0.0235666934576839,-0.2669610106236346,-0.0358195856433929,0.036628718868844,-0.0254994104134221,-0.1013101270886946,0.0470493124538146,-0.1509010402504188,-0.1386652169708783,-0.141738338902336,0.1366744235077376,0.1264107076848944,-0.1046976599412825,0.0500161125220456,-0.0370222041745699,0.0072328645160209,-0.0216245624475614,-0.0943756292491765,0.0214014197416141,0.0268832061223233,0.1502911473378022,0.0497797941289534,0.0425593676996989,-0.0790876473520872,-0.0528776563871543,-0.0871858407089612,-0.0301035140793583,0.0096616984693295,-0.0468115991129715,0.0272304960555313,0.0653757479269048,-0.1712818206830775,0.197941161126282,0.0569629456128928,0.165109550873417,0.0035579990727139,0.2378777413829267,-0.0404790665729921,0.0083434780645222,0.0403727086391586,0.0293981360668828,0.1113862148110261,0.0406134745246841,0.1325472038437794,-0.1716186995246243,-0.0645198520371176,-0.0989027995623881,-0.1556841183338997,-0.181598912277293,0.0667277421756344,-0.027222997112922,0.0126223339854223,-0.0778625343849753, 154.0         , 16218.0      , 5114.0        , 4493.0       , 194.0               , 49457.0            , 7258.0              , 16021.0            , 1.26             , 3.05            , 1.42             , 3.57
OKHALDHUNGA    , OKHALDHUNGA    ,2023, 2079/80, Koshi Province        ,0.0381851523843781,-0.0914167287866631,0.1725953163039568,-0.0765014557391854,-0.0295942888865561,-0.039971005792519,-0.1152938911877902,0.1703835782037102,0.0050130730997772,0.0624238439092706,0.1067793735489063,0.0269660482534104,-0.2387081396017673,-0.0716020507358536,0.0128003006785855,-0.0108822415276266,-0.0708149870712843,0.0400793668647806,-0.1245871441919325,-0.1629525493731821,-0.1430894779711932,0.1413725294583618,0.1106694013588685,-0.1377822964273395,0.0482344196798048,-0.0520474315806109,0.0192103067412629,-0.0272834975007999,-0.1121468656058577,0.0486185863943228,0.0297814315594109,0.117611703442875,0.0710585911951885,0.0905144848507727,-0.135788146465366,-0.0541767900928868,-0.0875616687718453,-0.0745693361577805,-0.0251342101868862,-0.0426145161854094,0.0370583113923047,0.0945014140925892,-0.1486935303558637,0.1716947097182773,0.0276332259417292,0.1706927408041929,0.0072579596761593,0.2397608306867633,-0.0381470190105838,-0.0416438518452654,0.041802317535104,0.0002140125976988,0.1263602516375433,0.0786762070783221,0.0787355002483153,-0.1792419313132666,0.0036268548249844,-0.095759508843135,-0.1033527472036298,-0.2536041035670344,0.0623116663422799,-0.0297275639893774,8.874844028991905e-05,-0.0682576394935338, 80.0          , 12400.0      , 7751.0        , 2145.0       , 110.0               , 40920.0            , 19378.0             , 3330.0             , 1.38             , 3.3             , 2.5              , 1.55
PALPA          , PALPA          ,2023, 2079/80, Lumbini Province      ,0.0680240867905211,-0.0616554083749898,0.1690151207519435,-0.0286551696168592,-0.0054362605051806,-0.039498417144212,-0.1512551507137755,0.1877961347685496,-0.0148706293508286,0.0462619927608551,0.0938873965442219,0.058436215565285,-0.3080899711064686,-0.026525480489965,0.0027975826664522,0.026197373710689,-0.0581707835648432,0.0554068945910713,-0.1365150879555864,-0.1234507835126017,-0.1905812870103467,0.1616101204540968,0.1518091768146791,-0.1335545913922411,0.049113062541456,-0.0263774653025387,0.0547346213798067,-0.0196883164996742,-0.0899683784811836,0.0729092277965889,0.0493873596613009,0.1673156892246443,0.0851038747153379,0.0554690383812153,-0.1023273812504298,-0.0316097991004242,-0.1217692619403846,-0.0237679702370426,-0.0054025606941653,-0.0313968074613842,0.0467751294542161,0.0688870297118283,-0.1256485603925833,0.2385898874396756,0.0692616433997009,0.157764385483,-0.0262612526041172,0.2290974250678804,-0.0354562888982619,0.0058819141026518,0.0292655877987077,-0.0146806171017222,0.0970791441051409,0.0220107504434964,0.122251451349995,-0.1845005854307464,-0.0361084398602156,-0.0811603878589568,-0.0962709059644802,-0.1966568767264193,0.0828667203106713,-0.0588118932956591,0.0389457547360352,-0.0463721993857542, 144.0         , 21867.0      , 2418.0        , 5760.0       , 162.7               , 58136.0            , 3216.0              , 13248.0            , 1.13             , 2.66            , 1.33             , 2.3
PANCHTHAR      , PANCHTHAR      ,2023, 2079/80, Koshi Province        ,0.0511727612507869,-0.1133760272254696,0.162190425441326,-0.0894866804097852,-0.0280754129542695,-0.0367387966200549,-0.121423411843854,0.1432695663290166,0.0285102618481025,0.0883406937981237,0.1238738314677915,0.0041630073373931,-0.2473639696557036,-0.0578545815079622,0.019817690875562,-0.0004536018386442,-0.0604870457196827,0.0251860421356537,-0.1268393084616797,-0.1780018305464682,-0.1293041824916398,0.1269374348545009,0.117682239141546,-0.1463069284897135,0.0477144917394775,-0.057563245492448,0.0206122525142685,-0.0274519237663,-0.122136164789321,0.0657201595054884,-0.0066925938171163,0.1121548334809883,0.0601726629675612,0.0667966551331963,-0.1270599810116485,-0.071858777304374,-0.0849540276155278,-0.0576088858464817,-0.0485794967542938,-0.0521408471177747,0.0711124150503099,0.0770865580858555,-0.162113900945658,0.2080539861165843,0.008700367959519,0.1469962640281443,-0.010652130565614,0.245848886023342,-0.0015499681445969,0.0151815779112611,0.0300816349596168,-0.0232263364223807,0.1366203528911663,0.0909076389384997,0.1174353849978495,-0.1818207250526848,-0.0064092254303722,-0.1110671893300212,-0.1195662506762973,-0.2521815133761378,0.0865060837717732,-0.011339927095747,0.0149729017792633,-0.0452620548667689, 300.0         , 18658.0      , 3208.0        , 3902.0       , 390.0               , 42913.0            , 6416.0              , 6476.0             , 1.3              , 2.3             , 2.0              , 1.66
PARBAT         , PARBAT         ,2023, 2079/80, Gandaki Province      ,0.0431335888856123,-0.1104566776409097,0.1876419080720627,-0.0858145906378133,-0.0121998247463463,-0.052095972389315,-0.1428331125665662,0.1564768842665355,0.0174676878049373,0.0795890291472227,0.0685625190101237,0.007646572426014,-0.2662457997478934,-0.042400242803655,0.0357466726259233,-0.0320443447491425,-0.0947542623936743,0.0646596436754426,-0.1130416042976037,-0.165533355543471,-0.1385669133404453,0.1158040778934144,0.1264969685874565,-0.1313669686399895,0.0542156521607878,-0.0383592314212205,-0.0052823877101823,-0.0217086413457259,-0.1000995708563291,0.0129549078055736,0.0160127520515724,0.1739803728195083,0.0517825039179068,0.0404134009796345,-0.1319950288581809,-0.0673140703296564,-0.0754226967067738,-0.0382841616864063,-0.02747028104509,-0.0235107643391036,0.054101653396969,0.047910042417442,-0.1611326839222669,0.1728921740134458,0.0600153945451089,0.1520832550195339,0.001315069379003,0.2534344564484358,0.0239874497142953,0.0192999219065104,0.0476207029523226,-0.0275040199544935,0.111098435896822,0.0742562403148682,0.1095028730596087,-0.1777387631415014,-0.0689928218062121,-0.1061218980557774,-0.1272416019801236,-0.2057340484034739,0.0884285190003216,-0.0334070470718387,0.0184810824604007,-0.0814558589852132, 55.0          , 12500.0      , 7350.0        , 2230.0       , 72.0                , 32313.0            , 8159.0              , 5441.0             , 1.31             , 2.59            , 1.11             , 2.44
PARSA          , PARSA          ,2023, 2079/80, Madhesh Province      ,0.0415417304314466,-0.0833295804250724,0.1198849807411205,-0.0060206840461531,-0.0044365765570393,0.0588608239833042,-0.0735673001737054,0.1343381416328455,-0.0620045362655634,0.104784616209559,0.1742411357094173,0.1526345925531923,-0.3266712257291401,0.0363949602886079,-0.004529731045264,0.1532299948979393,-0.101746374757125,-0.0621055708148297,-0.0841347784087433,-0.1314566609201299,-0.2114354176485723,0.3038757131636311,0.1607492498345244,-0.0692977559828138,0.0253780295607492,0.0685609681787631,0.0732713543818022,0.0518078121836215,-0.0104901541927962,0.0570451186002435,0.0636290011558233,0.067772377140507,-0.0125027380976453,-0.0277333442574244,0.0889876976270435,0.0347977989762878,-0.2154704233708171,-0.0020231280036054,0.0370510913032476,-0.0853258806542479,0.0606894600806143,0.0715817323197329,-0.0798316407312128,0.2739749206276684,0.0383045375107786,0.1322237573032936,0.0559345840379181,0.1050810563990528,-0.0898383672033415,0.0097743368310602,-0.0551528964368772,0.0500131918595724,0.0584847047852036,-0.0879767101575197,0.164557764377697,-0.1418927224777331,-0.0593553154267777,-0.0149087630736387,-0.0681608285443216,-0.1326120646763333,0.0851595222997741,-0.1127248020399317,0.0916204650485427,0.0193066129545345, 35.0          , 4189.0       , 36.0          , 26065.0      , 51.0                , 17166.0            , 36.0                , 97612.0            , 1.46             , 4.1             , 1.0              , 3.74
PYUTHAN        , PYUTHAN        ,2023, 2079/80, Lumbini Province      ,0.0714978581231334,-0.092375389012388,0.1917926159689686,-0.0626752072913865,-0.0342107924070242,-0.0551852157424022,-0.1242303781333913,0.1992697313267757,-0.0392551876036878,0.0339777111747296,0.0855746641590012,0.0581767959257513,-0.2712093076291789,-0.0252457834329297,0.03718889639111,0.0044085018379707,-0.0577008737686919,0.0660181159347079,-0.1214924154082551,-0.1367907578442138,-0.1245795878848375,0.0997274524092392,0.1698161403766224,-0.1373747124736249,0.0430058415307654,-0.0597738732699879,0.0383170318636559,-0.0015214153720883,-0.0734326922478049,0.0474966167549893,0.0702663930363298,0.1450303517064262,0.0932916007517357,0.0675310187721694,-0.127360892151832,-0.0447236070751634,-0.0718489653575651,-0.0367641683516574,0.0094323529464405,-0.0345284534101335,0.0248717156376583,0.0652538510655212,-0.1395015164540212,0.1772546506483667,0.0679206842382784,0.1668698842415509,-0.0381083891178376,0.242853469035617,-0.0365945116374425,-0.0068776817299585,0.0220334879732164,-0.0178069040043083,0.0801606059722437,0.0454630986656042,0.1089605784459507,-0.1509622892340587,-0.045527498035203,-0.0880385279809273,-0.1212664203695709,-0.216973094431458,0.1167292125465226,-0.0339315531350372,0.006361119631961,-0.0671605486925457, 560.0         , 12140.0      , 1894.0        , 8696.0       , 606.0               , 36650.0            , 2519.0              , 25114.0            , 1.08             , 3.02            , 1.33             , 2.89
RAMECHHAP      , RAMECHHAP      ,2023, 2079/80, Bagmati Province      ,0.0252245416431346,-0.1283278639186446,0.1428363807903906,-0.0766225602806401,-0.0540719275511499,-0.0327091547083262,-0.0751553970903051,0.1444155925688504,-0.0037881816871371,0.0638604017089646,0.1235867443110699,0.0138823524583918,-0.2137117491092708,-0.0736877498387272,0.0041850892299797,-0.0130037305714926,-0.0851270627455909,0.0548347615097868,-0.1286633764219901,-0.172288882975484,-0.111633628871465,0.1089687959137926,0.120826498493541,-0.1206660789542608,0.0471462386039997,-0.0512576678076635,0.0005803466856401,-0.0027200203744904,-0.1114888454175096,0.0431026562784488,0.0218667964021868,0.1370995238634872,0.0547516439282447,0.0821033354068918,-0.1382463160399863,-0.0749471299680112,-0.0766366056000205,-0.0812836936715701,-0.0121447595712519,-0.0552237034063329,0.0393186022666114,0.0739852665515815,-0.1597335048762714,0.1360763879522687,0.0407119437058199,0.1563862574278401,0.0002100009977935,0.2176570811515125,-0.0557488239405304,-0.0336375490277532,0.0397174999382646,0.0166650308451762,0.1074480682537223,0.0792645710190656,0.0893034096398726,-0.1570128969620556,-0.0182699676640856,-0.1020059042559037,-0.1123349504559432,-0.238627865205068,0.0502573030167773,-0.0063751368153874,-0.0228934206198041,-0.0629532419887121, 63.0          , 22166.0      , 4884.0        , 3674.0       , 85.0                , 65168.0            , 5470.0              , 8560.0             , 1.35             , 2.94            , 1.12             , 2.33
RASUWA         , RASUWA         ,2023, 2079/80, Bagmati Province      ,0.0017889254626584,-0.1817433626701062,0.0476868885410082,-0.0652061413510777,-0.1020347795171754,0.0074311055363269,0.0181710100684939,0.0783424753134171,0.009114306690273,0.1011580545729958,0.1416721302823954,-0.000888607377065,-0.0732241779915502,-0.0407885191304905,-0.0749291829098895,-0.0575868581040201,-0.0586384762313172,0.0710887234483527,-0.1167765236361519,-0.1708971252452096,0.0275546220014931,-0.0003822427660517,0.1091646499714317,-0.0682674271325809,0.0272637213309322,-0.0892192863558138,-0.0410712239971649,0.0128377213748573,-0.0655305748352012,0.0030418365990406,-0.0059783194553509,0.1541665426983599,-0.034185890324102,0.0557114986162456,-0.123900584065644,-0.1521207310782386,-0.0772626283508215,-0.1000091121734794,-0.0188594203509226,-0.0860395880130652,0.0337713062488906,0.0692211056521586,-0.1375322175105464,0.015810356642039,0.007254651681379,0.1721500589038102,-0.0460455891697513,0.2013073806884499,-0.0656466635728488,0.028176568746222,-0.0346340405608466,0.0072874042542938,0.0677639859000354,0.1319753779297596,0.1708878932469804,-0.1304693955550538,-0.0881188318101542,-0.1478929644893943,-0.1454951388705899,-0.1847855743624291,-0.0285449320333274,0.1091707476142137,-0.0904612269898458,-0.0590156019144424, 243.0         , 2524.0       , 895.0         , 759.0        , 331.0               , 6374.0             , 1012.0              , 1230.0             , 1.36             , 2.53            , 1.13             , 1.62
RAUTAHAT       , RAUTAHAT       ,2023, 2079/80, Madhesh Province      ,0.0152990482050241,-0.0825457282799636,0.1374748866882591,-0.0193489806598916,-0.0052955176848096,0.0802666287241199,-0.049923639820664,0.0954285111333942,-0.1037810741400735,0.1184878846798875,0.1830714491401081,0.1161419783116545,-0.3214449856540113,0.0299203301511412,0.0313862857045239,0.1383420039026941,-0.1418227393934636,-0.0546733531239931,-0.1128263728986237,-0.1611586423288986,-0.240923383245973,0.3217542117514919,0.0774471677881642,-0.0538043042062925,0.0228116731414231,0.1295607188301904,0.0792961698684853,0.0529919798827806,-0.0108238965373576,0.0680004565656024,0.0679980473436009,0.0577426143154446,0.0012459973178093,0.0046852132111283,0.1080638097501,0.1024532678293567,-0.1841887269387488,0.0014351544197584,0.0311956175374398,-0.0353951698293777,0.0846888497217493,0.0944298240722679,-0.1094243337785827,0.2282028726666442,0.0271012532008515,0.1241886742785715,0.0926662077221221,0.0956846154741171,-0.1135300582821497,0.0291002454177868,-0.0296201143865031,0.0984441023629725,0.0295629832568451,-0.1064215435153258,0.1773970023287656,-0.1690470966062107,-0.0728987351438272,-0.0159380294513234,-0.0708791233938177,-0.1198213857158828,0.0444435229852132,-0.1001397370352197,0.0765936829897674,0.0463532267244643, 3.0           , 3513.0       , 70.0          , 15900.0      , 3.0                 , 12821.0            , 60.0                , 57000.0            , 1.17             , 3.65            , 0.86             , 3.58
ROLPA          , ROLPA          ,2023, 2079/80, Lumbini Province      ,0.0644628905632319,-0.1075262619313249,0.1701948742130211,-0.0770128267794231,-0.0509846739905794,-0.0675466922119097,-0.1166557857387013,0.1959612974515373,-0.0120178356842202,0.0428640623022573,0.0726805542617954,0.0287555795184693,-0.240610483355607,-0.0326342323575333,0.0316411294440936,-0.0220079856749758,-0.0964896560710172,0.0763980435418286,-0.1209160048047223,-0.1656824160004396,-0.0643195162201792,0.0190608461330689,0.1657195150250981,-0.1283944248824642,0.0498943945028269,-0.0781426150051702,-0.013056225076789,-0.0180428334401189,-0.0742142790179069,0.0333150605388998,0.0580804323095441,0.1504621523134495,0.076146245267544,0.0892749725256526,-0.1543719281705819,-0.0499672660313653,-0.0656392986714489,-0.0490348846012162,0.0165964726946455,-0.0558929884082844,0.0132072254374606,0.0462645761741119,-0.1477518951184277,0.1108647266884909,0.0560158546185891,0.157917611077687,-0.0509663028896736,0.255641716128255,-0.0087455312794077,-0.0116878286388996,0.0440322577164863,-0.0419164794897717,0.0706129220477528,0.097539283151199,0.0836923346769507,-0.1523323739221219,-0.065062492415583,-0.0839954003035351,-0.1419326031654039,-0.2307965320090996,0.1090288174646184,-0.0060017808837788,-0.0316664339371138,-0.0837240010217535, 546.0         , 12735.0      , 1235.0        , 8598.0       , 640.0               , 38842.0            , 1535.0              , 22219.0            , 1.17             , 3.05            , 1.24             , 2.58
RUKUMEAST      , RUKUMEAST      ,2023, 2079/80, Lumbini Province      ,0.0145096330505659,-0.1749466748021218,0.1026895080753321,-0.0972855097407531,-0.1166026653108851,-0.0260970241914804,-0.0245425972621329,0.1427053103743171,0.0095912144339639,0.0730572846848294,0.0941525809286854,-0.0162851296888387,-0.1029249727474797,-0.0430955974947009,-0.0366062043203203,-0.0361341509598463,-0.1165401270255667,0.09132530202162,-0.1313741372804882,-0.1645554543850771,0.0313562632785397,-0.0222953947944433,0.1395623288053174,-0.0799381448075744,0.0348458853641143,-0.1101129906015837,-0.0427019822520866,0.0041855187333395,-0.0558998877669901,0.0180476494751947,0.0257888361050369,0.1575512081007446,-0.0067106780761354,0.0959608643522099,-0.1422841858239,-0.1154577108699026,-0.0468138110849529,-0.0742784904515755,0.0061201857225423,-0.098666939443581,-7.471348658142758e-05,0.0641445884452956,-0.1460163922383463,-0.0054497748741392,0.0277010462273103,0.1657786104614478,-0.0264603039042686,0.1984026765422349,-0.0526446567786499,0.0086462025035196,0.0016601364284638,-0.0229161352266498,0.038863706425284,0.1544282254269115,0.1326740146679475,-0.1033059304350976,-0.0998312107178497,-0.1377841533980234,-0.1649017084678873,-0.1643459640871492,0.0133157088636414,0.0782038584499791,-0.0852565341077363,-0.0714075731858469, 448.0         , 5050.0       , 576.0         , 3250.0       , 672.0               , 14635.0            , 756.0               , 8775.0             , 1.5              , 2.9             , 1.31             , 2.7
RUKUMWEST      , RUKUMWEST      ,2023, 2079/80, Karnali Province      ,0.0544775022562781,-0.1490794870709431,0.1468447051849681,-0.0916069841693793,-0.0720422122165328,-0.0539287820362051,-0.0751740364608183,0.19214880085772,-0.0089013664396907,0.0486388639657473,0.0834705843629905,0.0189065982397172,-0.1847953555647991,-0.043463889788544,0.0325021406162677,-0.0340126164885676,-0.0710576098966581,0.0881696205428138,-0.1301324293537431,-0.1730979781136889,-0.0178854108710624,-0.0100300184584738,0.134816489820713,-0.0967884900898166,0.0596767153090743,-0.0893628004619125,-0.0313522738130831,-0.0127637853352479,-0.0427930157788938,0.0333811309922048,0.0282563120223179,0.1351366047993377,0.0557009048480992,0.0991072615067149,-0.1546847618871156,-0.0850290098566975,-0.0417589365524195,-0.0424978719282978,0.0165847361474327,-0.0719480145693052,0.0206799640144069,0.0442891760640884,-0.1226322804447704,0.0491489035162197,0.0503236761294336,0.1663958541530937,-0.042177004394613,0.2543073971031507,-0.0029140336649401,0.0123385557437047,0.0181180607195563,-0.0283517120044364,0.0571050819718569,0.1203198038661878,0.1185398042756648,-0.1026378562962678,-0.0900628598030522,-0.1177753520662609,-0.131810353519702,-0.1798923048288873,0.096044647670128,0.0354502878224254,-0.0140075432065928,-0.0666863972775494, 413.0         , 9913.0       , 466.0         , 9085.0       , 518.0               , 19959.0            , 633.0               , 21713.0            , 1.25             , 2.01            , 1.36             , 2.39
RUPANDEHI      , RUPANDEHI      ,2023, 2079/80, Lumbini Province      ,0.0161795226458761,-0.0396301422878778,0.1586762147996451,-0.0006971031076226,0.0251135489596953,0.1075277020503804,-0.0436778833935383,0.0787206999838052,-0.0909624580802747,0.1106980344515232,0.1496744677245225,0.1256216776616147,-0.3111850952078572,0.0607596514463224,0.0357314197519764,0.1513084663061261,-0.1029591091156486,-0.0371184840647857,-0.1382859096789768,-0.1615076263357998,-0.2370372200048629,0.2974487436636778,0.0883418258276468,-0.044133358365683,0.0110905776792002,0.1039108984873158,0.0732320977934208,0.054343536842358,0.019725927397793,0.079878766871874,0.0952318210886352,0.0606370054076552,-0.0202697853028127,0.0030457502403121,0.0830642077489541,0.0848205418769774,-0.1892817607425382,0.0256567549764751,0.0481601400515617,0.0137714923685906,0.0936966870175857,0.088422301518352,-0.1096436587622979,0.2307909944608885,0.0422357955157286,0.1193494116490461,0.0937808280573383,0.0685109345235055,-0.1236159221477646,0.0102473401926377,-0.0350954710920825,0.0825062756214858,-0.008761798536285,-0.114565965460341,0.2051955420853813,-0.181250706668171,-0.0522374368448245,-0.0125195136566847,-0.0944570442324287,-0.1569705752704397,0.023417823192148,-0.1197496784269085,0.0721163297821208,0.0447960856882685, 70.0          , 2600.0       , 38.0          , 26702.0      , 138.5               , 10214.0            , 44.0                , 105695.0           , 1.98             , 3.93            , 1.16             , 3.96
SALYAN         , SALYAN         ,2023, 2079/80, Karnali Province      ,0.0853110320504442,-0.1015412970799342,0.168140403581869,-0.090304434593971,-0.0327599571139645,-0.0433669092524582,-0.1285994448116911,0.1964190985920085,-0.0305968943042411,0.0318097187756622,0.1126518592985286,0.0716334748491453,-0.2754313930366993,-0.0390384589937677,0.0777950420201529,0.0266824157267196,-0.0807444716572235,0.0485028037991415,-0.0995508210811039,-0.1752293811984764,-0.1326539024104518,0.0794097575635953,0.1789905000342416,-0.1547124924860747,0.0308863691829432,-0.0318383094369242,-0.0135358874403388,0.0085575223558878,-0.0609939080456075,0.0650446237712217,0.0760849885780827,0.1394658834365259,0.1109358764584591,0.0931277148534672,-0.1279484361571716,-0.0026470539994436,-0.0836813678111706,-0.0310861450394187,0.0101283087616726,-0.0343172333528321,0.0400387882080814,0.0701809350399045,-0.1271115541650226,0.1767892497481872,0.073252060695716,0.149385115708145,-0.0261093949546545,0.2387752262306412,-0.0371534891330951,-0.0440593136177288,0.0460434948991655,-0.005584925493552,0.084117771366651,0.0688438066251817,0.0926834897887568,-0.1685945637575595,-0.0580144089220421,-0.0615211562807829,-0.0869061135293735,-0.2241506698043172,0.1426845173449881,-0.0507201180543426,0.0148826006790414,-0.0680297714967495, 479.0         , 17650.0      , 1031.0        , 13125.0      , 1275.0              , 53825.0            , 1205.0              , 28528.0            , 1.7              , 3.05            , 1.17             , 2.17
SANKHUWASABHA  , SANKHUWASABHA  ,2023, 2079/80, Koshi Province        ,0.0322574480696695,-0.1453299889610629,0.093733289791504,-0.0778928226791998,-0.0562045738877648,-0.0223715298675985,-0.044371693460821,0.095793708646743,0.0406390739720486,0.1201488187921449,0.1219943681876649,0.0258497330156015,-0.1320690132379829,-0.0391068910260118,-0.055194684273546,-0.0271796840743212,-0.0567274079169853,0.0322906219265462,-0.1062686854935195,-0.1731524362081562,-0.0393265010538178,0.075405256532543,0.0907985956319765,-0.0889881502319331,0.017668537113843,-0.0929324857051843,-0.0313690057390683,-0.0145915200247335,-0.0933772247782629,-0.0056196248003026,-0.0044735562649721,0.1216356467182056,-0.0049047636592908,0.0694709707192867,-0.1272957959644955,-0.106698308589363,-0.08172084020739,-0.0995740663062771,-0.0522062914940231,-0.0782482464730558,0.0453353020801418,0.1045601833987019,-0.1337630227697183,0.0990905922953051,-0.0272201117802705,0.1758688060199101,-0.0153902655018689,0.2136077419422505,-0.0443967530359295,0.0204332734960814,-0.0296981694251317,-0.034142406514324,0.1020899503288722,0.1329484284851199,0.1426777974566181,-0.1703908448151526,-0.044292436170417,-0.1426699318105013,-0.1316718698474056,-0.223765985938105,0.0219759300021808,0.0741878031478893,-0.0514591339102027,-0.0521243495341606, 13.0          , 12455.0      , 6666.0        , 715.0        , 16.0                , 31138.0            , 8666.0              , 1650.0             , 1.3              , 2.5             , 1.3              , 2.31
SAPTARI        , SAPTARI        ,2023, 2079/80, Madhesh Province      ,0.0100187785010756,-0.0779145124139763,0.1374184698084342,-0.0337521741933173,-0.0312716338932275,0.086464583625207,-0.0428032204771045,0.077115110312903,-0.0846049951497561,0.1274734854507989,0.1901290660142498,0.09120169579652,-0.3171043265002103,-0.0162956616409687,0.0420829301479306,0.1698896811265103,-0.154624225643169,-0.0568969991580013,-0.1228322075526447,-0.1387815506197401,-0.2482120175180701,0.3332202440555485,0.0438077540274403,-0.0473511006389984,0.0355258609075597,0.1120685777127469,0.1002220648738227,0.0394697102729864,-0.0469310720852269,0.0621363154625817,0.0582368746653774,0.056841148130643,-0.0132984723011048,-0.0049775647184344,0.0837403097744757,0.1147866789451982,-0.1817193976426968,-0.0081880537712858,0.0345160517224684,-0.0086826006135233,0.0755732033905833,0.1145632444063546,-0.1144246973866153,0.2356312532272053,0.0096221286545131,0.1399855781751665,0.0895773322791839,0.1018808385104199,-0.0831168891124944,0.0059438921011433,0.0050738726663612,0.1255495337711199,0.0553013404642892,-0.0874279329983766,0.1411782279143111,-0.17175184921668,-0.0499647132657628,-0.0394889102320784,-0.046511825776076,-0.1570227964128599,0.0238609595418202,-0.0932594483520189,0.0616655956407419,0.0559989257697999, 59.0          , 6589.0       , 210.0         , 19400.0      , 59.0                , 23211.0            , 273.0               , 70500.0            , 1.0              , 3.52            , 1.3              , 3.63
SARLAHI        , SARLAHI        ,2023, 2079/80, Madhesh Province      ,0.011940636541886,-0.0801401693631523,0.1408438056366457,-0.0222286797954222,-0.0172958199541706,0.0780556932185631,-0.0594662110729504,0.104294118033815,-0.1079666412634598,0.1163771445123488,0.1852412855660762,0.1045406033508792,-0.3204672808695772,0.0114330941393457,0.0270240504719911,0.1423229433033148,-0.1500976332209524,-0.0535472713669569,-0.1080066303345625,-0.1423073782073341,-0.2566790782805583,0.3266841340188923,0.0778045353440781,-0.0687925505192084,0.0356919369261304,0.1396997825314156,0.0794277910188562,0.0432581199160151,-0.02646838051558,0.0693638589917816,0.0558260183196975,0.0578507504813792,0.0039901778913608,0.0160170285037588,0.0976009926921245,0.099247752209206,-0.1778038818473312,-0.0054544663475783,0.0212494005577438,-0.0370560904678446,0.0826960206272649,0.1033035247880818,-0.1134412074016944,0.242170943032415,0.0222500427134458,0.1409598856754412,0.0948733194269425,0.1079602652898819,-0.0971020916753706,0.0221297093008029,-0.0174596362279554,0.1067915680797407,0.0568315489688812,-0.0881222275707482,0.1566963060665584,-0.1798097845423344,-0.0736694895365176,-0.0306281383869811,-0.052665670332146,-0.1296252861790193,0.0444927498652941,-0.1011151561818439,0.0778075928291191,0.039503300383245, 26.0          , 10205.0      , 835.0         , 23367.0      , 29.0                , 35831.0            , 1670.0              , 78279.0            , 1.12             , 3.51            , 2.0              , 3.35
SINDHULI       , SINDHULI       ,2023, 2079/80, Bagmati Province      ,0.0645064572903491,-0.0859543563405473,0.1532433182859706,-0.0460748506280577,-0.009809336612026,-0.0179657900264787,-0.1301625157947468,0.1714270350091007,-0.0243374666899957,0.0699091137757682,0.1478062439652828,0.0968425150444734,-0.3100750443833228,-0.046908869319351,0.0035156564462122,0.0846477284182466,-0.0546113637087159,0.0032475115236201,-0.0971042181558688,-0.1247707868224721,-0.1903705723866165,0.2224720949624105,0.1322224817029932,-0.1288853527771655,0.0491144590612251,-0.0058692609912275,0.0462601855247124,0.0030340346222066,-0.1107205897372024,0.0579512203500993,0.0451744545632162,0.1113323124247637,0.0723756436267774,0.0433708386043245,-0.0661140331938587,-0.0023018201316525,-0.1533951291916417,-0.0574586969025799,-0.0203037992022598,-0.0665152367071152,0.0592372588135143,0.0835093993947781,-0.0921603429594518,0.2709128793706514,0.0438684185174792,0.1523332804342824,0.012119341252748,0.2231535677176234,-0.0426628569935456,-0.014152822085234,0.0159365999422122,0.0012120784658517,0.1215870738378367,0.001038399248574,0.1075913132141263,-0.1707309778152614,-0.0311940882864309,-0.0722338129628843,-0.0383661650675591,-0.1865693343790205,0.1048892155746642,-0.0647563938182593,0.0506427216873027,-0.0291112770999403, 36.0          , 24924.0      , 12065.0       , 5083.0       , 58.0                , 81981.0            , 12371.0             , 13712.0            , 1.61             , 3.29            , 1.03             , 2.7
SINDHUPALCHOK  , SINDHUPALCHOK  ,2023, 2079/80, Bagmati Province      ,0.0213538167768739,-0.1538971105704716,0.1256234530384574,-0.0800706054407036,-0.0555446735101897,-0.03023072574682,-0.0449840271031486,0.123264814804322,0.0183876766036314,0.1002705020251195,0.1153153866136015,0.0044495010920562,-0.1757137393865412,-0.0405936005648213,-0.0152254380403639,-0.0398061444359865,-0.0952818174336885,0.0517762120173768,-0.1264894441060132,-0.1761828098927753,-0.0597003968795913,0.0772573794656036,0.1196326610822394,-0.1072713228021778,0.0365638692487359,-0.0759670198323185,-0.0234046480914478,-0.0122746251212831,-0.1083972682783464,0.002270979828606,0.014480322810461,0.1410730038361698,0.0103556201571149,0.0633776884131294,-0.1212134118972831,-0.0950091039848066,-0.0770207753161354,-0.0749888286446803,-0.0198406763059189,-0.0731103915065395,0.0337129284241525,0.073626971515792,-0.1663746686795475,0.1174169117207738,0.0179439352002537,0.1660847292096681,-0.0155139268632843,0.2299885528517309,-0.0479815222172959,0.001899624218772,0.0056395969474767,0.000666307034979,0.1000391924123231,0.1013631534017736,0.1226677514687457,-0.1665019076725988,-0.0509962974311869,-0.118125291375668,-0.1496151894587626,-0.2215772271242575,0.0387366274458101,0.0412290003807002,-0.0487023488287416,-0.0771351670072275, 165.0         , 26298.0      , 17550.0       , 6898.0       , 155.0               , 78894.0            , 23693.0             , 11175.0            , 0.94             , 3.0             , 1.35             , 1.62
SIRAHA         , SIRAHA         ,2023, 2079/80, Madhesh Province      ,0.014092220507953,-0.0633348071535224,0.1431669605103771,-0.0300652103283189,-0.0301198458759145,0.0878210340594347,-0.0534563478148535,0.0927336206025263,-0.1023463110260084,0.1070920149317557,0.1891246501531299,0.0884390102648297,-0.3318759142097099,0.0037939060063042,0.0322961253365441,0.1665595614692219,-0.1420670038085699,-0.0348763693676926,-0.1293687891561595,-0.1401264869598654,-0.2733055889868569,0.3400934154078396,0.0666860645155663,-0.0621250690301091,0.0338328887868877,0.1248896607280282,0.1096365697453749,0.0441393907238313,-0.0478768368537031,0.0792379407198999,0.0588239975366478,0.0546367021916967,0.0047751934774551,0.0029700445749764,0.0838087307724863,0.0989953210444633,-0.1803215529470229,-0.0003954861710512,0.0262353690991408,-0.0118125185844535,0.0800869541105419,0.1119380271156076,-0.1119934960532275,0.2460178289836122,0.0050398675283858,0.1509135740736293,0.0954748069833646,0.0890748766138869,-0.0952352865184807,0.004305812997117,-0.0004279234769201,0.1199522899806927,0.064416049134927,-0.0846717375331848,0.1421592982697159,-0.1705508462052661,-0.0488076280411316,-0.033776043417747,-0.0430751970311337,-0.1572403830396712,0.030884209634109,-0.097762344385461,0.0711921056618279,0.0508357540238112, 10.0          , 3755.0       , 645.0         , 14230.0      , 12.0                , 14007.0            , 696.0               , 52800.0            , 1.2              , 3.73            , 1.08             , 3.71
SOLUKHUMBU     , SOLUKHUMBU     ,2023, 2079/80, Koshi Province        ,-0.0028347711035685,-0.160954847468147,0.0319583875655111,-0.0684529883130189,-0.1098415097494775,0.0057187069868768,0.0175694477486703,0.0519407517684038,0.0062685674231966,0.1028818810444381,0.154851560203809,0.002099520203363,-0.0589794306887766,-0.0596144393906489,-0.0907923738961505,-0.0505395542276665,-0.0517660500486022,0.0629845790382889,-0.0880538986347395,-0.1977510635367904,0.0078992121062017,0.0184086813790522,0.096338182745717,-0.0767106233054091,0.0037753727109283,-0.1014291697537708,-0.0397439060361284,0.0265258632298445,-0.0684269559838004,0.0110417209339926,-0.0017023901803706,0.1443514414770192,-0.0355594463539884,0.0713353419923286,-0.1399106725369137,-0.1460821117092488,-0.1002130355636969,-0.126511316491754,-0.0444348325172791,-0.087757037589235,0.0600951213249686,0.0878965003856059,-0.1308944483092118,0.03258366441629,-0.0058965595472061,0.1666839712422214,-0.0323183448446238,0.1698231017340565,-0.0722374267006694,0.0097446547108308,-0.030385659564823,0.0039971138389112,0.0740967598348671,0.1293212362327671,0.149806511908102,-0.1585737334932485,-0.0686545359297079,-0.1395160524562995,-0.1300626970614772,-0.2335195638779547,-0.0415262844895992,0.0983867816394702,-0.1311194932540594,-0.0549884033961345, 165.0         , 13770.0      , 2105.0        , 2665.0       , 178.0               , 33187.0            , 2800.0              , 5306.0             , 1.08             , 2.41            , 1.33             , 1.99
SUNSARI        , SUNSARI        ,2023, 2079/80, Koshi Province        ,0.0159461456572397,-0.0945162463269857,0.1570856284095995,-0.0556067422561579,-0.0347731038904437,0.0701887600843517,-0.0394491369564511,0.0692745841558134,-0.0810213179122165,0.1344755937682497,0.1863390720417884,0.0935545527348572,-0.292494215925653,-0.0382457020111592,0.0338736639057549,0.1582482865064913,-0.144112106342502,-0.0755404097125097,-0.1115851686251033,-0.1181268229754719,-0.2290811432479281,0.3279624642469351,0.0489744495899315,-0.0443787818267145,0.0391938099497119,0.1000843792522063,0.0760087549448026,0.0357390635140338,-0.0511479293975514,0.0588614957022552,0.048131954491734,0.0466118292104675,-0.0184136203604666,-0.0044942455737217,0.0901000698835448,0.0895581146849265,-0.1793231162992575,-0.0278113266110444,0.0265341950581271,-0.0335284066922573,0.0712514738205811,0.1103392793094002,-0.1066326345299015,0.2615309131072106,0.0231868941181169,0.134588631080421,0.0703784147592167,0.1304383601855874,-0.0640950651586791,0.01868245755009,0.0056305235309006,0.107106721660661,0.0764500978993084,-0.0796617713170068,0.1385302625719357,-0.169712740841827,-0.0389073393157849,-0.06275554946355,-0.0605523251875473,-0.1535759098682844,0.0244925587628343,-0.0911947363133187,0.0498917545811786,0.0510714293616309, N/A           , 9674.0       , 457.0         , 12127.0      , N/A                 , 45701.0            , 562.0               , 41195.0            , N/A              , 4.72            , 1.23             , 3.4
SURKHET        , SURKHET        ,2023, 2079/80, Karnali Province      ,0.0872168091440469,-0.0834147633442727,0.1581469111655618,-0.0701076313097358,-0.0078181646836797,-0.0382069705627799,-0.1192946987044892,0.188375314359846,-0.0355855576488615,0.0333869565514382,0.1327089332334668,0.0965718494174862,-0.2941637103499445,-0.0451396392029661,0.0634006072628809,0.049788004301693,-0.071470572696282,0.0327208032678675,-0.0837074217815265,-0.1588566612051313,-0.1679500753339227,0.1629089049385819,0.1822777524391987,-0.1354565543541431,0.0223096302225331,-0.019842974776946,-0.0008212764408264,0.0215088169925506,-0.0527100103294426,0.0522817694778954,0.0779931244465571,0.1348796545594868,0.1116837795292959,0.0758898297850729,-0.081102452215481,0.0033223169649372,-0.099718467644256,-0.0277756086407584,-0.0073214320751776,-0.0617115096586841,0.0546972767630075,0.0623526547270023,-0.1045254527242447,0.2232978897373927,0.0856623578664086,0.1620749828121773,0.0103296132834189,0.2002711915164332,-0.0422488873791063,-0.0252103821216589,-0.0002186477566661,-0.0032539865110885,0.0780287187523428,0.0386724540574565,0.1083554149203471,-0.1711008967543268,-0.0616435681168282,-0.0536792309735489,-0.0625970388822287,-0.2111854973992662,0.150855961933236,-0.0718236550033243,0.0400881114502272,-0.0541979983558481, 631.0         , 15252.0      , 1842.0        , 12192.0      , 998.0               , 46036.0            , 3002.0              , 35370.0            , 1.58             , 3.02            , 1.63             , 2.9
SYANGJA        , SYANGJA        ,2023, 2079/80, Gandaki Province      ,0.0456914796444687,-0.0829453293297209,0.1827697537025809,-0.0517079155750249,0.0032069649222218,-0.0474066325112273,-0.168114953727433,0.1880592915623759,-0.0038655796185189,0.0626620873381396,0.0692961728888871,0.039598462942867,-0.2990929532598128,-0.0457971186460744,0.0165892674987689,-0.0107695351699396,-0.0920052778044869,0.0559636768286498,-0.1324627896247617,-0.1243508304590823,-0.2033301789057102,0.1705643688331693,0.1208051744750174,-0.1261859441722756,0.051593628544186,-0.0241595921787342,0.0276094108721252,-0.0234582270622016,-0.0990245648627929,0.0414016297254056,0.0424102984735264,0.1788074368885907,0.0725146206049964,0.0476039537329693,-0.1109858099537758,-0.0307161989320709,-0.1087943960791501,-0.0280270608915716,-0.0049130032027795,-0.0115120647993058,0.0486329597437369,0.0772325835060406,-0.136680137417515,0.2192764895855536,0.0711316391745109,0.1649470439993788,0.0096685780036392,0.2241341076912124,-0.0164126336633457,0.0074557367433341,0.0491718404426039,-0.0020178951264123,0.1079178481540326,0.029841093884306,0.1116187155936212,-0.1854088323921522,-0.0675141656441117,-0.0931434162126773,-0.1093341408573532,-0.171010976503236,0.0720690054622931,-0.0619597600233486,0.0351484582227979,-0.0725293753153071, 6.0           , 20800.0      , 11075.0       , 4175.0       , 6.0                 , 68432.0            , 13622.0             , 12024.0            , 1.0              , 3.29            , 1.23             , 2.88
TANAHU         , TANAHU         ,2023, 2079/80, Gandaki Province      ,0.0472825419775847,-0.0884905438837747,0.1583171376676682,-0.0335710212218914,0.0218377463971112,-0.0319982587456401,-0.1828789321228843,0.2043401577301998,-0.0209907420957966,0.0797770800771293,0.087409689178317,0.0781706900960614,-0.305708903642978,-0.0468448960214709,-0.0021702518213602,0.0115286305153472,-0.0823033790210167,0.02872264887925,-0.1335395216571152,-0.0996062101777383,-0.2108168590175425,0.2023586551959898,0.1027286855516752,-0.1000956043582692,0.0445201787065144,0.009786548302497,0.0257242721233709,-0.0300406341163233,-0.0658749348221733,0.0362396983206546,0.0338522279563338,0.1673989024429845,0.0702207770789153,0.0425488639552383,-0.0532382399962503,-0.0163031505436371,-0.1304067471231597,-0.0344932918176686,0.005502962474152,-0.0214221963141921,0.0465442643875561,0.0834910804287708,-0.1015461323805737,0.2446106812475388,0.0676591736599116,0.1693408377646451,0.0233650333121254,0.2402676787779527,-0.0241385702458836,0.0222856353177118,0.0351316099079533,0.0065530107102643,0.1180399872607096,0.0069789308095769,0.1208569205423749,-0.1788069369520851,-0.0784316585423546,-0.0921208682757527,-0.0949415716363505,-0.1142834700768313,0.064063344296685,-0.0797056150261594,0.0731126015100056,-0.0680210153737611, 4.0           , 19200.0      , 6105.0        , 1200.0       , 5.0                 , 62976.0            , 7021.0              , 3012.0             , 1.18             , 3.28            , 1.15             , 2.51
TAPLEJUNG      , TAPLEJUNG      ,2023, 2079/80, Koshi Province        ,0.0049765882590942,-0.1660443696274142,0.0512676838847398,-0.0788727670965257,-0.0869239544316134,0.0024194502334183,0.0095119638752336,0.0511269279828346,0.0199492246956177,0.1115713639274482,0.1419648033448941,0.0104535278900915,-0.0782897161152796,-0.0545383604767989,-0.0747216172009779,-0.0430044867643704,-0.0555519758407544,0.0474737197873383,-0.0934095599360302,-0.1833029367055108,0.0038083395384199,0.0420171588557185,0.0868250437828612,-0.0789252621215641,0.0089183132724611,-0.100022475941521,-0.0457126693506796,0.0131811909858624,-0.0973657255351817,-0.0026806143472732,-0.0114277898628406,0.1438652904067812,-0.0345758460696032,0.057918705414658,-0.1395515890630795,-0.14256830390484,-0.0860170599888042,-0.1228995646797905,-0.0598001406067165,-0.0828868901965087,0.0673579909902581,0.1013091121662081,-0.1366730863591482,0.0472740942973559,-0.0194047345499481,0.1724880887557236,-0.0290865088306299,0.1842714897758787,-0.0591332384657287,0.0230175976270023,-0.0424409309050715,-0.0116097151629553,0.085677900982412,0.1343657960326046,0.1620506616415969,-0.1600701163904448,-0.0575990907631385,-0.1567276472741522,-0.1337056663292744,-0.2236651141931715,-0.012846839097079,0.1006926637131671,-0.0998340188088706,-0.0460246227849539, 266.0         , 11210.0      , 2966.0        , 1537.0       , 372.0               , 39908.0            , 4270.0              , 2875.0             , 1.4              , 3.56            , 1.44             , 1.87
TERHATHUM      , TERHATHUM      ,2023, 2079/80, Koshi Province        ,0.0468339317076884,-0.0998544209784684,0.1889619827514901,-0.0928658340254917,-0.0285459860137413,-0.034603041783661,-0.1340451986265942,0.1278212247915077,0.0076927529236501,0.0761388056832297,0.1133613555065959,0.0341527020357449,-0.2500372325119943,-0.0769656507899932,0.0200437795076901,0.012342259255889,-0.0948867835531859,0.0094799920357898,-0.101792467259197,-0.1349207436650557,-0.1805127626774138,0.202665145800319,0.1171280345760556,-0.1324607443397268,0.0258180029794561,-0.0515429798422955,0.0200529377034648,-0.022020914630261,-0.1339144003307874,0.0204618856846118,0.0241223005184752,0.1190168867354591,0.0593331163143883,0.0602066049743206,-0.1057639903190367,-0.0281371557213987,-0.0744966541313466,-0.0918139961534836,-0.0711904248813962,-0.0357974871839065,0.0476067275038506,0.1117873364595534,-0.1629806018595202,0.2247046566486957,0.0026630762682452,0.1731741128738602,0.0188981345872605,0.1792550556515265,-0.0584181710714807,-0.0346714437752073,0.0225217039137089,0.0044267878986786,0.1584871750981916,0.0807792121380117,0.0686194370102793,-0.1963579264444564,0.0020401262890549,-0.1053972379512,-0.1218292394143452,-0.2882951172315415,0.0693572282112166,-0.0321216880715078,-0.0036016994962794,-0.0678481866767827, 52.0          , 12907.0      , 2123.0        , 2399.0       , 61.0                , 30977.0            , 2548.0              , 4796.0             , 1.18             , 2.4             , 1.2              , 2.0
UDAYAPUR       , UDAYAPUR       ,2023, 2079/80, Koshi Province        ,0.0654080098647194,-0.0730748557223579,0.1541091569875031,-0.0457901654954276,-0.0252378540046495,-0.0024889911012171,-0.1313526802536427,0.1623541586999836,-0.0290463926018962,0.0766837251490247,0.1525527929799842,0.1027155972541359,-0.3086024837749286,-0.0506360017487091,0.0019860369661081,0.1079433145903259,-0.053637402472548,-0.015731028430688,-0.0951837780318004,-0.1070676870656227,-0.2039401618950994,0.2575422831015578,0.1270277035271549,-0.1177787975642744,0.0468445737921846,0.0078338865418157,0.0670811698252161,0.0075954623147961,-0.0974956466372175,0.0630686776452859,0.0446345606252786,0.1039262404921886,0.0600802799539499,0.0277253502528164,-0.0323919743985695,0.0062371011594392,-0.1577905136623041,-0.0583511987664742,-0.021244233545555,-0.0654198219333705,0.0570494892857772,0.1033210526460593,-0.0822206352896667,0.2887086108684528,0.031189960580661,0.1516230237384203,0.0206948497793459,0.2047510710024974,-0.0358966292100335,-0.0057572152887698,-0.0017874352731035,0.0053490879010952,0.1290478253413756,0.0021918822312402,0.1097089521783293,-0.1750287345621455,-0.024243383794624,-0.0847288884349519,-0.0363035017848082,-0.1832765306489679,0.083704172249132,-0.0732540219063245,0.0512805175999555,-0.0097878739755353, 23.0          , 17842.0      , 2768.0        , 5130.0       , 40.0                , 43891.0            , 5453.0              , 12825.0            , 1.75             , 2.46            , 1.97             , 2.5
ACHHAM         , ACHHAM         ,2024, 2080/81, Sudurpashchim Province,0.0272961300758012,-0.1537227155683235,0.1858931950739835,-0.0936533403098637,-0.0254360963679105,-0.0756393073563632,-0.0883746870613614,0.1941625305668356,-0.0324195689091652,0.0469081200617577,0.0751491966183774,0.0472878741217486,-0.2694582608617504,-0.0414253768135512,0.0761247773662358,-0.0131653725580223,-0.1293468360435436,0.0925608090480678,-0.1182816569365016,-0.1691770779738832,-0.1010794212775544,0.0690776646865997,0.1597420746326416,-0.1250352293533051,0.069810684575302,-0.0340514519115624,-0.0173250123405457,0.024727803535057,-0.1047673125881317,-0.0017993086794459,0.0762258153128064,0.1859603972101199,0.0926739869587651,0.0364057527244032,-0.1250125821440313,-0.0171140517839982,-0.0501644850561766,0.0017257225593375,0.0258483788694679,-0.0707121833584694,0.0211422257801708,-0.0151813164354351,-0.1597775232553298,0.1220435006437193,0.1207490196566951,0.1543668923879933,0.0066322896974182,0.2293327675960141,-0.0222802872872033,0.0240905028522933,0.0699360335527357,0.0188355831289873,0.0660196775094792,0.036384212907432,0.1172143021786733,-0.1035892587582433,-0.108392205148439,-0.0664837274331694,-0.1200072617708365,-0.1657474076380391,0.1519740483384531,-0.017210973249873,0.0022213991147754,-0.1079170790304408, 391.0         , 5354.0       , 3402.0        , 10670.0      , 395.0               , 13171.0            , 4079.0              , 18993.0            , 1.01             , 2.46            , 1.2              , 1.78
ARGHAKHANCHI   , ARGHAKHANCHI   ,2024, 2080/81, Lumbini Province      ,0.0744237857007018,-0.1053678768094446,0.1864944881274495,-0.0549741304643955,-0.0131252747615893,-0.0705995967795795,-0.1322580183332093,0.2025301740602934,-0.024551101621682,0.0621879041037434,0.0810031330110564,0.0795226473753068,-0.3181988688311054,-0.0087734363141599,0.0193210173711078,0.0252282131620206,-0.0756454777534854,0.0857218133504496,-0.1140999567710563,-0.1429928067359095,-0.1601461664351794,0.1337350486947912,0.1977279430430817,-0.1332772831165348,0.0377774835412585,-0.0165506970001681,0.0377364178741113,0.0230697177283059,-0.0915950229145311,0.0694892785488152,0.0883964265979492,0.1765414959637876,0.0978217377843233,0.0302682581700913,-0.0769858040552217,-0.0039898005194864,-0.0982595813172522,0.0033592595242872,0.0495400632961434,-0.0724221125006435,0.0339854033280407,0.0140286152758901,-0.1497801008934204,0.2203407053551559,0.1001198237163963,0.1196493793127153,-0.0261096605749624,0.2343323361193966,-0.0598425329263036,0.0298682292411974,0.0441112990073807,0.0007099295429444,0.0532977582437375,-0.0087771501115309,0.1595952075866466,-0.1534828823991902,-0.0727164495662507,-0.03201582251824,-0.1061516730464012,-0.1667610945028535,0.135559138808481,-0.0594569631936144,0.015387322700154,-0.0475435689575315, 285.0         , 15200.0      , 490.0         , 4665.0       , 330.6               , 53677.0            , 596.0               , 13706.0            , 1.16             , 3.53            , 1.0              , 2.94
BAGLUNG        , BAGLUNG        ,2024, 2080/81, Gandaki Province      ,0.0390420994694566,-0.1579779288604063,0.1663277459018086,-0.0722967158126208,-0.0431458025677839,-0.0671878434247393,-0.0928270744988847,0.1644744948721232,0.0076178549661643,0.0794502964079887,0.0759967413744739,0.0046176714891801,-0.2093040147870359,-0.0217427363749199,0.0063732197312051,-0.0364187796375187,-0.1266148077563934,0.0943581906711181,-0.1297935874337204,-0.1775111289395309,-0.032854957814312,0.0157279107489993,0.1509266548367914,-0.1023283512967506,0.0507333832903985,-0.0830567378206504,0.0116242613372901,-0.0015171486224563,-0.091203803364656,0.0036254068103593,0.0486722862107539,0.1952187833665332,0.0431904342766244,0.0505490153748506,-0.139708069502147,-0.0634857576738839,-0.0424640843809517,-0.0416244737569373,0.0015510349988035,-0.0818798889224735,0.0117602359368224,-0.0099174473183543,-0.1598837068339793,0.0934220601097331,0.0615111317735703,0.1434993549100541,-0.019613623564821,0.2206598919582862,-0.0218157238023773,0.0310434966753256,0.0402198514690963,-0.0401585892431316,0.0567496163726758,0.0841065423441518,0.1115981223856008,-0.1315674094732399,-0.0921458943875729,-0.087656221454197,-0.170868887928333,-0.2034366938233548,0.0860003385785258,0.0284943586581098,-0.0462258956729462,-0.0828483444114127, 95.0          , 15600.0      , 10300.0       , 6000.0       , 141.0               , 54600.0            , 13287.0             , 15082.0            , 1.48             , 3.5             , 1.29             , 2.51
BAITADI        , BAITADI        ,2024, 2080/81, Sudurpashchim Province,0.023129546952438,-0.1843414133862734,0.1836543250343222,-0.1080619501883495,-0.0497351515623901,-0.0645968952885094,-0.1023246941263073,0.1987269008671759,-0.0211094881218173,0.0503459289624427,0.0932808938657405,0.0432852144290989,-0.2705750874871751,-0.0481012914803051,0.0789645593431766,-0.0096452505541872,-0.1377290705943072,0.0722862462447458,-0.1326616832412592,-0.1792756563250275,-0.0904550090204738,0.0464460731167852,0.1512242457877773,-0.1320617813218896,0.0711408904547619,-0.0245967952257922,-0.0221576647568591,0.0323023220990813,-0.0939690216354131,0.0199856151236947,0.0666979610709882,0.175715873421796,0.1007553501654001,0.0532078012885203,-0.1356654137626668,-0.0260824967498702,-0.0461515882020878,-0.0164252762969255,0.043358612067439,-0.0433984138381859,0.010781813097536,0.0054234030426024,-0.1637024458635091,0.1128153217085762,0.1203914851810732,0.1428881806568734,-0.0056432100132864,0.2644939219286851,-0.0401711504457653,-0.0047752191527095,0.0796966679889312,0.0371002051919854,0.0776133603144937,0.0485416386682735,0.1034953485033549,-0.1160588208521513,-0.0935828540912396,-0.0892953156855201,-0.0957802041221507,-0.1401988385605197,0.1205858422464858,0.0026575242832059,0.0140996116140776,-0.0991312925538253, 687.0         , 8700.0       , 315.0         , 12350.0      , 586.0               , 24492.0            , 420.0               , 20378.0            , 0.85             , 2.82            , 1.33             , 1.65
BAJHANG        , BAJHANG        ,2024, 2080/81, Sudurpashchim Province,-0.0301756903495804,-0.193808020076599,0.0777670731269914,-0.0822333048147693,-0.0924172007249474,-0.0079842260794532,0.017641200354542,0.1186873355654534,-0.0369476614281027,0.0972135576450433,0.0820681071541429,0.0101211876675859,-0.1011543092274889,-0.0331363537816197,-0.0515382828508591,-0.0378156503940385,-0.1153345859275315,0.1061761029224918,-0.1251109453062963,-0.1669921161917576,0.0296181078006246,-0.0236532546233707,0.0976532575675176,-0.0924700839180418,0.042739789304252,-0.0707811183305198,-0.0233197855638879,0.0343207327678408,-0.0607730398149383,-0.0108456844870275,0.041701115137294,0.1923337612741801,-0.0045887195511572,0.0528907999838378,-0.1199383770813776,-0.1155028961103696,-0.0411269006031433,-0.0687184834946897,-0.0320591023679344,-0.0686013659855087,0.002852615775115,0.0482062970925508,-0.1343307157238858,-0.0186844832066701,0.0615741025464166,0.162449717175438,-0.0010336093653712,0.1751568920910279,-0.0469890058569886,0.0278843222890538,0.0103467548003758,0.0036286877767944,0.0553130831169806,0.1283199180613047,0.1699555212989254,-0.0809178611530622,-0.1419975143778495,-0.1543804156920588,-0.1331411970510509,-0.1353645071776636,-0.0097302378094568,0.0887888776814408,-0.0969390937525633,-0.0559521020321878, 2440.0        , 4075.0       , 2250.0        , 9365.0       , 3050.0              , 10717.0            , 2903.0              , 20697.0            , 1.25             , 2.63            , 1.29             , 2.21
BAJURA         , BAJURA         ,2024, 2080/81, Sudurpashchim Province,-0.0045812310104967,-0.1888542166432212,0.0964967084148418,-0.0875981887813619,-0.0602034432736112,-0.0322932357530861,-0.0029329785581408,0.1402593275289103,-0.0119933830967192,0.0822838130239144,0.0887054743649518,0.0007032880271462,-0.1506185761753975,-0.0271358648842984,-0.023455872061244,-0.032637883026768,-0.1482664442471165,0.0880616083231176,-0.1260484704608056,-0.1686342878853144,0.0297223191057432,-0.0153126775003004,0.1096731074005973,-0.0958563105222681,0.0558023841254299,-0.0853343529974093,-0.0407905376943696,0.0070510378239656,-0.0773558212659216,-0.0252864321318577,0.0477132132775926,0.1942443178536798,-0.0061196320491677,0.0622967528219646,-0.1340226916189815,-0.0776296234505769,-0.0478020966578105,-0.0334014218559364,-0.0276260770581946,-0.0780414038977605,-0.0197134263550838,0.0268310473763582,-0.1349430159017322,-0.0065958039597636,0.0599190404473167,0.1712545377883552,0.0269171137717605,0.1768636066894631,-0.0315457412992553,0.0204809598027893,0.0233544746655869,-0.0183108601726442,0.0626848829292664,0.1531148182200437,0.1435867725758945,-0.0739016044512343,-0.147021746039906,-0.1340266870173485,-0.1486282851687656,-0.1468512525255725,0.0389314747769128,0.0778007648374042,-0.0628000009875541,-0.074823054373238, 1550.0        , 1120.0       , 2555.0        , 6430.0       , 1829.0              , 2800.0             , 3194.0              , 11896.0            , 1.18             , 2.5             , 1.25             , 1.85
BANKE          , BANKE          ,2024, 2080/81, Lumbini Province      ,0.0304932905238784,-0.1255403748117801,0.1282250030799246,-0.0225185529641107,-0.0046057201074491,0.0017691194415888,-0.0723552178125719,0.1733474199837459,-0.1032996545370926,0.08773892050349,0.1262260976935733,0.1186169309881307,-0.3509711728267631,0.0146872271985657,0.0279989364953551,0.0971729717128277,-0.1318826804332475,0.0288753460105569,-0.0567283200453528,-0.1598338856908689,-0.2044624910315371,0.2585538456783182,0.1982572336424028,-0.0937856137556052,0.0363625550033967,0.0790133896421088,0.0575433253007048,0.0643603099084795,-0.0311194866570885,0.0698174260822417,0.0976309031684317,0.1162407167465704,0.0696807404063239,-0.0311923252613378,0.0538266545781787,0.0828962958091226,-0.1670541099248671,0.0162840335666309,0.0642517093211456,-0.0760880690451909,0.0601357821239694,0.0160058373096491,-0.1333591007813691,0.2285018903489463,0.0728123161451799,0.1096856867829577,0.0365946205925363,0.1219828944027598,-0.1031543228670807,0.0271423530756464,-0.0125572032918349,0.0912713948419326,0.0029398841087897,-0.081076548494346,0.1615169563719689,-0.1286734427022901,-0.106075182494973,0.0414852584646001,-0.0793789107153949,-0.1219394139294431,0.1560405154427806,-0.1005411239046297,0.0611127708001349,0.0101092848142321, 5.0           , 8783.0       , N/A           , 21515.0      , 5.9                 , 32575.0            , N/A                 , 73090.0            , 1.32             , 3.71            , N/A              , 3.4
BARA           , BARA           ,2024, 2080/81, Madhesh Province      ,0.0176115345464154,-0.1332988586719867,0.1472731509280444,-0.0268074811419658,-0.0140696642223145,0.0435044595421815,-0.0617306799754106,0.1257723890733573,-0.080718486644582,0.136961536116567,0.1251458543426675,0.1019474430414993,-0.3155605501097456,0.0206197821034479,0.0247132811114376,0.0728697132292484,-0.1593122511713365,-0.022945943610629,-0.1014253959811794,-0.1166992351976831,-0.2240872401999221,0.2827000097856927,0.0925109474332071,-0.0441498966318604,0.0323916582707617,0.1430043228689535,0.048716400003476,0.0360676074971777,-0.0103716047087388,0.0691136148081888,0.09267949624716,0.0753135355423493,0.0099119065767583,-0.0333132157256807,0.1198174335572117,0.1350571585369297,-0.1789083660834006,0.0211744578021098,0.0873121798874866,-0.0499239456739636,0.0546817091227711,0.0465954669729443,-0.1432054698337521,0.2320386131138362,0.0460909343094644,0.0963708949377203,0.0611707824076944,0.115149593896294,-0.1276403389830104,0.074636173570357,0.0121022228961259,0.1104792394247213,-0.00677802019689,-0.1049807751594581,0.1987377099699968,-0.1288642508959994,-0.1037292205137573,0.0147991292700198,-0.1219696192165648,-0.0680293273952121,0.0736100210525759,-0.1054360612383496,0.0555569340917718,0.0403566951666026, 3.0           , 15050.0      , 5.0           , 30000.0      , 3.0                 , 90055.0            , 5.0                 , 90000.0            , 0.9              , 5.9             , 1.0              , 3.0
BARDIYA        , BARDIYA        ,2024, 2080/81, Lumbini Province      ,0.0221050538280046,-0.1402314734605359,0.1388339744407943,-0.0267146034730576,0.0041031983242576,0.0056322646933615,-0.0671979956354901,0.1645283915170591,-0.0858583764727576,0.1028484627544351,0.1232609444726365,0.1011066759129273,-0.3345017000355396,0.0132204682918964,0.0408893017184176,0.0895923279865631,-0.1482267824402221,0.0157263460445147,-0.0659962185463651,-0.1570295787917737,-0.1828224397515544,0.2559045214248261,0.1765454002331795,-0.0793960089897146,0.0340594909871034,0.0845673777021434,0.0335124272699999,0.060082551125626,-0.0390733245323924,0.0569606480447783,0.100539388018259,0.0988731983350118,0.0517074684795503,-0.0478898909961742,0.0523411529795144,0.0911177222375505,-0.1688936589098102,0.0222729514371653,0.057470738890776,-0.0940277310881271,0.0552797904245147,-0.0016215488089618,-0.1483726218139465,0.2236422194243509,0.0837367197895127,0.1119880259567139,0.0392542704621592,0.1355073028862326,-0.1054330925235744,0.0444141970731112,-0.0082116555617906,0.0904456912787255,-0.0006042254478337,-0.0932552815530601,0.180650327333783,-0.1197906997057373,-0.1193021670744465,0.0415010554559902,-0.0842446334690841,-0.1106898266381281,0.1632298095086791,-0.0965449757175933,0.0649128841287971,0.0014149622421112, 6.0           , 5530.0       , N/A           , 23335.0      , 7.9                 , 25198.0            , N/A                 , 86340.0            , 1.32             , 4.56            , N/A              , 3.7
BHAKTAPUR      , BHAKTAPUR      ,2024, 2080/81, Bagmati Province      ,0.0373808983257768,-0.2038704879689475,0.1805243038633268,-0.0856648404172984,0.0184136234507601,-0.0748138487430881,-0.0418029881482986,0.1061824170917054,-0.0829716050544322,0.0608873329889317,0.1173629607805856,-0.0399621195318807,-0.3013295677089335,-0.0392233304851513,0.0812892535793104,-0.078693213130648,-0.1273754224869045,0.0279980436469361,-0.1072069961710162,-0.1587041444452347,-0.1617297848637706,0.1693809688694329,0.1348582635356227,-0.1235994330981612,-0.0030608408051674,0.0562461570325225,-0.0027167462036327,0.0070716145024296,-0.0465784583206953,0.0291722187804833,0.0591119705479569,0.142455050420612,0.0155743762126653,-0.0077819906067461,0.0623307560604076,-0.0293510141563703,-0.1242459794384592,0.0084593721007262,0.0392985986592343,-0.0510160143911253,0.0436355870400648,0.0026175000848388,-0.2435165642926007,0.2114435209171723,0.1015059268946731,0.0967646075082309,0.0409891903278585,0.173149200677669,-0.0833234173486869,-0.0166596044578355,0.0908046337519403,0.1281096976939842,0.0297992346743706,0.0364599933605516,0.1714803421022775,-0.1787694174361158,-0.0795989677171524,-0.0502613025566747,-0.1582869568600852,-0.1858997509118193,0.0526333839724454,-0.0922582621178033,0.0072436324795263,-0.0616476324868553, 15.0          , 1839.0       , 81.0          , 1872.0       , 47.0                , 9287.0             , 211.0               , 9678.0             , 3.1              , 5.05            , 2.6              , 5.17
BHOJPUR        , BHOJPUR        ,2024, 2080/81, Koshi Province        ,0.0602814561761659,-0.0831996411124417,0.1730772942844295,-0.0705641758988377,0.0062617075091511,-0.0517363786159527,-0.1284025383136345,0.1758294618024045,0.0187302217134455,0.0835538006557169,0.094938175955701,0.0244527680396771,-0.2749683895797503,-0.047256927207481,0.0097249742719351,-0.0262885484674498,-0.1133453121492779,0.0508726433923324,-0.1204857083586036,-0.1011146913191175,-0.1530639566808674,0.152815886926134,0.1207813676764867,-0.1137991817081017,0.042875468413218,-0.052398741257881,0.0242155936450562,-0.0373923964172977,-0.1321309567334768,0.0437494832648516,0.0650107129141469,0.1401295898101923,0.0743863520000291,0.0330377128092801,-0.117678833507108,0.0091697828916826,-0.1037069371324413,-0.0559145537741389,0.0192778231691731,-0.0481257650355929,0.0355026505108009,0.0857870527285628,-0.1637709704259889,0.2098833441811272,0.0420802050808599,0.1498036199634862,-0.0105362666191518,0.2151186972960086,-0.0628100885159026,0.0349988137433307,0.0292468619725378,-0.0087190820371054,0.0812468407124961,0.0529029500910443,0.1426404961977424,-0.1732638018945332,-0.0470948440672693,-0.0632381314414509,-0.1411881097808799,-0.2354693973959878,0.0718834721508791,-0.0282889142437654,-0.0334137007045392,-0.0609545182724333, 8.0           , 32825.0      , 5052.0        , 390.0        , 9.6                 , 78780.0            , 7578.0              , 710.0              , 1.2              , 2.4             , 1.5              , 1.82
CHITAWAN       , CHITAWAN       ,2024, 2080/81, Bagmati Province      ,0.0581081665709372,-0.1266066323117948,0.1524935482034148,-0.0304499770346021,-0.0127770694769588,0.0005715150363544,-0.1270889699097287,0.1658012150514638,-0.0207850760284177,0.139458493888357,0.1425083726848086,0.1192403700209769,-0.3087761357567983,-0.0159601874287289,-0.0075743935278894,0.0702291558200982,-0.0961709023091476,-0.0226942654166846,-0.0840571722771166,-0.1008289930402707,-0.2043567876618702,0.2388479170235553,0.1472833228305169,-0.0650239621022592,0.041780234545373,0.0575248038803442,0.0185697220001902,0.0253314131606695,-0.0586253603246825,0.0327711530275695,0.0696792741388546,0.1239426628598923,0.0044413429481202,-0.0315333417730784,0.0619485629696313,0.0605718141362125,-0.1622120162488588,-0.00187677211569,0.0586433945267364,-0.0865265110635532,0.0677288008279141,0.0354018961214464,-0.1010348167031356,0.2771803773443115,0.0773524846511491,0.1173910082548621,0.0407599517425335,0.1744479599524896,-0.0473045702600266,0.0714276620739522,0.008353087130741,0.0360111642386058,0.0641861755434739,-0.0536148947417742,0.1830896731664294,-0.144091031315602,-0.0997696911045444,-0.0334172104015809,-0.0826251146308792,-0.0847425222131344,0.1258943934842073,-0.1062523087968015,0.0781215729115961,-0.0061202895375522, N/A           , 17110.0      , 1050.0        , 4711.0       , N/A                 , 68611.0            , 1208.0              , 15593.0            , N/A              , 4.01            , 1.15             , 3.31
DADELDHURA     , DADELDHURA     ,2024, 2080/81, Sudurpashchim Province,0.0572778167711993,-0.1701415102255711,0.1637838564553772,-0.0960736487512448,-0.0226173372846625,-0.0353668346631649,-0.1067192655955235,0.1860414898173126,-0.0149891956860049,0.0721884402534105,0.1223921825871837,0.0869055160780274,-0.3059347586296426,-0.0322047901320835,0.0691474697154857,0.0445838267942243,-0.1282616863531687,0.0319654365578827,-0.0931608456988683,-0.1914149259808908,-0.095585150326424,0.0912514637152127,0.1827779291997116,-0.1325491184830068,0.0604195326566413,-0.0044393021751486,-0.0345564061909432,0.03904279345904,-0.0946067944624449,0.0064814814850453,0.0708929289677919,0.1598435491087009,0.1044403719857484,0.0258081753735775,-0.0944862950475664,-0.0080901717331783,-0.0868599549468346,-0.0253318487404881,0.0356267508786416,-0.0843766667941613,0.021457331251258,-0.0091910595662012,-0.1506709159958696,0.1886333125185529,0.1198451063466122,0.1532965997072255,-0.0057431221459194,0.2566823284900388,-0.0621280429772851,-0.0008959915553718,0.0562919200761122,0.0342214492937989,0.0887323153326609,0.0145367506677151,0.0981735939358021,-0.1395217686095586,-0.0824754778656388,-0.045286384991285,-0.0661224234294876,-0.161056095268003,0.1675724759941499,-0.0104947133719283,0.0295510775876871,-0.0894299126491331, 200.0         , 3800.0       , 335.0         , 7590.0       , 171.0               , 10000.0            , 569.0               , 16678.0            , 0.85             , 2.63            , 1.7              , 2.2
DAILEKH        , DAILEKH        ,2024, 2080/81, Karnali Province      ,0.0293913572771513,-0.1575343834886405,0.1790339943016424,-0.085421475456579,-0.0289553316868173,-0.0748488067703657,-0.0840756943706404,0.1881282072875619,-0.0302525440404738,0.0383338490585764,0.0880050167892343,0.0379478231896103,-0.2780133795732946,-0.0324447035218236,0.0711754614170535,-0.0124409139888791,-0.1372789794136162,0.0950545238156073,-0.1281328377263822,-0.1887195456131831,-0.0941801081386203,0.056466470804432,0.1574033016876553,-0.1278965501622994,0.0629274500961908,-0.0238438524082631,-0.0229926493941608,0.0129719256312033,-0.0887501913927249,0.0177754139493382,0.0641481585295598,0.1846255050394639,0.0805835537232962,0.0534373730872163,-0.1224171820889327,-0.0191276798750409,-0.0540826345038484,0.0041518079394581,0.0282731442886784,-0.0774745816575717,0.0160660493228049,-0.0149755357533489,-0.1683596496190518,0.1059116884290552,0.1056437028666723,0.1400654011187868,-0.0042259455852485,0.2433810010630694,-0.0260169321648901,0.0115855042733746,0.0748002333742486,0.0129666752534204,0.0791444743015559,0.0524207338100955,0.1199956687360032,-0.1125875332315267,-0.1061893904479408,-0.0558783579130979,-0.1229828553758511,-0.1605903127812254,0.1481314643554694,-0.0174158495703821,0.0168279215997776,-0.1050876868246524, 181.0         , 19120.0      , 1950.0        , 13175.0      , 230.0               , 45310.0            , 2541.0              , 17274.0            , 1.27             , 2.37            , 1.3              , 1.31
DANG           , DANG           ,2024, 2080/81, Lumbini Province      ,0.0442911912099581,-0.1072068430163675,0.1553240771043075,-0.0513790528467953,-0.0205986765391885,-0.0335948379664348,-0.0939740549312377,0.1848226865423286,-0.0667573278401889,0.0640229541411198,0.0977199070795042,0.1000638866327605,-0.3403326613327492,-0.0068098251462016,0.0405224068182202,0.060081293599974,-0.1358851128538515,0.0684753911159312,-0.0905968373995374,-0.1597465994838568,-0.1984773137063521,0.1891383542255653,0.2116342611640822,-0.1098001486983595,0.0294565268069841,0.0383586751955359,0.0256365290664468,0.0420369749964687,-0.0519551006803212,0.0653815758640266,0.0919466632916174,0.1556442458580867,0.092453734354824,-0.0078478077113276,0.0022594281387963,0.053184247959135,-0.1186481758841688,0.0140850620939934,0.0710839390300546,-0.0693059958062459,0.0407035668641426,0.0228914723201188,-0.1520261907074007,0.2156775306813377,0.1021665179578161,0.1162795438372127,-1.1992917199708298e-05,0.1689738621321465,-0.0812199724241779,0.0248369696763326,0.0341854874475178,0.0734132563257754,0.0292038000555228,-0.0485608917586582,0.1535186074207573,-0.1343774775802957,-0.0897285973806547,0.0140775879746705,-0.1069395068693933,-0.1584120535529158,0.1511730250669267,-0.0972390676245695,0.0253519329856856,-0.0260815379616022, 15.0          , 24985.0      , 14.0          , 11530.0      , 29.9                , 86475.0            , 19.0                , 35743.0            , 1.99             , 3.46            , 1.0              , 3.1
DARCHULA       , DARCHULA       ,2024, 2080/81, Sudurpashchim Province,-0.0272674540167959,-0.2083369981179174,0.0715685429244703,-0.086345344999031,-0.1079166315924984,0.0116177666327511,0.0250809669872413,0.1258467606196657,-0.0291765340442296,0.1110193046448086,0.0958071479049581,0.0268984696224401,-0.0891838705317751,-0.0337515588730292,-0.0528008033954807,-0.0324011894126433,-0.099422011198897,0.1097971479768201,-0.1234380380361142,-0.1838855674113337,0.0407450077541845,-0.0278389867725229,0.0908059285599874,-0.0848735189438145,0.0465968384107817,-0.0577697640735667,-0.0399505469285489,0.0301789668251325,-0.0472763110601298,0.006291258181599,0.0173605820725074,0.1753278987174341,0.0006352031522541,0.0559706465328026,-0.1165579205422108,-0.1289841944363105,-0.0421920366752684,-0.0877031436894767,-0.0281893577073361,-0.0825629062371955,0.0111569619472744,0.0503859271383241,-0.1253849492975757,-0.0213881411234596,0.0519186424671342,0.1572516045055165,-0.0184062022147537,0.2130006381856334,-0.0485450274740282,0.0230933325419157,0.0050309183355863,0.0144415845391536,0.0589306978917397,0.1155230323768251,0.1738190723905981,-0.0795976613354366,-0.1252248164601061,-0.1529331099163648,-0.1148340720303951,-0.1175737363544011,-0.0111720392772452,0.1065693761452125,-0.0836169131997846,-0.0439128475679049, 1018.0        , 5538.0       , 1215.0        , 5950.0       , 1212.0              , 15618.0            , 1531.0              , 11350.0            , 1.19             , 2.82            , 1.26             , 1.91
DHADING        , DHADING        ,2024, 2080/81, Bagmati Province      ,0.0192558054876549,-0.1642003453708949,0.1793868631003924,-0.0600215733610184,-0.033743380529126,-0.0607242911943953,-0.1130235530985223,0.2008042373141821,-0.0013222045339808,0.0785347608650469,0.0904845976052285,0.0397423384034523,-0.241864172577391,-0.0203105022241669,0.0238963289762348,-0.0298761332595343,-0.0873703342000563,0.0743844730968344,-0.1393293335261538,-0.1458624479958387,-0.1243722232464696,0.0946873275364292,0.1428185486054448,-0.0939864973475216,0.0550416454524761,-0.0316748304191652,0.0034776033884937,0.0101451522930693,-0.0692488379113744,0.0159286591616858,0.0531319169385096,0.1908220712288073,0.0449659835305794,0.0274010259310603,-0.0676148753597763,-0.0486712776464274,-0.0709016997256114,-0.0072897751197805,0.0475293737725532,-0.0539048945830931,0.0144606163759918,0.0088664311650232,-0.157044138098402,0.1533886884731223,0.0819631934457407,0.1456596958430575,0.0196774155644752,0.2303269270369742,-0.0415537964828694,0.0505853548934706,0.0426622127277796,0.0323837621965755,0.0657386832221902,0.0381768587805315,0.1529449199914782,-0.1335105784887034,-0.101373073742377,-0.0945415685012094,-0.1445382736455137,-0.1257484938893496,0.0808734201626694,-0.0138643682542209,0.0154309039702046,-0.0835369736674601, 215.0         , 19300.0      , 7350.0        , 3620.0       , 191.0               , 48250.0            , 6762.0              , 8145.0             , 0.89             , 2.5             , 0.92             , 2.25
DHANKUTA       , DHANKUTA       ,2024, 2080/81, Koshi Province        ,0.0500581911068916,-0.0927998962672331,0.1899026896578739,-0.0750871365833081,-0.024375841549957,-0.0506697905081432,-0.1272805067347418,0.1909722299371309,0.0108695387234786,0.081442778786145,0.0985820010341952,0.0204007186857412,-0.2854558965881663,-0.0563886255379875,0.0293673601856356,0.001714721159483,-0.0982862158250543,0.070723346768487,-0.1241376053036194,-0.1253870986467928,-0.1959385473627821,0.1789955530105701,0.1303717494708485,-0.1242941868410642,0.0542883531201265,0.0057080519901706,0.0226261190777124,-0.0166676353716822,-0.1118623164878951,0.0964826788519951,0.0414793135042283,0.1416476635009748,0.0849698931116468,0.046464368073721,-0.0941485210781249,-0.0018996300717345,-0.0906158633051684,-0.0332219492188044,0.0351111940728915,-0.0478139328168575,0.0575557105983979,0.0823502234306806,-0.1771397402264738,0.2160360949016727,0.0614932374751373,0.1193579739660391,-0.0189467915640938,0.2478005869457313,-0.055531169767248,0.031833171105723,0.055403710927109,0.0303231077559646,0.0805039354249543,0.0276646937268365,0.1678397493238097,-0.1743340654469531,-0.0296341526785434,-0.0514382856960206,-0.1065427937527988,-0.1950656675009352,0.0712021941791897,-0.0456358280913952,0.0138988776694092,-0.0374125147163454, 2.3           , 13470.0      , 7230.0        , 1295.0       , 2.3                 , 45488.0            , 8242.0              , 2720.0             , 1.0              , 3.38            , 1.14             , 2.1
DHANUSHA       , DHANUSHA       ,2024, 2080/81, Madhesh Province      ,0.015671545438651,-0.1288309901050719,0.142278182454797,-0.0069150122794204,0.003171444430525,0.0403950106991575,-0.0583316380681584,0.1328456004476146,-0.0905591601296758,0.1162961942980438,0.1430003786870908,0.06846745471507,-0.3298304921875171,0.0085205237265116,0.0450990325085281,0.0905639301892427,-0.1654089603229233,0.0146495566172776,-0.1090217455639376,-0.1100918149187494,-0.213650260950589,0.2939063568070466,0.0811394779637937,-0.0561602296450818,0.0439265621012568,0.1488394344971455,0.0783947712096778,0.0228136213597407,-0.0641079224023014,0.1183529969024926,0.0894619694772002,0.0441040817250328,-0.0066099042498233,-0.0319499680017181,0.1058132054918356,0.1474721664486782,-0.1981764616579863,0.0209546445472474,0.0926106963038917,-0.0269147923001292,0.0657672025747419,0.0593775745314722,-0.1655735554713199,0.2182697491477792,0.0181740091618603,0.1100728021428173,0.0657381677305606,0.1101218615984623,-0.133251112800928,0.0503648190110095,0.0175138222123643,0.1504254091916284,-0.0287767065555761,-0.0851522842803599,0.206747466574852,-0.1475698361184691,-0.0965521180971764,0.0319714500473655,-0.0896940312489996,-0.093380832821373,0.0665264859042475,-0.0815704958734626,0.0464845379734481,0.0705308305646311, 1.0           , 3350.0       , 310.0         , 33500.0      , 1.0                 , 9515.0             , 370.0               , 97150.0            , 1.0              , 2.84            , 1.19             , 2.9
DOLAKHA        , DOLAKHA        ,2024, 2080/81, Bagmati Province      ,0.0195365580025843,-0.1648623607599642,0.1022723057688719,-0.0861799010675676,-0.0614130755942588,-0.0335545196176622,-0.0443915949522954,0.1237963084741764,0.0130493853032778,0.1051209332625955,0.132319154619916,-0.0143860718192305,-0.1324249680432298,-0.0343484312245096,-0.0203687526928586,-0.0469219442603595,-0.0981735858097341,0.0727074657673744,-0.1288040146699394,-0.1741946929798453,-0.0199036220938566,0.0260016863509059,0.1232765196015499,-0.1059717099861212,0.0228288317622178,-0.0948773805919079,-0.0094256925916906,0.0071377971109411,-0.0618679695250734,0.0275722763442756,0.0271141386730297,0.1444921958944415,0.0001575563840003,0.0658044459726505,-0.1332814846737392,-0.104899402884947,-0.0701573025010442,-0.0844776930491877,-0.0149303037961235,-0.0712252436909395,0.0237777848039954,0.0557380249455245,-0.1623776770131983,0.0910353431773432,0.010450313105604,0.1495596852431227,-0.0239680843107341,0.1830307937626918,-0.0628945632297982,0.0020481924511583,0.01472629708817,-0.0084757544993451,0.0764414021151077,0.1203642135199284,0.1348917595847928,-0.1471748416714,-0.0855484532271085,-0.1093765180417642,-0.14837444374737,-0.2443250687242241,0.0103280104629332,0.0507842001205988,-0.0836179390140551,-0.0697543843532836, 134.0         , 6171.0       , 3657.0        , 4242.0       , 162.0               , 22030.0            , 4864.0              , 7508.0             , 1.21             , 3.57            , 1.33             , 1.77
DOLPA          , DOLPA          ,2024, 2080/81, Karnali Province      ,-0.0664108537935554,-0.2093680098690558,0.0048671949052723,-0.0917929485166313,-0.1858845473955535,0.0743872591465325,0.066722748862732,0.0365016678952286,-0.0766976070214218,0.112357657453069,0.1288219895718868,0.0125860254106911,-0.0033302332207238,-0.0427492389377213,-0.0778409587706789,-0.0233609442688142,-0.0906909129111908,0.1363938705655608,-0.0556189659283803,-0.1890509154650097,0.0672210771244698,-0.0613899132470628,0.0646371071502044,-0.0681623081242056,-0.0159586904531363,-0.0713849902745512,-0.0144231049350433,0.0712821685889537,-0.0026365490772311,0.0195641565043918,0.0388787539886572,0.229473433292986,-0.0562448876970305,0.0148279631847442,-0.0883292616647788,-0.1520177027393538,-0.0271209443765034,-0.1089737705438363,-0.0712945051470668,-0.0763428902951873,0.0183978301598733,0.0516414747390749,-0.0827220342654651,-0.0648395219562092,0.085509591321918,0.12297220769711,-0.0221466017427038,0.1342144216774295,-0.0530808509784111,0.025317018307327,0.0022812224956429,0.0078084931621972,0.0668072876169155,0.1151139487830863,0.2184187359007036,-0.0484077238385963,-0.1732876698630938,-0.1749748013328132,-0.1487195600652899,-0.1405246158571425,-0.0678323667412967,0.1356553974843738,-0.2207056914137507,-0.0234022449708436, 325.0         , 2159.0       , 294.0         , 2225.0       , 312.0               , 3750.0             , 305.0               , 4165.0             , 0.96             , 1.74            , 1.04             , 1.83
DOTI           , DOTI           ,2024, 2080/81, Sudurpashchim Province,0.0536356025660156,-0.1483893502566378,0.1767305729650806,-0.0892499516789167,-0.014549285117632,-0.0584353303394679,-0.101404735281443,0.1862786101936119,-0.0173537510200928,0.066801652747795,0.1021420264415427,0.0617200293408545,-0.2776655172892889,-0.0284635710670967,0.0504129008739392,0.010456176754301,-0.1257242939076434,0.0642154023616646,-0.104154747862071,-0.1728851430062915,-0.0859306547552961,0.0725307553361675,0.1771505506336974,-0.1312426179794643,0.0589296285648793,-0.0380620207140448,-0.0236378412256299,0.0252917921051952,-0.106715255972811,0.001989510942809,0.0632725765469044,0.1751399783924102,0.0870389916645519,0.0419265775134666,-0.120894628759514,-0.0271628829658067,-0.0668640877347306,-0.0269730784842723,0.022156932042143,-0.0873031159833947,0.0262439727954675,-0.0110792167799808,-0.1522225293277562,0.1639631850839751,0.1016741319195015,0.1540379816477741,-0.0146951410877109,0.2456049934520376,-0.0352458610467975,0.0180217641906157,0.0537062358861001,-0.0028138055918297,0.0817232127255822,0.0357903207632258,0.109626594666552,-0.1316210113566155,-0.0913304224832382,-0.0563478517673269,-0.1076758139916334,-0.1855034009364168,0.148656659932758,-0.0115616872253584,0.002765733884438,-0.0976959954364544, 210.0         , 3650.0       , 4350.0        , 10300.0      , 181.0               , 10622.0            , 5264.0              , 21836.0            , 0.86             , 2.91            , 1.21             , 2.12
GORKHA         , GORKHA         ,2024, 2080/81, Gandaki Province      ,-0.0117737086623611,-0.1871087392505089,0.0938092792668977,-0.063900859058503,-0.0695923138164232,-0.0099099531180661,-0.0300989779405305,0.1288033975813613,-0.0037315803620594,0.1115563409397506,0.1000116834611306,0.0313694130229319,-0.1257791890857875,-0.0243739434176827,-0.0612108133437111,-0.0314467089623239,-0.0775658446003137,0.0755389410802809,-0.1173971203811454,-0.158284896144683,-0.01654049184129,0.0353558590035869,0.1036111499797169,-0.0892215456119894,0.0307871776879926,-0.0596244307704763,-0.0194412501648952,0.024358020327331,-0.0440896972197671,-0.0029430492857978,0.0315273199819789,0.180725909058174,-0.0002589930008502,0.0310470371232936,-0.0811307579761424,-0.0946699375389451,-0.0629909206099907,-0.0675613899021514,-0.0172865296959849,-0.0576049165818864,0.0019242880017251,0.0509908109671187,-0.1336150272606172,0.0416019620688011,0.0354110459497697,0.1549297765662923,-0.0021864636054446,0.199354622300677,-0.0604859575783106,0.0429747683284822,0.0033092862408691,0.0127431638988571,0.0656933398662787,0.1046155016784495,0.1764462482536319,-0.1128230430042615,-0.1241828079178033,-0.1284356217311674,-0.1356865932806025,-0.1326002850840917,-0.0035706442232292,0.0703853993823443,-0.0601418585379716,-0.0628174420445083, 110.0         , 18005.0      , 11200.0       , 2500.0       , 141.0               , 46815.0            , 13550.0             , 5925.0             , 1.28             , 2.6             , 1.21             , 2.37
GULMI          , GULMI          ,2024, 2080/81, Lumbini Province      ,0.0447645971912307,-0.1432455812803931,0.2029683561260514,-0.0589251376502371,-0.0135937592389951,-0.0893855517045283,-0.1249387219871314,0.2002130812218268,-0.0238540945173266,0.0603405249815586,0.066391327604103,0.0396764743234609,-0.2835972114615408,-0.0392457321448974,0.0400485878894567,-0.0211226442261085,-0.0895820382138238,0.0833008526783008,-0.1309187606981214,-0.1422653825750399,-0.1408790832574285,0.1112372797852095,0.1465246308290488,-0.1251166171937111,0.063109466215057,-0.0392532398014594,0.0353675322092566,0.0186430941201249,-0.1082732817457141,0.0260197037140162,0.0765785060610265,0.1917872682726189,0.0797910530457632,0.0351529430280856,-0.1111548138052718,-0.0290219092730267,-0.0623787085493034,-0.0037392546138315,0.0360538685293603,-0.054411680456482,0.0310676906826182,0.0100092314600868,-0.1646713911466265,0.1735912931260144,0.1084713183909396,0.1435167090145194,-0.0088211358549536,0.2332437242475175,-0.0320797169171972,0.039073753259365,0.0489394370629777,0.0121892450660345,0.0558399292350753,0.0196257193630681,0.1406424406298872,-0.1422707844752525,-0.0844091967827794,-0.0809894755456668,-0.1316015159800302,-0.1722457757734321,0.1255657873287186,-0.0360739293671694,0.0073829868619646,-0.0747126649532009, 411.0         , 22418.0      , 2883.0        , 6370.0       , 542.5               , 77173.0            , 3690.0              , 19005.0            , 1.32             , 3.44            , 1.28             , 2.98
HUMLA          , HUMLA          ,2024, 2080/81, Karnali Province      ,-0.0628426762387825,-0.2094033667677503,-0.0026009013077078,-0.0930043444971784,-0.1329821852284497,0.0489609763928372,0.0655161896743021,0.0442725736546389,-0.0600750968940615,0.1337540693673028,0.0964591900900344,0.0061588265421402,-0.0171848916665636,-0.0375348368869366,-0.106759183377538,-0.0239132037609141,-0.1066043191066532,0.12335552713469,-0.0816066802744828,-0.1889450649498213,0.0719872142632719,-0.0441573073664849,0.0711877308672735,-0.0987103881319585,-0.0130062105183697,-0.061656586270141,-0.0346097136752342,0.0667728574146865,-0.022654582271786,0.0002614240718494,0.0409417717488553,0.2187419509843594,-0.050079418543589,0.024542494324631,-0.0946097132382354,-0.1508657310565279,-0.0627068565170108,-0.0874383892188608,-0.087230349353425,-0.0750638057802036,0.033714705758683,0.0615686356833654,-0.1175952298368715,-0.0657277154986288,0.0610134085718168,0.1543550723416893,0.0056284541859488,0.1130300092765411,-0.0648462852981553,0.0300809051419488,0.0096764464159079,0.0128183509324218,0.0539086083177184,0.133177467288959,0.2028847067374151,-0.0755513325432693,-0.1854113857814842,-0.1741236028353584,-0.1143164563271817,-0.1265315949053463,-0.0802502244807264,0.1238896699277117,-0.168767555856267,-0.0236949863868779, 642.0         , 231.0        , 1062.0        , 1072.0       , 827.0               , 290.0              , 1125.0              , 1115.0             , 1.29             , 1.26            , 1.06             , 1.04
ILAM           , ILAM           ,2024, 2080/81, Koshi Province        ,0.0573485537121195,-0.0788530907809475,0.1707504973265531,-0.0599646625465652,0.0164442126612069,-0.0290676233019351,-0.1472377163793821,0.1520383101552663,0.0071364770034472,0.127849482803797,0.0807940511516562,0.0154688580253746,-0.285649853490357,-0.0514064908630439,-0.0305150852531696,0.0121021753356027,-0.1169606558636392,0.0662172297896467,-0.1084232641081009,-0.1234328182950574,-0.183371169742763,0.2020130124421478,0.1056923148129555,-0.1337834925004768,0.0484448536372854,-0.0294979744447,0.0415294069059771,-0.0166008402049216,-0.1601474935996882,0.0750067415385997,0.0467113326632079,0.1273890487188776,0.0685896030595948,0.0251555686252546,-0.1283581628634244,0.0186327401526695,-0.1357242127481083,-0.050783393730045,0.0005220463638424,-0.0764021210325829,0.076212633548822,0.0717006527238406,-0.1693241568519971,0.2501491197378456,0.0513302966504001,0.133676345001215,-0.0201292025212375,0.2182933737549051,-0.0521444222210304,0.0490612504333934,0.0363844220867912,-0.0205494823411115,0.0894065502373618,-0.0037190020756469,0.1482557584111311,-0.1745257624090774,-0.050997289349861,-0.0299705081362406,-0.1097203298891229,-0.2061280998651578,0.0732853742483904,-0.055978660276508,0.0049858831825514,-0.022548467057436, 48.0          , 33002.0      , 1578.0        , 4520.0       , 53.76               , 129368.0           , 1894.0              , 11526.0            , 1.12             , 3.62            , 1.2              , 2.55
JAJARKOT       , JAJARKOT       ,2024, 2080/81, Karnali Province      ,0.0134356235983576,-0.1630530982569277,0.146340726849747,-0.0847754447817837,-0.052931755020659,-0.0611055421492666,-0.0603569943254744,0.1798409346925315,-0.0252818371046088,0.0562161607940961,0.0718237176387642,0.01940094930525,-0.207254038031994,-0.0255831928263441,0.0206506541631683,-0.0249884172694034,-0.1561338881616984,0.1132275772295331,-0.1304612830840247,-0.1781895936130514,-0.0250229237746053,0.0138753455693727,0.137291760144153,-0.1098057978016618,0.056021963050066,-0.0783542032686511,-0.014488765882111,0.0067603875741304,-0.0738821028416405,-0.0122006231539354,0.0727622151477094,0.1902782491514884,0.0403544398061976,0.0663634848027329,-0.138283954626336,-0.0455688613750405,-0.0528743904300385,-0.021540475584784,0.0131476677714825,-0.084910996096137,-0.0184045900643504,0.0072568221425992,-0.1531744293462921,0.0436018374972948,0.0758774444259442,0.1537867460797219,0.0090370585918024,0.2073224040454961,-0.0349356458568208,0.0044191334127067,0.0544889538684002,-0.0141935434786332,0.0599000809793439,0.0941207622779601,0.1063517084352048,-0.0917390268208411,-0.1176243618302014,-0.0829725736008391,-0.1598791798845444,-0.1682197063773496,0.0961221514291245,0.0189471907237608,-0.0358410057514653,-0.1101523181267089, 479.0         , 10250.0      , 1305.0        , 10410.0      , 685.0               , 33313.0            , 1581.0              , 25100.0            , 1.43             , 3.25            , 1.21             , 2.41
JHAPA          , JHAPA          ,2024, 2080/81, Koshi Province        ,-0.0226787316173276,-0.1268339512259282,0.1718236198602035,-0.0545874425855304,-0.0116759451392277,0.0747252137440207,-0.046470483066496,0.0894592683453811,-0.0527209479588937,0.177365539449195,0.1411655979165604,0.0340417354010107,-0.2790211424988248,-0.0552667689055115,0.0487999557682806,0.0973285811151368,-0.2071034854427497,-0.02749370779064,-0.097669276462002,-0.0798189621343096,-0.2261658588282986,0.3290419463022714,0.0216808573782032,-0.0340304769376926,0.0878507932378202,0.1362645359664747,0.024607086848579,0.0171340811364161,-0.1022972786305133,0.0840642126269259,0.0683468299858663,0.0555575292281814,-0.055059595270227,-0.0058512573949468,0.0760039729364247,0.1455634756246961,-0.1969790034508277,0.0204976679266021,0.0891848573227201,-0.0292516504183832,0.081184936799347,0.0699912201046899,-0.1922296645205425,0.2552044294613984,0.03277986429547,0.1127215814634208,0.0926054756751827,0.0980945748577686,-0.0722926183313257,0.0863356748684448,0.0469700727808682,0.155365806036781,0.0069116276758768,-0.0868071357201592,0.2085272976293729,-0.1378740922813855,-0.1150838730031126,-0.018819638367226,-0.0851285103778004,-0.1213443852350158,0.0247387076987305,-0.0720125091778004,0.0512667080433175,0.0804280993183062, 5.0           , 44350.0      , 800.0         , 3000.0       , 9.5                 , 260335.0           , 1032.0              , 7950.0             , 1.9              , 5.87            , 1.29             , 2.65
JUMLA          , JUMLA          ,2024, 2080/81, Karnali Province      ,-0.0128718834746617,-0.2253078726329272,0.0733053649550442,-0.1198390332291042,-0.1208352962790095,0.0101282273096578,0.0241293798645185,0.1326234771940218,-0.0121385396656388,0.1028801042952086,0.1151452187972861,-0.0309421554746341,-0.0832242067146561,-0.031569755276057,-0.0018163291676746,-0.0417351929642036,-0.1773816106466292,0.1174729960133955,-0.1262629568740741,-0.2166221866625134,0.0570181772667282,-0.0774507564151937,0.1218493886646199,-0.0959522697353655,0.0382569133203913,-0.0853866661643377,-0.0373397656427597,0.0296000485895712,-0.0262415802298507,0.0165276964968758,0.0467329878893552,0.209719080042407,-0.0403162979774712,0.0962256963782385,-0.1257103629672374,-0.0964199188554881,-0.0267971404080924,-0.0482603654025787,0.0026083448475453,-0.1031421123921674,-0.0129925079526419,0.0181469619932261,-0.1307235369309844,-0.0093151937792957,0.039787694768959,0.1174553062524419,0.0331731225885171,0.1354342875566365,-0.0491581169120136,-0.0316652394553192,0.050729659130189,-0.0135911893699808,0.0465765933472957,0.1708650492318906,0.1292548273374809,-0.0705478948518228,-0.149878965521128,-0.1304708610581602,-0.1731706862632087,-0.1517689069302568,-0.006668843146287,0.0796832444719297,-0.1032332756185031,-0.0615102104506769, 1935.0        , 4450.0       , 2750.0        , 2476.0       , 3515.0              , 10500.0            , 3875.0              , 5408.0             , 1.82             , 2.36            , 1.41             , 2.18
KAILALI        , KAILALI        ,2024, 2080/81, Sudurpashchim Province,0.0385344325052862,-0.13064687139321,0.1516848693618338,-0.0325446780016535,0.0122827520135523,0.0040072143688551,-0.0689976983546231,0.1654716487327773,-0.0748469746246295,0.0927692962124304,0.1318788297364986,0.111454348551572,-0.3325389431741045,0.0156613033882539,0.0422524857268385,0.0780034472779079,-0.1355357166640003,0.0118842035865699,-0.073370317663825,-0.163953206638464,-0.1663760440732025,0.2233297100182302,0.1787854716279604,-0.0910143353654328,0.0307688813747526,0.0646605524760145,0.0237241073196047,0.0534189741558271,-0.0344998782405267,0.0400674016960422,0.090141388574608,0.1223668424819695,0.0660013955087246,-0.0323020013879354,0.0309536387678984,0.0651856312771048,-0.1424210545267176,0.0152108018171822,0.0336785575340381,-0.0905684866360203,0.052901411089552,-0.009050004865164,-0.1364782982523354,0.2261196109897126,0.0893186629362776,0.1307940440343258,0.0393947494975504,0.1525201107344997,-0.0883737601703701,0.0411241905353808,-0.0052819211519866,0.0707410711428597,0.0220256315684016,-0.0698590305553192,0.1704370770904171,-0.1358369384745548,-0.1197070188905954,0.007572612177469,-0.0645169189069109,-0.1240619374538589,0.1534116344842562,-0.0820384437671103,0.0667659600548165,-0.0263838672339627, 208.0         , 6054.0       , 100.0         , 34840.0      , 166.0               , 22460.0            , 121.0               , 123682.0           , 0.8              , 3.71            , 1.21             , 3.55
KALIKOT        , KALIKOT        ,2024, 2080/81, Karnali Province      ,0.027766876735793,-0.1818887236557627,0.1093812312047125,-0.0895741043377764,-0.054988469028332,-0.037274094142768,-0.0206813041381074,0.1708988174692336,-0.0032831012126678,0.0605469087224415,0.1059140693856156,-0.0111589959093481,-0.1841679257002485,-0.0192181473815937,0.0198273956712665,-0.0299440937709925,-0.1680214872540655,0.1033912181313682,-0.1147820821410226,-0.1883007876650002,0.0305240008875851,-0.0418120003393518,0.1374845828137728,-0.0837898929020469,0.0740645025097075,-0.0888167662877161,-0.0544362020258399,-0.0061550389353288,-0.0672371491128917,-0.0134609289757529,0.0399569897589812,0.185507176972198,-0.0018608635749198,0.0866767631849744,-0.1446491406707712,-0.0668650588016331,-0.0511667884753387,-0.0235334246305182,0.0069387831611562,-0.1065627457234585,-0.023670010648181,-0.0132688568280686,-0.1313330934158821,0.0091446922573143,0.0606794242478836,0.1640415421610124,0.0094592520584448,0.207809419502993,-0.0265275911509337,0.0020441084605629,0.0368694565227018,-0.0314720743432176,0.0701732220514908,0.1473937622327329,0.1213656308275282,-0.0738538060777925,-0.1329926318697616,-0.0902215227156264,-0.1478266743807137,-0.1592709907021528,0.0781412587479627,0.0635347765750391,-0.0187989877421105,-0.0987486340231748, 551.0         , 3550.0       , 1255.0        , 5596.0       , 975.0               , 8060.0             , 1365.0              , 11313.0            , 1.77             , 2.27            , 1.09             , 2.02
KANCHANPUR     , KANCHANPUR     ,2024, 2080/81, Sudurpashchim Province,0.0301606637883732,-0.1521044066041183,0.1322611635664895,-0.0208052371868694,-0.0015350101785708,0.0454357194249256,-0.0559970292948328,0.1562113003516936,-0.0993800825652928,0.1164851665793572,0.150727602770804,0.1201447921834644,-0.3377765965432053,0.0124586418644534,0.0463032764394728,0.1041156139936033,-0.1773195286490362,-0.0302348722465807,-0.0698413492604076,-0.1880854602987725,-0.1907308156842268,0.2577092280055577,0.1544296440518085,-0.0669693950095647,0.0335413484622766,0.1142039159915091,0.026414174910892,0.0581311658134118,0.0033452467939231,0.040359433083362,0.0795648408229396,0.0787165151558213,0.0609281844901827,-0.054564717014464,0.0852269286518518,0.0957380761483139,-0.1584914865028108,0.003142572662095,0.0342988769440107,-0.0784012857462167,0.0460211862832041,0.0241601452178092,-0.1405548589098363,0.2288648373021549,0.0781969178469078,0.1380674693112476,0.0538058431783309,0.1358657858917334,-0.106422531246505,0.0309806581092614,-0.0248537602077923,0.1204743948269185,0.0362748557795953,-0.0815301295265577,0.1362506995620294,-0.1548187773303369,-0.1174870759742363,-0.0007377226402496,-0.043640520019552,-0.0827872654232767,0.1208103429414738,-0.0903002894297999,0.0846026124651108,-0.0045537657899793, 9.0           , 2950.0       , N/A           , 31115.0      , 7.0                 , 11859.0            , N/A                 , 106102.0           , 0.76             , 4.02            , N/A              , 3.41
KAPILBASTU     , KAPILBASTU     ,2024, 2080/81, Lumbini Province      ,0.0293550332601023,-0.114618780926061,0.1449741872047043,-0.0060821009915139,0.0244626448781551,0.0351693293254138,-0.0335019870319013,0.1213958099438444,-0.0937953364349767,0.1068200450081606,0.1199213770075337,0.1112393827942612,-0.3449290688201874,0.0584065890671197,0.0524326036890052,0.099960371675626,-0.1386461825718436,0.01670889743052,-0.0987566848731433,-0.1633911554107809,-0.1847566598240988,0.2500482159923045,0.1366295210625885,-0.0382606967744047,0.0282337930063665,0.1130010750241765,0.0620278604687731,0.0519534046728996,-0.024468831456636,0.0730708266557496,0.1093739583960794,0.0822759200913683,0.0148054062754595,-0.0511473536852855,0.1035946652674326,0.1198922105328241,-0.1753747438161447,0.0423120374286445,0.0745961801730085,-0.0348999452287739,0.0770024417714489,0.0154271446885228,-0.1554046772264736,0.2091653093065202,0.0499875833676246,0.0874843857288264,0.0613504613980732,0.0882577887750913,-0.1368679636492767,0.0505626181041835,-0.0012955284094786,0.1123576396396253,-0.0374414476237903,-0.117005071467698,0.2296512113415594,-0.1296436054346956,-0.1033804301613167,0.0411537663156933,-0.1111603674160024,-0.1144956565666803,0.1012049852791774,-0.0932925283193136,0.0485943088976862,0.0527778242492777, 140.0         , 1390.0       , N/A           , 31735.0      , 216.0               , 5675.0             , N/A                 , 111072.0           , 1.54             , 4.08            , N/A              , 3.5
KASKI          , KASKI          ,2024, 2080/81, Gandaki Province      ,0.0248127994343144,-0.1751940685254928,0.1289614969993799,-0.0642677889050065,-0.0278912958447089,-0.0239879813731123,-0.0764830887415427,0.1159033726499403,0.0155218476136345,0.1386604554788233,0.0820530943542673,0.0410462846838159,-0.15740868295072,-0.0221511423786837,-0.051649853075833,-0.0277120564161223,-0.0852550003038515,0.0542483099032017,-0.1047128871397405,-0.1591318388368077,-0.0476043120863043,0.0915489394903967,0.0904486092847643,-0.1014032576676185,0.0187951537486727,-0.0588324589109648,-0.0273950643507975,0.0013869664180411,-0.0772633804614795,-0.0114493652380215,0.0400270515132584,0.1609792023518005,0.0057043466765022,0.0205966364056234,-0.0919410935158596,-0.0685977172781388,-0.0856896922861755,-0.0765924216768766,-0.0395159648382469,-0.037512070979884,0.0435506279916421,0.0680656902687418,-0.1450320693544643,0.0882608255638367,0.0140318316756025,0.1590390777079629,0.0113569312992288,0.2069857297120481,-0.0570774698455467,0.0275990210939397,0.0001347798735531,-0.0030403028276423,0.0720158414983377,0.0946206785622481,0.1499717101655911,-0.1551592033703384,-0.1023333259963149,-0.1007108486225794,-0.1271421047005021,-0.157383931165749,0.0220942608759571,0.0421264193446847,-0.0507261136756286,-0.0505665799814915, 5.0           , 12343.0      , 10152.0       , 6010.0       , 5.0                 , 36205.0            , 15228.0             , 14725.0            , 1.2              , 2.93            , 1.5              , 2.45
KATHMANDU      , KATHMANDU      ,2024, 2080/81, Bagmati Province      ,0.0626012385748371,-0.1909887353959678,0.1703436405625557,-0.0717212495994018,0.0309880826770561,-0.0797689037881482,-0.0747756191412501,0.1130471114876428,-0.0807622619404871,0.0826722702387004,0.0959616568280851,-0.025780082381437,-0.2910159603050609,-0.0504394561044841,0.028212646884276,-0.0801338435225234,-0.1124399728506817,0.0485150371764032,-0.0867613229426319,-0.1265507215124425,-0.1341405681945562,0.1506754120223275,0.1375365564235977,-0.1244444987810781,0.013448910644061,0.0206245041551556,0.006926997630006,0.0051968549984606,-0.0673466893140087,0.0125967925232038,0.0575771717601944,0.142518829619676,0.013380298498509,-0.0061573996677724,0.02131825531067,-0.0451406069171301,-0.1279238054951053,-0.0411823430129025,0.034025181616341,-0.0578169468388333,0.0187670034013773,0.0091632318318854,-0.2229586507823561,0.2055749053992113,0.084168404514066,0.1236930561485667,0.0051855333565312,0.1770562386438171,-0.0750421859488286,-0.0022774375274982,0.0716828878256961,0.0802434446142793,0.0463501330696916,0.0386348043718961,0.1347276985369176,-0.1940642827051015,-0.0771481990165023,-0.053290171660731,-0.1603110283588097,-0.1925995316590154,0.066774047388435,-0.0647638200690343,-0.0356408585170806,-0.0769953037994273, N/A           , 6315.0       , 599.0         , 2040.0       , N/A                 , 25323.0            , 629.0               , 9466.0             , N/A              , 4.01            , 1.05             , 4.64
KAVRE          , KAVRE          ,2024, 2080/81, Bagmati Province      ,0.0333524923155098,-0.1499941342799084,0.189814206607756,-0.0778207618806897,-0.0142237595147363,-0.075018600880033,-0.1127821541949024,0.1944944906158211,-0.0186975861921959,0.0715907515978366,0.0955531639892897,0.0387885996352467,-0.2799945949964101,-0.0304219129741254,0.0417822560029672,-0.0211071633633249,-0.1037628107658079,0.0577139306974217,-0.134643996455132,-0.1449168822487055,-0.1454869961052166,0.1233783413779552,0.1459239376230179,-0.1139476787188193,0.0527062825400919,-0.0293797109249383,0.017840446957829,0.0055516368063599,-0.1069377856386639,0.0181471430725462,0.0613583535928421,0.1722228212704886,0.081052850477192,0.0268646680963834,-0.0818698261694893,-0.0257238834617979,-0.0832977990801258,-0.0196333363273054,0.0374234388777735,-0.0543271064951806,0.0234386439046604,0.0259546077177711,-0.1747240601607028,0.1848224878124644,0.0837867980061702,0.1495648062867648,0.0067988669441431,0.2405618442976961,-0.0630546302259104,0.0211994786701225,0.0598394354306562,0.035959955261329,0.0716524203176194,0.0237288659124775,0.1339890445904777,-0.1518994914341958,-0.0704216858275518,-0.0788164655442372,-0.1361763339896908,-0.1741064328862571,0.0931014335830087,-0.0205703292782683,0.0091810461423577,-0.0937213438018766, 345.0         , 25448.0      , 3020.0        , 8250.0       , 338.0               , 92122.0            , 3896.0              , 23925.0            , 0.98             , 3.62            , 1.29             , 2.9
KHOTANG        , KHOTANG        ,2024, 2080/81, Koshi Province        ,0.0506804475643602,-0.0962446718470508,0.1759948818074098,-0.0816123410942919,-0.0187725586872095,-0.0587900871206576,-0.1186540257865893,0.1949485047819116,0.0102778410616742,0.0799417629620808,0.0874646590263325,0.012023907333349,-0.2690052374132733,-0.0367049383289019,0.0247237621533729,-0.0099156805660656,-0.1066030556467469,0.0881303794598794,-0.1284003108302632,-0.1475177783842566,-0.1517949354315468,0.1491505633802868,0.1303039294728458,-0.1219285799156963,0.0457353806729549,-0.044616098700289,0.0285192726044227,-0.0152040652282115,-0.1032961442121456,0.0684241425544826,0.0526715445069171,0.1387850515928698,0.0686008718825559,0.0491714577233983,-0.1161394846402267,-0.026263351471616,-0.0908490158605534,-0.0383920039605224,0.0339534538198394,-0.0495272185001909,0.0419482167783917,0.0767758100642579,-0.1774596281727796,0.1859751622326803,0.0585096931504752,0.1370458968358056,-0.0113564131884503,0.239882742204794,-0.0596842420842287,0.0173157171034984,0.0471198120875756,0.0079035238724254,0.0821165198880986,0.0372618228238124,0.1395161256558026,-0.1601936933410427,-0.0377946964015913,-0.0558146402204551,-0.1254672867966782,-0.2100116076844808,0.075077527312194,-0.0412370334450585,-0.0060246534179563,-0.0636905524007316, 23.3          , 21814.0      , 13332.0       , 1494.0       , 31.28               , 39919.0            , 23598.0             , 2212.0             , 1.34             , 1.83            , 1.77             , 1.48
LALITPUR       , LALITPUR       ,2024, 2080/81, Bagmati Province      ,0.0413129799077543,-0.1579820503649158,0.1934304939733911,-0.0706079797667485,-0.0022248032377821,-0.0810162897452686,-0.1008758699724973,0.168904377119324,-0.0276434846173225,0.0844597470248784,0.0535930735164381,0.0128330080784848,-0.2750588738075386,-0.0244683896747065,0.0136124530036898,-0.0421766986251634,-0.1001406355464835,0.0746442896696354,-0.1230203118312284,-0.1600139147317702,-0.1047887786437643,0.1066419803612249,0.1269424988965689,-0.1198454865305967,0.0397839630674033,-0.0173432328995205,0.0066617410179708,-0.0012081468479141,-0.0921057386103802,0.0320678050359248,0.0521909987952794,0.1532887710956382,0.0612733505946542,0.0210173571658665,-0.076755252980252,-0.0477936763402708,-0.0997689361859083,-0.0371915035793104,0.0232991471360588,-0.0653632446751262,0.0309212834113472,0.0125162187516132,-0.1916670597460157,0.1487461086264115,0.0801635729162495,0.1308193535724583,-0.0188500127809856,0.2650663300454704,-0.0426241325474697,0.0078853190707539,0.0663259998153654,0.017513254327435,0.0511966343655518,0.0330388293780523,0.1319599804512956,-0.165727903139628,-0.0673056884362281,-0.0598088158693487,-0.1401446515454135,-0.1677841894375581,0.0858180502044187,-0.0256391161088247,-0.0093640950504519,-0.0773454192785334, 39.0          , 9158.0       , 518.0         , 2497.0       , 47.0                , 36815.0            , 544.0               , 9339.0             , 1.21             , 4.02            , 1.05             , 3.74
LAMJUNG        , LAMJUNG        ,2024, 2080/81, Gandaki Province      ,0.030268146585704,-0.1645961024909362,0.1623157067586955,-0.07920915155635,-0.0324702672667564,-0.038400389889856,-0.1036316006807861,0.1515259829484219,0.0292094428144388,0.1270118259647552,0.0736576281811713,0.0247211633037148,-0.1821478227035407,-0.0220485677507692,-0.0250970649450333,-0.0362110407514457,-0.0987209429061837,0.0711034134004827,-0.1131326334538286,-0.1723625842766434,-0.0503048024378345,0.0868327841686953,0.1058980523827662,-0.09775443168743,0.0386022330954109,-0.0679667081837387,-0.0283473256065528,-0.0083951335866778,-0.0793382095180414,-0.0104826377462291,0.0335531128289983,0.1631426463801706,0.016308066156388,0.0369146232552571,-0.1041789750088407,-0.0719438815961102,-0.0671928453715187,-0.0713530654766117,-0.0308727568450148,-0.0740121199322122,0.0379458942416203,0.0403032722606174,-0.1539974733306135,0.1073988882764086,0.0242844548361904,0.1535886240048219,0.0190607020271849,0.232998807276396,-0.0284796624525481,0.0336292396177463,0.0091957261798955,-0.0284834655493229,0.0809354595254222,0.0928094354402358,0.1347335657336103,-0.1539990164918835,-0.0976861293634106,-0.0985272006139261,-0.1450546343378132,-0.1680054688939544,0.0627385800252322,0.0247190437895628,-0.0287193135266195,-0.0704210558248921, 9.0           , 15570.0      , 7200.0        , 13.0         , 14.0                , 33631.0            , 8640.0              , 31.0               , 1.56             , 2.16            , 1.2              , 2.38
MAHOTTARI      , MAHOTTARI      ,2024, 2080/81, Madhesh Province      ,0.0118923772281591,-0.1281423609951689,0.1391941883027376,-0.0069599892311391,0.0075140705029125,0.0456024791990062,-0.0616098231186766,0.1390146136922327,-0.0945851217865837,0.1198771212293915,0.1479927617514609,0.0665304871984081,-0.3267215253718996,0.0167259053024467,0.0412934341763885,0.0897438008197926,-0.177801106386277,0.0079048489775221,-0.1021397188727935,-0.1057552257014907,-0.2107793803819768,0.293136843410387,0.0888477307360185,-0.0586000735961744,0.0430063432921213,0.1502041002999442,0.069614607216088,0.0210683892264216,-0.0640120827714443,0.1149500448107155,0.0866068731545367,0.038166067590706,-0.0109168981249968,-0.0255440462060189,0.1133242682464262,0.1463428232662048,-0.1989136754749444,0.0298604445642495,0.0869777539825152,-0.0358700117743406,0.0649900855468044,0.0540913697191872,-0.1664778301085348,0.2248505638017131,0.0151585193458205,0.1208638146793689,0.0717926851883297,0.114230887766694,-0.1255100707611894,0.0520374899601988,0.014675533041454,0.1496283708606327,-0.0220255966223049,-0.0876282940799217,0.211316063629863,-0.1527205707308625,-0.1120154422794778,0.0318854551790222,-0.0790154220596138,-0.096881479250545,0.0625074064447459,-0.0849431992733627,0.0620755971911503,0.061314910183185, 8.0           , 5000.0       , 350.0         , 29100.0      , 14.0                , 22500.0            , 385.0               , 97951.0            , 1.8              , 4.5             , 1.0              , 3.37
MAKAWANPUR     , MAKAWANPUR     ,2024, 2080/81, Bagmati Province      ,0.0594610721838585,-0.1374726464366053,0.1900075751579756,-0.0550401733982107,-0.0152649662553178,-0.0435342509908132,-0.1371578296945192,0.194504303232839,-0.0084138851221763,0.0971890713913422,0.0927205520560316,0.0802477586843151,-0.3029052329211528,-0.0175187313535938,0.009933649884822,0.0276740817401845,-0.085090674289706,0.0439800884200334,-0.1026234262788939,-0.112260038288667,-0.1596454216892424,0.1713072075999018,0.1670270032072071,-0.0952774151029986,0.0553791709891974,-0.0044422419675062,0.0047837317271659,0.006825719408271,-0.0990642974107509,0.0404137273738866,0.0749935782793976,0.1602063774507671,0.0598882899162712,-0.0058500151237894,-0.0298299543696691,0.0088522412886363,-0.1219720806197788,-0.0080638217048234,0.0558612263636207,-0.0792810337169812,0.0461381919251755,0.0124921468111373,-0.1377756913573256,0.2458443947954062,0.0900243749707942,0.130425538661986,0.0064240042868554,0.2369518189516696,-0.0425316095750404,0.0501209496294826,0.0385249827403516,0.0186623172460476,0.0613107243683676,-0.018628133510677,0.1609620486022023,-0.151707620887296,-0.0856094888835197,-0.0484525392332691,-0.1118199187030275,-0.1272029123491691,0.120025707804805,-0.0448825509018806,0.0384965685477793,-0.0491872092234036, N/A           , 19069.0      , 5550.0        , 1704.0       , N/A                 , 64072.0            , 7382.0              , 4976.0             , N/A              , 3.36            , 1.33             , 2.92
MANANG         , MANANG         ,2024, 2080/81, Gandaki Province      ,-0.0569094935715249,-0.2284303446587556,-0.0033408048933947,-0.0775639407798056,-0.1555570903981581,0.078362589174026,0.0766974085376206,0.041590211858151,-0.0494893512321559,0.1371843755702417,0.1378588247911292,0.0207146736590351,0.0164570425498718,-0.0429307753696632,-0.1238026605017836,-0.0356963344598813,-0.0614127482869794,0.0858852699703114,-0.0683357418285716,-0.19255864920848,0.0739697924375567,-0.0386615952501305,0.0700490375606183,-0.0876638284921314,-0.0022602650136748,-0.0629793583225789,-0.0373399777364234,0.0677685331899219,-0.006393245853376,0.0069777586852436,0.0112117109431673,0.1927186409554737,-0.0430391078003872,4.576713558170193e-05,-0.0783012166630317,-0.1502789037116252,-0.0436772404514718,-0.1329637947305135,-0.0738267327930163,-0.051031283298259,0.0242479212459301,0.0915640265835573,-0.1004792688069688,-0.0731884900097258,0.035101905242041,0.1444070807002559,-0.0499551425615185,0.1586421523078919,-0.0819468749042353,0.0335268546305247,-0.0212409515055515,0.0358730281325595,0.0661956415853308,0.1272074003060274,0.2225648324499841,-0.0720281276171746,-0.1531510597573437,-0.1568792249878941,-0.1419221377399496,-0.1125531615126475,-0.0940389563481173,0.1513331216643511,-0.1834570995498863,-0.030706029927084, 50.0          , 135.0        , 2.0           , 110.0        , 102.0               , 267.0              , 2.0                 , 231.0              , 2.04             , 1.98            , 1.0              , 2.1
MORANG         , MORANG         ,2024, 2080/81, Koshi Province        ,0.017240490298806,-0.122197685319923,0.1737759974991969,-0.0358773932627049,-0.0009264672071852,0.0364001898392114,-0.0560831150305521,0.0992869108340105,-0.0611863328372495,0.1469155921312599,0.1148179041723478,0.05549832677604,-0.3062279641541582,-0.0225532372647996,0.0264966279100757,0.0712723036746113,-0.1703954340154087,-0.0144172170043857,-0.1052816497170327,-0.0852210710521318,-0.1933382678749907,0.2874827362982985,0.0465488735757428,-0.0416537503217378,0.0650545284801019,0.139314762322488,0.0376640310161206,0.0152594988000392,-0.0819136283162906,0.0876423786967148,0.0744004015985235,0.0556073894869422,-0.0326372439591208,-0.0066342446771118,0.0664607508098326,0.1236411320702163,-0.2005633827732672,0.002802137254975,0.0878646425797024,-0.0449300386067789,0.0503831806757307,0.0750345785580523,-0.1845595495690833,0.2276302726018934,0.0377313582896601,0.0957847218265897,0.0505657514307042,0.1394590357497779,-0.1125061614166889,0.0764511429124827,0.0321281936545869,0.1132398858448204,-0.003299430053779,-0.0839699148811264,0.2126949043459423,-0.1388615131734218,-0.0986415165964032,0.0081754378571181,-0.1109129652817401,-0.1031318958494671,0.0452163613572158,-0.066745643714728,0.0293409909991384,0.0723478624429487, N/A           , 20452.0      , 1320.0        , 11960.0      , N/A                 , 141119.0           , 1637.0              , 35880.0            , N/A              , 6.9             , 1.24             , 3.0
MUGU           , MUGU           ,2024, 2080/81, Karnali Province      ,-0.0308971460571899,-0.2206678285539311,0.0384227276795212,-0.0929509094527563,-0.1237364267151397,0.027089081389525,0.0402148084608818,0.0957588887050689,-0.0469562868069919,0.1039182262893954,0.1178030332956278,-0.0011353673918187,-0.0490435981849287,-0.0344176008473726,-0.0445068791339007,-0.0427598342167659,-0.0973701090710321,0.1380526723792668,-0.1063807155666707,-0.1844029797967247,0.0625099235277864,-0.0631818620668109,0.0764084038581702,-0.0801498960926528,0.0292086194044989,-0.0803413911236216,-0.0237115292858706,0.0485524102072248,-0.0206993096452429,0.0051164851052292,0.0358542458929935,0.2044083364731891,-0.0399634321170098,0.056549176932994,-0.1246668159958048,-0.1370376332304241,-0.0502613717768691,-0.0735693984658547,-0.0349671352366059,-0.0807718387778474,0.0088652334238252,0.0384551647063603,-0.1064798293071069,-0.0414983832687325,0.0515325778538195,0.1434119899625257,-0.0003961386046992,0.1497410594290656,-0.0430846157021501,0.0243709062647793,0.0083999408836902,-0.0061155957480693,0.0509160444157007,0.1444351592080299,0.1856475150359911,-0.0563648067595704,-0.170102381746641,-0.174902967907311,-0.1358740991024344,-0.144575035645945,-0.0244842917333405,0.1070230572423695,-0.1145887614409058,-0.0349111413176267, 512.0         , 1222.0       , 2125.0        , 1757.0       , 910.0               , 2139.0             , 4196.0              , 3272.0             , 1.78             , 1.75            , 1.97             , 1.86
MUSTANG        , MUSTANG        ,2024, 2080/81, Gandaki Province      ,-0.072006872626027,-0.2042151280616075,0.0121778853319057,-0.0840094208885924,-0.1892307471501268,0.1031303664049742,0.0551244825823535,0.0358781818633352,-0.0990944433058546,0.1115684417056122,0.1684645472735702,-0.0099286280084099,-0.0124991148847325,-0.0608418951907218,-0.0612742602233057,-0.042144568519041,-0.0730938230920228,0.1121138729908101,-0.0189041257750225,-0.1975065604769687,0.0555568121460329,-0.0441449057823819,0.0738225192008946,-0.0774252092600118,-0.0460770593317239,-0.0634403931064905,-0.0136553401915199,0.0644567496624525,-0.0079356599182152,0.0433953242391866,0.035061936823748,0.2191810163346,-0.0417434491753794,-0.0227281746438073,-0.0750392762926448,-0.1381946910662379,-0.0242422987517986,-0.1339309658244436,-0.087423706832332,-0.0499806465949763,0.0470308005432741,0.0605301783355514,-0.0666844159954713,-0.0581506452599404,0.0949242318747956,0.1068974788707286,-0.0287668202773933,0.1480306776998438,-0.0665569124292713,0.0072659570691296,-0.0078921836487613,0.0432568132471037,0.0758452660210086,0.083176526573382,0.2318767046220722,-0.0346370756793853,-0.1547523025917613,-0.1455153459321063,-0.1717817411218375,-0.1296757831471652,-0.0705971197178801,0.1161433599659863,-0.2449453280561536,-0.0515729258374296, 44.0          , 41.0         , N/A           , 115.0        , 91.0                , 61.0               , N/A                 , 430.0              , 2.07             , 1.48            , N/A              , 3.73
MYAGDI         , MYAGDI         ,2024, 2080/81, Gandaki Province      ,-0.0052575950467861,-0.1877691819016623,0.0918700266474348,-0.0665136698210153,-0.0773382537104285,-0.0194274111692594,-0.0162437764254207,0.1074922590439639,-0.0120250689224026,0.1176778231127894,0.0904722024517827,0.00600738518828,-0.100577521513299,-0.0263888316674986,-0.0695153280065361,-0.0424256985618464,-0.0903457068483414,0.0899951187259589,-0.1152911888392971,-0.1782596901169342,0.0248852120844123,0.0016814190140016,0.096242762568014,-0.0926360285453385,0.0412764855548042,-0.0873728298613456,-0.0076883466099991,0.0183597256583737,-0.0587932022575835,-0.0179766189630827,0.0245569517800856,0.1920973102322751,-0.0040403840436505,0.0317004918913814,-0.1184170524498753,-0.115983601530988,-0.0570826102645501,-0.0872976815103621,-0.0373343582807239,-0.0647786609939976,0.0153702769701423,0.0422333614064646,-0.1411048674573758,0.0049289288933985,0.0251864013994493,0.1607324782292896,-0.0245548321866269,0.1967315346074232,-0.044909617857978,0.0413179544062312,0.0001915773713088,-0.0136615631533669,0.0578615991629909,0.1101254076642517,0.1530425037270777,-0.1126786832712806,-0.1080524469016769,-0.1315192850005981,-0.1538054831022721,-0.1703254072828382,0.0029266822992316,0.0881482873374891,-0.0893035394624783,-0.0610084917091948, 250.0         , 9200.0       , 2450.0        , 2310.0       , 360.0               , 28520.0            , 3400.0              , 5336.0             , 1.44             , 3.1             , 1.39             , 2.31
NAWALPARASIEAST, NAWALPARASIEAST,2024, 2080/81, Gandaki Province      ,0.0572690453369557,-0.116172724927232,0.170875886406023,-0.0311558083180192,-0.013848763525212,-0.0196678310108068,-0.1435711266168378,0.1938264246106168,-0.0282664961266385,0.1094524118330534,0.1296961812607489,0.1016576422221367,-0.3029395693710803,-0.0181774367027224,0.0019771476728717,0.044620953280143,-0.0775589653421404,0.0190853701071645,-0.100446110993287,-0.1012431225951433,-0.2208137952828171,0.2293792597061376,0.1432300511378064,-0.0863766836391012,0.0307119775260791,0.0388867346978356,0.0406049432358552,0.022615217983131,-0.0559975354397322,0.0549472632309697,0.0817293245226238,0.1445133958951447,0.0469136434314241,-0.0042638790552203,0.0207431908580657,0.0551463237240487,-0.1435840383726004,-0.0010125695942403,0.0570990443340847,-0.0427528311563061,0.0587498755757462,0.0511441099849952,-0.1134658526701282,0.2646202476160266,0.0701755719349356,0.128595691604435,0.0374205307934912,0.1786545792729266,-0.0634255964474018,0.0541153252241265,0.0229225250014165,0.0487858086047847,0.0454207352762477,-0.0487217103989424,0.1798965288129455,-0.1533619679191007,-0.0936328779587248,-0.0308236168786792,-0.0920020904283761,-0.1041894342830351,0.115402739407378,-0.0935277661308492,0.0508494372325452,-0.0140648400139573, 138.0         , 4562.0       , 257.0         , 7028.0       , 172.0               , 13585.0            , 305.0               , 20240.0            , 1.25             , 2.98            , 1.19             , 2.88
NAWALPARASIWEST, NAWALPARASIWEST,2024, 2080/81, Lumbini Province      ,0.0200258931817084,-0.1040520434530617,0.1541185959623441,-0.009049221698868,0.005626711571412,0.0494249501649903,-0.0623462119574822,0.1242040138144688,-0.074625958032696,0.1241717009196537,0.1328254805915567,0.0951656197342854,-0.318293560196648,0.027840580099857,0.033096222200414,0.0866180115769277,-0.139807288467619,-0.0049927579948353,-0.1123038801920592,-0.1446669021491212,-0.2284756508252515,0.2678756557345609,0.0841015952533724,-0.0442863903207393,0.0225058612730533,0.1291677579699432,0.0486166984324985,0.0362767320356512,-0.0170698879746903,0.0684452629128801,0.0905287780639628,0.0840216508134921,0.0099055076626734,-0.0273349533130944,0.1046400083915258,0.1317259121931732,-0.1630272973125774,0.0229394704296463,0.0628384283646135,-0.0135915391418471,0.0757741771309407,0.0519457552828896,-0.1435988607451569,0.2183437037513806,0.0354038075670248,0.1056816326406189,0.0710280475081912,0.109330871459228,-0.1148345212879742,0.0637043196657304,0.0053834731265009,0.1116023692291416,-0.0094621154030807,-0.1061099069755085,0.2256466103562168,-0.1518681140130749,-0.104751352113222,0.0095424642247067,-0.1002027007379171,-0.0927584631699914,0.0876712489651818,-0.1142330808448725,0.0529222946845003,0.0334213770699253, 9.0           , 3901.0       , 38.0          , 8595.0       , 10.7                , 15597.0            , 40.0                , 27246.0            , 1.19             , 4.0             , 1.04             , 3.17
NUWAKOT        , NUWAKOT        ,2024, 2080/81, Bagmati Province      ,0.0220789165587542,-0.1617586963896138,0.19419912323066,-0.0723295103424952,-0.0258095396908034,-0.0683735424312615,-0.1197621461126547,0.1959862788674507,-0.0030603965308525,0.083373022282865,0.0860988219976562,0.0279040745441355,-0.2557773721360195,-0.0236753962647458,0.0483086211405271,-0.0337552050662066,-0.1061413541634555,0.0659528807993195,-0.1407525897916349,-0.1627344677473013,-0.1429203063276084,0.1119064189453621,0.141294021766682,-0.0999179104847586,0.0470957342340598,-0.0342556153733498,0.0049660646152874,0.0042777870751932,-0.0783451384044887,0.0133007723261712,0.0527980374034707,0.1738143723603565,0.049256996773744,0.0277325533705055,-0.0706827457850975,-0.0397482869141627,-0.0636146849162817,-0.0091014657392683,0.0358316335613083,-0.0524222245620933,0.0161155698644305,0.0195048956588677,-0.1808805133353714,0.1750660892281365,0.0778154534082831,0.1491292522761317,0.0189737767434158,0.2255352757316535,-0.0527765637902725,0.03342475836107,0.0517758310727684,0.0388412042900277,0.0760628304349713,0.0301372634633153,0.138544255321417,-0.1527445425016011,-0.0880356638230771,-0.0761072001764086,-0.1611871169742096,-0.1596506097291146,0.0860240940390583,-0.0336469041489888,0.0062556919532559,-0.0995080401054834, 153.0         , 16217.0      , 5114.0        , 4493.0       , 193.0               , 49462.0            , 7262.0              , 16040.0            , 1.26             , 3.05            , 1.42             , 3.57
OKHALDHUNGA    , OKHALDHUNGA    ,2024, 2080/81, Koshi Province        ,0.043428968352679,-0.0999682568653076,0.1774080419951323,-0.0811769738873384,-0.0254981839132467,-0.0630474641333793,-0.1086075823996865,0.199197256832444,-0.0034700179576995,0.0690574999294756,0.0878978258317787,0.0008134459106738,-0.2608577671530342,-0.040507065244339,0.021537008503804,-0.0248064580421987,-0.1071923773674644,0.087980012862305,-0.1413171379385652,-0.1401947793972475,-0.1347017489651327,0.1255343647225332,0.1302307801069394,-0.1297273213503037,0.0543535301074441,-0.0492272453001285,0.0333510520216805,-0.0137842682856238,-0.1041704297688285,0.0711549564900514,0.0585647166602708,0.1481931511516405,0.0729010510145134,0.0579896995924672,-0.1275093358121172,-0.0374041763560974,-0.0787975077833646,-0.0424048245744943,0.0354447424579812,-0.0432053067591407,0.0232500831512127,0.0665253104567403,-0.1801482136155094,0.1585783697068119,0.0653590094791328,0.1362361163096953,-0.0150963554026616,0.2397502743225162,-0.0635046132070014,0.0062777270939647,0.055808987482423,0.0113533879262922,0.0792264174103897,0.0501785030088487,0.1234230048215495,-0.149118769743584,-0.0307440148286694,-0.0667968321605738,-0.1319882865217141,-0.2133577416280411,0.0652181961351954,-0.0371396220348449,-0.0125969038530307,-0.0681010752233815, 80.0          , 12400.0      , 7751.0        , 2145.0       , 125.0               , 42160.0            , 12517.0             , 4076.0             , 1.56             , 3.4             , 1.61             , 1.9
PALPA          , PALPA          ,2024, 2080/81, Lumbini Province      ,0.0550302832026988,-0.115301235976176,0.1886257656737945,-0.030790346547751,-0.0069687614643115,-0.0643629174332472,-0.1342477405314759,0.2079751542705238,-0.014103017110707,0.059354552085719,0.0974458770978225,0.0732050608514907,-0.3085809187011995,-0.0347916807915269,0.0182020176513996,0.0181150952359742,-0.0692268796493739,0.0771005726763242,-0.1358898249608677,-0.140845061751984,-0.1854152350785318,0.1488489377199535,0.1569711650337809,-0.1216676156661946,0.0597733687989704,-0.0133784693115067,0.0432850732057847,0.0123330132091115,-0.1087589957253439,0.0733373802498673,0.0785483331928753,0.1840478429321054,0.1025026800419571,0.0394389052323962,-0.0801313363104555,0.0032268200997208,-0.0994455849911282,-0.0054498002698143,0.0396006873883388,-0.0506840367832136,0.0486224944477461,0.0170276818977583,-0.1403667230672338,0.2285965790090249,0.0998437325805127,0.1402763953025343,-0.0041317916611627,0.2280031354544344,-0.0528974536242832,0.0319208072464111,0.0468933752479224,0.0177450444632248,0.0555430032664718,-0.0031075189832379,0.1416790017456791,-0.164200482278104,-0.0649910125880464,-0.0599885886340819,-0.1000678270889245,-0.1545696636567378,0.1133558629817799,-0.0501322029153881,0.0191850238288796,-0.0415543577990743, 110.0         , 21862.0      , 2363.0        , 5765.0       , 124.3               , 75661.0            , 3101.0              , 16430.0            , 1.13             , 3.46            , 1.31             , 2.85
PANCHTHAR      , PANCHTHAR      ,2024, 2080/81, Koshi Province        ,0.0532376663046652,-0.1034758410998069,0.1636967263095968,-0.0901152528601995,-0.0180415788178688,-0.0518985312774673,-0.1265311982634215,0.1592727784486227,0.0335473907504684,0.0992531366809836,0.1052540168926349,-0.0216239004849672,-0.2493554674934496,-0.0429785718055466,0.0125026100924252,-0.0258910597948143,-0.0813754897444542,0.0660432359700222,-0.1422248835703437,-0.1685662380751187,-0.1273730252228814,0.0975516946853998,0.1246031508469674,-0.1366484089912384,0.050861775050891,-0.0521693168666231,0.0200293247501746,-0.0201585371846256,-0.1173887758633751,0.0776625812081616,0.0167657058725624,0.1323449576237145,0.0704714350814101,0.0452524357086955,-0.15154772478098,-0.0528236574984619,-0.0851807091477963,-0.0312908049849127,0.0028290427632043,-0.065150132826196,0.0624438452475467,0.0483583447247443,-0.1853521221646898,0.184573322550576,0.0336689620452071,0.1173500218332049,-0.0298704859507844,0.2399282391059202,-0.0154064457964758,0.0434175515782294,0.0507149939693093,-0.0228323646142199,0.0957100677532716,0.0715135306702311,0.1587786964283525,-0.1619163539478874,-0.0384201143327954,-0.0695254088354964,-0.1407963869152351,-0.2341215666568573,0.0836518100693027,-0.0313114392361035,-0.0020515264397231,-0.0448534381247823, 302.0         , 18808.0      , 3208.0        , 3725.0       , 393.0               , 67709.0            , 6416.0              , 6035.0             , 1.3              , 3.6             , 2.0              , 1.62
PARBAT         , PARBAT         ,2024, 2080/81, Gandaki Province      ,0.0383628391402722,-0.1741399394469555,0.206496201453753,-0.0675565050052695,-0.0127721926472328,-0.0778167614061163,-0.1371197771438253,0.1745482616718383,0.0127548590976101,0.0997231876734881,0.0741866102173469,0.0353479771995769,-0.2592651666819784,-0.038951562265922,0.054346896743831,-0.0291743001581633,-0.0947590754332205,0.0651116678397733,-0.1202564194607957,-0.1788659934988465,-0.1294222739912846,0.1152991142666866,0.1355094026240657,-0.1259904372542265,0.0504963223910702,-0.0304200575987434,-0.0108864236058302,0.006666115528532,-0.0959514883977429,0.0116736727184057,0.0517351256492921,0.185957120077035,0.0603827765535251,0.0302780732722372,-0.1062222406509685,-0.0404428950267657,-0.0540891066424538,-0.0129835527832797,0.0018890774361995,-0.0459062114707961,0.0558785792368906,-0.0006279450116493,-0.1669793791744136,0.1822329264563217,0.0816727669425766,0.1373713024056302,0.0237281100022751,0.2404567842301579,-0.0039733875065933,0.0332721627032048,0.0537952070572399,0.0031256713168416,0.0703112705166366,0.0485629589124237,0.1197508192460922,-0.1639157364633011,-0.0924758235078611,-0.0828841043343346,-0.1339538793756139,-0.1835156040649085,0.1154454094419078,-0.0316770179666643,0.0071565334948198,-0.080701596760742, 53.0          , 13600.0      , 7340.0        , 2220.0       , 54.0                , 33120.0            , 7850.0              , 5220.0             , 1.02             , 2.44            , 1.07             , 2.35
PARSA          , PARSA          ,2024, 2080/81, Madhesh Province      ,0.0451142182280965,-0.1447243497056715,0.1406967591855533,-0.0270006474262964,-0.0086254556544475,0.0207092639532152,-0.0774548623636735,0.1485558608245944,-0.0596667221677349,0.1342792199311263,0.126327498470607,0.1239381428759926,-0.3276664715401688,0.0282427938662858,0.0087249687582558,0.0763278932166227,-0.1319339499493191,-0.011971490691739,-0.0758267690545197,-0.1232601314522356,-0.2015868500689264,0.2594372520405877,0.1492448918697636,-0.0599952759004556,0.0333122730250887,0.1003246148763156,0.03879826326717,0.0518135085625613,-0.0295046515172547,0.0574565653876351,0.0962089252538836,0.0859467374431711,0.014139808716598,-0.0539479029769657,0.1059840724701972,0.1088775521840962,-0.17834767346714,0.0186635591963093,0.086455114621271,-0.0782406443768067,0.0622357887182823,0.0122240630289821,-0.1281567206288884,0.2573757510179931,0.054856029770019,0.0934436016206937,0.050872216615618,0.1213650938592002,-0.1127612247994173,0.0674091890210613,0.0029850897394331,0.0854015185171333,0.0043718169024549,-0.0960373444821905,0.1965627861464025,-0.1250416958712786,-0.106231500595978,0.0187259273340533,-0.1088654524185066,-0.0813447898950892,0.1182611525862371,-0.1113714681192048,0.0662098483898294,0.0267492629898447, 28.0          , 3890.0       , 407.0         , 23020.0      , 37.0                , 15599.0            , 440.0               , 85865.0            , 1.3              , 4.01            , 1.0              , 3.73
PYUTHAN        , PYUTHAN        ,2024, 2080/81, Lumbini Province      ,0.0569871081529115,-0.1262686425850246,0.188196930665345,-0.0641898144659249,-0.0269913235096582,-0.0842364172299051,-0.1140821213898347,0.2057259981790641,-0.0326489263793971,0.0440686070984355,0.0685243846496725,0.0568872026886583,-0.2833345563300413,-0.014194813019288,0.0367189016114309,-0.0023198055961838,-0.0908346230025341,0.0985996427691568,-0.1224908066549195,-0.1408683943657529,-0.1199892369631869,0.0902760660217978,0.1794005587116139,-0.1271348852282549,0.041666647834575,-0.0476243175400974,0.0355081821409072,0.0184368183400064,-0.0885610605753584,0.0379328000344795,0.0843988726193346,0.1823926111954495,0.0829413394692263,0.0422921297299496,-0.1079211020009331,-0.0225765221288756,-0.0641837840027022,-0.0004265312407887,0.0494637167264012,-0.0635175694395531,0.0152274452334108,0.0095764547549435,-0.161344568513553,0.1571617146937458,0.0981065244818993,0.140221604816021,-0.0316653570380196,0.2352087287328617,-0.0533657159928283,0.0239715433190285,0.0498425298441642,0.0080108200069078,0.0471134641869082,0.0139805047455716,0.1472553439182391,-0.128381610523657,-0.0788819060476301,-0.0537637736748746,-0.126216129087222,-0.184763387790326,0.1386078312852402,-0.0365506624629466,0.0084389628771606,-0.0777029094061201, 544.0         , 12140.0      , 1885.0        , 8651.0       , 587.5               , 40097.0            , 2488.0              , 25087.0            , 1.08             , 3.3             , 1.32             , 2.9
RAMECHHAP      , RAMECHHAP      ,2024, 2080/81, Bagmati Province      ,0.0268508396360246,-0.1312528126098502,0.1489662879027606,-0.0865940556617254,-0.0519546817719766,-0.0543881776992602,-0.0754022438464658,0.1708363633627206,-0.0002260362457144,0.074665663029532,0.1158466762795453,-0.0063757983473533,-0.2156353021582523,-0.04236512289686,0.0150293270131487,-0.0206884171820913,-0.1068197495534118,0.0863004747577293,-0.1390601340707214,-0.1595472897213997,-0.1038049201046864,0.0943592918124035,0.1393410318340169,-0.118639681416168,0.0446102384730943,-0.059666195604339,0.0272890430716341,0.0045090129684497,-0.0880664864922799,0.0586670362497995,0.0445099743216084,0.1536563801175574,0.0541885292453152,0.0626803352733575,-0.1175852122486513,-0.0646395739868825,-0.0741472696507607,-0.0511450667412018,0.0213093182020029,-0.0536860712437611,0.0259237323231518,0.0524334131892452,-0.1758669068394215,0.1368689906489821,0.0494056885840185,0.1409140434969996,-0.0116287837439287,0.2047303928155837,-0.0705080523294112,-0.0021656750433834,0.0543505995244384,0.0259866628632866,0.0756287709166966,0.0624870442603758,0.118636617122239,-0.1395008320474355,-0.0472378420267735,-0.083141842194705,-0.1310786400932233,-0.229505635210877,0.0456968844080153,-0.0028129431634873,-0.0346746282908552,-0.0687614544524615, 61.0          , 22169.0      , 4886.0        , 3677.0       , 82.0                , 64290.0            , 5472.0              , 8163.0             , 1.35             , 2.9             , 1.12             , 2.22
RASUWA         , RASUWA         ,2024, 2080/81, Bagmati Province      ,-0.0124178672987574,-0.1990003866774555,0.0587836607877372,-0.0737531846257163,-0.0988726185703951,0.0002457733003957,0.0016736684468575,0.1012902785977529,-0.0036768941557557,0.1200843727655261,0.1220377295083847,-0.011481448705433,-0.064864154471591,-0.0296775376932759,-0.0735342912095316,-0.0556385680072433,-0.0700498979514581,0.0934220288878502,-0.1162519310018147,-0.1864726062458431,0.0442581612210315,-0.0301754937748586,0.1117936433956818,-0.080637635568554,0.0274452129929524,-0.0892540410680078,-0.0240638383653776,0.0334449178376179,-0.0189598521181723,0.0004751783450813,0.0155261432889182,0.1809208215962741,-0.023946444570907,0.0446230121564354,-0.1122565737447877,-0.1427579273297675,-0.0573896896688892,-0.0891083086199846,-0.0241097071596199,-0.0787528424621346,0.0094348296511662,0.0370129351494172,-0.1330480299224191,0.0062759875362937,0.024045148549707,0.1553414565825,-0.029424998921552,0.1804791282740127,-0.0540537045154232,0.0444920385475478,-0.0101673801716627,-0.0039570967907585,0.0564219577797279,0.1324460803477348,0.1735050555092473,-0.1041645384940949,-0.126934525317026,-0.1390137813416029,-0.1550301943713352,-0.1679226166820981,-0.021966186010125,0.1044807741802269,-0.1014208051083071,-0.0607462683422548, 242.0         , 2530.0       , 897.0         , 760.0        , 329.0               , 6401.0             , 1014.0              , 1231.0             , 1.36             , 2.53            , 1.13             , 1.62
RAUTAHAT       , RAUTAHAT       ,2024, 2080/81, Madhesh Province      ,0.0119398762805759,-0.131512055752881,0.1393357567812593,-0.0105840084703766,0.0113609108552903,0.0524624926398808,-0.0452065905275314,0.1130299476617106,-0.0931778941109812,0.1366798592513686,0.1323525062006268,0.0867288582490819,-0.3224490916966583,0.0291795244708947,0.0411726345334617,0.063953735624641,-0.1662992677016717,-0.0049566938276907,-0.11620965071077,-0.1293366649935019,-0.2143141649462156,0.2860642402340527,0.0599284995458393,-0.030975198819666,0.0310758692100579,0.1676621665636128,0.0719159219570904,0.0311326126531372,-0.0095328187832964,0.0789964578382828,0.0898759555562261,0.0615211737379494,-0.0030714072321829,-0.0315633168453619,0.1270931007416396,0.1517475281795634,-0.1876382550098847,0.0257780282798782,0.0814374841989292,-0.0253686824857998,0.0673052224502528,0.0460883934687487,-0.1505067904936927,0.1993844417807285,0.0277284584707454,0.0932148808635034,0.0735863173592916,0.1018371034521564,-0.1440004506190318,0.0733549131346971,0.0097958888314089,0.1298859561522278,-0.0283324976414769,-0.1152472416310232,0.2206078148233337,-0.129178727448877,-0.1126015801597666,0.03187836470116,-0.1164968943166176,-0.0659966271114333,0.0560581474658359,-0.0922813140438515,0.0641797451865041,0.0571543693577341, 2.0           , 4950.0       , 25.0          , 14800.0      , 3.0                 , 20700.0            , 25.0                , 58200.0            , 1.5              , 4.18            , 1.0              , 3.93
ROLPA          , ROLPA          ,2024, 2080/81, Lumbini Province      ,0.0436274490021206,-0.1325329078243285,0.1585347856246052,-0.0722834031946311,-0.0349828225289337,-0.0857889726555579,-0.1024343519345066,0.198592612489751,-0.0219903289747677,0.049151482755741,0.0535745845171466,0.031284436242472,-0.2545922386014164,-0.0075441967579458,0.0314622744342548,-0.0297606588936601,-0.1297592670500602,0.1141902891460949,-0.1313325330016738,-0.1777043482440362,-0.0705402046463692,0.0053500315826918,0.1658663825400062,-0.1231530780185591,0.0443641159483769,-0.056802795877915,1.676355770338057e-05,-0.0018138447818868,-0.06588942005839,0.0108851165592835,0.0685970527272756,0.1903562257102752,0.0700100022483314,0.0652356116394041,-0.1357862013556046,-0.0404909802019828,-0.057892834945425,-0.0112633795455582,0.0360206814747444,-0.0716771405923887,-0.0049089328896863,-0.000255357025292,-0.1644953883097732,0.0822972512570695,0.0784685089314637,0.1366718126588702,-0.0394270342299497,0.2390350988882806,-0.0270572535083333,0.0155974330821848,0.0740645519639219,-0.0318473318103176,0.0514810423482214,0.0648100911149702,0.1194929038984099,-0.1224016934305479,-0.0929992425783824,-0.0542022993078324,-0.1587621182539561,-0.1957290790635495,0.1268317340620917,-0.0189151880037715,-0.0185900375140647,-0.1024085892781362, 540.0         , 12700.0      , 1236.0        , 8490.0       , 637.2               , 39724.0            , 1618.0              , 21225.0            , 1.18             , 3.13            , 1.31             , 2.5
RUKUMEAST      , RUKUMEAST      ,2024, 2080/81, Lumbini Province      ,-0.0017767315789458,-0.1841986688078227,0.1076815569277653,-0.0966593352085614,-0.1092572108926587,-0.0353814002436513,-0.0244910205445887,0.1438344488326588,-0.0091182513450815,0.0889944394928894,0.069566886124107,-0.0154910738237358,-0.1109193394015389,-0.0210319563003627,-0.0283487583851223,-0.0350534031715129,-0.1398801402107091,0.1299655310809336,-0.1430202014264682,-0.1790020026682174,0.0450270530502543,-0.0513686716992035,0.1240862842265927,-0.0805647249810845,0.0384357809109176,-0.1030557385715875,-0.0123502835895357,0.0172347472058636,-0.0277048592223604,0.0038016351732259,0.0484829464420153,0.2003679404510451,-0.0090279109367244,0.0781335031481742,-0.1382031149818126,-0.1139024499355157,-0.0309610573223695,-0.0479140976758768,0.0063086860828115,-0.1007442757182108,-0.0266256548901991,0.013787533551051,-0.1416051760837657,-0.0123819445134395,0.0476447719353295,0.1384519566869138,-0.0091005242563802,0.1797953591516221,-0.0259489514644639,0.0073151597942301,0.0351984534154437,-0.0404381310527128,0.0409598418630611,0.1385598797781855,0.1370893061787871,-0.0807569396812961,-0.1279025445352688,-0.1212222216051963,-0.1755513189565112,-0.1608069476173617,0.0248889514566382,0.0679805916997042,-0.0921946170820013,-0.0687813245627485, 570.0         , 5048.0       , 350.0         , 3213.0       , 737.0               , 16641.0            , 458.0               , 9285.0             , 1.29             , 3.3             , 1.31             , 2.89
RUKUMWEST      , RUKUMWEST      ,2024, 2080/81, Karnali Province      ,0.0320355481977021,-0.168431467757788,0.1432146087993495,-0.0832170697977424,-0.0568648411591496,-0.0652128568291103,-0.0654437135385041,0.1948216729566311,-0.024125395501566,0.0584283242045732,0.0627696931884311,0.0242217558575025,-0.197189419327195,-0.0184966398117728,0.0344598400237333,-0.0374759448005196,-0.093760305242161,0.1204989750226648,-0.1484099352216753,-0.1896401989743906,-0.0189968983000898,-0.0261646258532076,0.1226484809732859,-0.0989160097461282,0.06490356374333,-0.0719925661754897,-0.007387752266119,0.0057267904136309,-0.0354435078340164,0.0166777915705329,0.0430051390475109,0.1685609865457028,0.0482712015370001,0.0681150265755908,-0.1418075999533611,-0.076391623042153,-0.039763041311108,-0.009949325172422,0.0270440014847312,-0.0821531610848448,-0.0030869451293511,0.003559277270167,-0.133352669540334,0.0348663162539452,0.0688199115761955,0.1410216377537524,-0.0266423757569176,0.2401032621880972,0.0001051141474413,0.0301645904896866,0.0466479771530344,-0.026336621210519,0.0438650593030575,0.0897849187610467,0.1405837033636571,-0.0746979480076714,-0.1178330046551708,-0.1007265759249276,-0.1488814468354464,-0.1558134320652286,0.1076234104199352,0.01579018934978,-0.0064542636011524,-0.0761170048890678, 310.0         , 8900.0       , 455.0         , 9080.0       , 510.0               , 35340.0            , 625.0               , 21713.0            , 1.65             , 3.97            , 1.37             , 2.39
RUPANDEHI      , RUPANDEHI      ,2024, 2080/81, Lumbini Province      ,0.0188547886646841,-0.1352721923201842,0.1621953515633094,0.0042778623958912,0.0254161832428945,0.0503363994986836,-0.0158470944709598,0.1052947925038523,-0.098835521627525,0.1009216491534014,0.1111103212626855,0.1011466446214465,-0.3344011854174705,0.0519624056000201,0.0626667082693704,0.0850353919930448,-0.1354913014392629,0.0173115698208415,-0.1239781421621762,-0.1724937721960703,-0.1868619826878443,0.2486553060768401,0.074267045511323,-0.0267570412466148,0.027177411166944,0.1503116878625782,0.0622184801500734,0.0438093517050889,-0.0161537796947308,0.0781196668371229,0.1058597436652004,0.0664037897451445,0.0044367157716705,-0.0483224643856285,0.1095479523392362,0.1465038389226953,-0.1780453556614348,0.0274713822819748,0.0739149778447701,-0.0097669734675151,0.0839704825653076,0.0146593623392394,-0.1697480005119881,0.185826459289598,0.0339288080667931,0.0894836952210613,0.0728653815579819,0.0853657083045274,-0.1564886762381069,0.0537746545510664,0.0098830330002102,0.1385240880330933,-0.053141596996181,-0.1207585435281192,0.2325475899406129,-0.1388280734324676,-0.1101053456446584,0.0339256842400851,-0.118932884241122,-0.0886805312229271,0.0894226577806923,-0.0955199913881605,0.0452963759109739,0.0590256396189841, 65.0          , 2639.0       , 28.0          , 27356.0      , 105.5               , 10985.0            , 32.0                , 108490.0           , 1.62             , 4.16            , 1.16             , 3.97
SALYAN         , SALYAN         ,2024, 2080/81, Karnali Province      ,0.0512759766570838,-0.1338049814406234,0.162890569017158,-0.0828538818876792,-0.0251348502109404,-0.0693758790468086,-0.1070061744514969,0.2053236879919787,-0.0462388867921587,0.0344143932320274,0.0831574564921996,0.0749796633251698,-0.2998758369783628,-0.0058970352439081,0.0762115161228984,0.013827782703694,-0.1235062194223429,0.0909170894215574,-0.1271154244951444,-0.18206112821573,-0.1288940187262219,0.0587233622089874,0.188209941957949,-0.1490135089030535,0.0346669152068909,-0.0076691253245289,0.004584053577201,0.0323515527584756,-0.0584914304721593,0.0444561885818882,0.0855846250041571,0.1882347412740199,0.1013761589190377,0.0454864802477984,-0.0982786025130087,0.0097921312605674,-0.0801875660826262,0.0162907859903235,0.048356187287501,-0.0616656587600688,0.0136554981524746,0.0035837405747474,-0.155509882136748,0.1457705696157345,0.1048026940033604,0.1261328672977864,-0.0173362263372958,0.2274258631718604,-0.0681131586250528,0.0030838162823301,0.0829981930425096,0.0226417672332881,0.055485385374914,0.0190081079628383,0.1263422868576952,-0.1199713131241287,-0.0998241534375641,-0.0266754599940981,-0.1131978306905063,-0.1725901675803178,0.1612762336153094,-0.059027633305039,0.0197759978087023,-0.0899229373243072, 520.0         , 17650.0      , 1010.0        , 13125.0      , 875.0               , 74700.0            , 1210.0              , 28528.0            , 1.68             , 4.23            , 1.2              , 2.17
SANKHUWASABHA  , SANKHUWASABHA  ,2024, 2080/81, Koshi Province        ,0.0280406115033421,-0.1473815451222758,0.0984552125976314,-0.0813507055989491,-0.0308056706056285,-0.0334487125551574,-0.0457502978380849,0.1177307061656053,0.0372636895805928,0.1403713207449288,0.1043377568529688,0.0060906303726336,-0.1408649520395081,-0.0147174970770515,-0.0557688104027013,-0.0359162067021804,-0.0896874633009664,0.0623617121856033,-0.1247007343186477,-0.1561907152021471,-0.01521937304716,0.0548934718590678,0.0843256804634216,-0.0976561438215598,0.0250273056297856,-0.0951621066506527,-0.0127476422022705,-0.0122356806299429,-0.0674836706402887,0.0079816334369146,0.0231128482406289,0.1323998491237502,-0.0018407059542027,0.0459366916127136,-0.1241174812643755,-0.0958062112710048,-0.0735200548158587,-0.074320928525215,-0.0316007889596919,-0.0701359958559669,0.0266038223292206,0.0761948300171984,-0.1504903401384981,0.0890631871836549,-0.0067903800763605,0.1556214572647515,-0.0200541046897661,0.2073230623093921,-0.0505441581229763,0.0442580948893387,-0.0114436878848373,-0.034567791233699,0.0794837824477754,0.1231874673386508,0.1748136924363881,-0.1366676560171012,-0.0873936510231513,-0.1183144434007696,-0.1412056702390996,-0.2108921871413851,0.0098495546853851,0.0763268399474002,-0.0627839109056495,-0.0415931330827398, 13.5          , 12460.0      , 6669.0        , 714.0        , 17.55               , 30527.0            , 8803.0              , 1714.0             , 1.3              , 2.45            , 1.32             , 2.4
SAPTARI        , SAPTARI        ,2024, 2080/81, Madhesh Province      ,0.0010991506707297,-0.1255371433053742,0.1492700690714096,-0.0272007999349697,-0.0070779681656272,0.0604369514840365,-0.0506172970496237,0.0998643130512645,-0.0746634521493286,0.1467977326414667,0.1351216112766105,0.0605634979649678,-0.3094650242676209,-0.0083582536641187,0.0537057517495274,0.0917912078818803,-0.1897235235208038,-0.0089055473669048,-0.1097883485295258,-0.1066942714267509,-0.2008070177281376,0.2979328520212404,0.0336829879710646,-0.0285335601888921,0.0544252150188459,0.1469176806857937,0.0569571372698924,0.0182887691167336,-0.0646541219874468,0.0938793232549617,0.0963224996310713,0.0504571178473837,-0.0268126984785113,-0.0270048690285177,0.0914477038941817,0.1722172648654114,-0.1998213213401639,0.0241710159534747,0.111827736393724,-0.00207371179647,0.0520261079819785,0.0801306689291806,-0.1754092535541219,0.2002268630438775,0.0189295174012739,0.0959240311081517,0.0802084542042857,0.1166513419251283,-0.1268940534816802,0.0543014297908015,0.0413860246735421,0.1617378522614422,-0.0391098349511424,-0.0865573539164657,0.2071571573175956,-0.1396817217265696,-0.0936438122184541,0.0211321330630907,-0.0973435320759812,-0.0942078468233933,0.0299232654330599,-0.0767823387416799,0.0370739716672248,0.0878218673964127, 79.0          , 5150.0       , 210.0         , 19412.0      , 79.0                , 18025.0            , 273.0               , 70543.0            , 1.0              , 3.5             , 1.3              , 3.63
SARLAHI        , SARLAHI        ,2024, 2080/81, Madhesh Province      ,0.0084368022662422,-0.1247468113826997,0.1406204463212187,-0.0088340603203051,0.0044794022791,0.0446899863205858,-0.055336679467134,0.127303209465037,-0.0959682847614141,0.1261410419824356,0.1366692074391524,0.0699650885909539,-0.3256522543182868,0.0194751008499375,0.0378296721054578,0.0717639237122783,-0.1752147344151712,0.0006505684145362,-0.1126768953541521,-0.1102685193149556,-0.2342555376908729,0.2963616982378217,0.0679161321889132,-0.0444581491286902,0.0406285926869283,0.1675080650750827,0.0704379222786833,0.0186126936103682,-0.0335475395755728,0.09410586333152,0.0813560278847661,0.0617655438927841,-0.0042433443142234,-0.0220003969455323,0.1169980578178763,0.1467530671038388,-0.1874211247587126,0.0285335897006473,0.0806520920811137,-0.029395606107661,0.0654520539510331,0.0585441406468821,-0.1562601478602471,0.2166422548539704,0.0260836027330942,0.1099255223838845,0.0709291066142809,0.1107229635350805,-0.1342595219105229,0.0676271118895811,0.0145149789566779,0.1376656986581414,-0.0130260906002934,-0.0987419140260486,0.2126977492197981,-0.1429890533684736,-0.1103576246194606,0.0225228543313271,-0.101262838727869,-0.0823888445125817,0.0523662203218518,-0.0894276977007903,0.0635743650641713,0.0538057623883403, 62.0          , 11400.0      , 709.0         , 23350.0      , 71.0                , 62700.0            , 638.0               , 78456.0            , 1.14             , 5.5             , 0.9              , 3.36
SINDHULI       , SINDHULI       ,2024, 2080/81, Bagmati Province      ,0.0683259996084539,-0.1087764742657498,0.1645570328808354,-0.0477913677633975,0.0104283802850023,-0.0407519961838019,-0.1243228696144349,0.2050564692189992,-0.0123703390531752,0.0850109897440768,0.1205922190883865,0.0628861781124896,-0.316917070986373,-0.0210872168152758,0.021201306862721,0.0358567793070535,-0.0850590637351264,0.040130243500727,-0.1101612824431225,-0.0969140589475289,-0.171987782208471,0.2015137334363462,0.144246084250486,-0.1131154355286349,0.053421859901821,-0.0042944512084216,0.0380145080728473,0.0013930994579599,-0.1133914087218076,0.0806999913066751,0.0786349521513032,0.1255024353682142,0.0606132036590067,0.0129923065014393,-0.0478014253617199,0.0264591952304996,-0.1471337082862305,-0.0157292886551722,0.0537935338276921,-0.064382469956666,0.0555513744803987,0.0547711118015066,-0.1327490831245559,0.2633465670957356,0.0757864376125644,0.1287822289138138,0.0059191423309875,0.2349493823480871,-0.0651593507706736,0.0329486990291296,0.0297116502299777,0.0233611867525641,0.0565756372225666,-0.0206775660371806,0.1704951485068725,-0.1546672280460431,-0.069777467583956,-0.0388161641973311,-0.0860642481170652,-0.1507449261954106,0.0993559558472021,-0.0550301435855559,0.0374093357990843,-0.0262865026297942, 13.0          , 25982.0      , 10842.0       , 5208.0       , 22.0                , 84701.0            , 11059.0             , 13645.0            , 1.69             , 3.26            , 1.02             , 2.62
SINDHUPALCHOK  , SINDHUPALCHOK  ,2024, 2080/81, Bagmati Province      ,0.014156252285672,-0.1759377391805113,0.1340588955603283,-0.0889587581563454,-0.0478749344074669,-0.0439066300169992,-0.0643325977620046,0.1398659785750434,0.0115713242062465,0.1190700942608867,0.1055894785197256,-0.0056227625501887,-0.1722519904393121,-0.023142045575361,-0.0114567825133757,-0.045868307483818,-0.105155265838364,0.0680863875612468,-0.1295903165896309,-0.1808360170082683,-0.0430325738112125,0.0530630098403146,0.1214806910211857,-0.1098323540138532,0.0332841513208195,-0.0776754994153559,-0.0043658770286296,0.0061767720913232,-0.0727581482173405,0.0031387851425485,0.0399427686369014,0.1606310191798033,0.016809007672908,0.0482859973029084,-0.1132643379798493,-0.0859158576950518,-0.06078258455208,-0.0589669955659524,-0.0127199443402013,-0.0679206504405939,0.0122055883929071,0.0453957304725656,-0.1713504962900084,0.1069432286891735,0.0297972249704774,0.1487204797921388,-0.0110175184754526,0.2102351332991456,-0.0542994212909694,0.0210160145979204,0.0175551734515153,-0.002989540701745,0.0817442334094257,0.1056821514990558,0.1334909361755475,-0.1447374795638528,-0.0898674495608247,-0.1103069446373833,-0.1598445758741745,-0.2054417935879866,0.0362706400969115,0.0394632338647505,-0.0590524116835244,-0.0786667082449875, 150.0         , 26691.0      , 17371.0       , 6687.0       , 141.0               , 85146.0            , 22756.0             , 11034.0            , 0.94             , 3.19            , 1.31             , 1.65
SIRAHA         , SIRAHA         ,2024, 2080/81, Madhesh Province      ,0.004167991865453,-0.1078380184754844,0.1494042058196584,-0.015489755681393,-0.005769574283993,0.0527192107012834,-0.0530800056691362,0.123897242325579,-0.0834149125130362,0.1117227792633445,0.1402962568245188,0.0719515078575391,-0.3240387840980134,0.0132445132064466,0.0552728089448868,0.1032015902513776,-0.1738538629131605,0.0083939179658086,-0.1180803452274085,-0.1173982331569474,-0.2264767823948056,0.3049037604281235,0.0644198018837651,-0.0389014059411843,0.0451792612720918,0.1500692745682231,0.0696284146646162,0.024514587113383,-0.0619003747886659,0.1131940250247188,0.0876064937167131,0.0469666181009233,-0.0176857568048528,-0.025400418298784,0.110276387397026,0.1528249762226957,-0.1952006356786333,0.0306603838136085,0.0965288734262419,-0.0139050350531909,0.0620128757745318,0.0736245307127496,-0.1704542054973208,0.2145676349279897,0.0195485366082216,0.1157283885271125,0.0827027289518694,0.1050110370962011,-0.1347515388495146,0.0483207490834403,0.0261861050828095,0.1572386763768341,-0.0272910902534421,-0.0883860457617819,0.2080403329986642,-0.1510849469582687,-0.0963996672781567,0.0215066371977085,-0.093822832682927,-0.0991385711490283,0.0436842703011955,-0.0822561217449873,0.0461361596414039,0.0715448743261014, 95.0          , 3411.0       , 645.0         , 14250.0      , 152.0               , 16374.0            , 6967.0              , 52896.0            , 1.06             , 4.8             , 1.49             , 3.71
SOLUKHUMBU     , SOLUKHUMBU     ,2024, 2080/81, Koshi Province        ,-0.0106003821250765,-0.165803140573896,0.0311280946335074,-0.0748651670762618,-0.0960180280549232,-0.0001797232882082,0.0086789633791169,0.0723250907166874,0.0009839192042089,0.1263817158668456,0.1470460563386335,-0.0298102355574067,-0.0563245311583434,-0.0482531513574664,-0.0890818384696235,-0.0560018278844206,-0.0918694100285904,0.0934871116244239,-0.0953688908722675,-0.1839054693468473,0.0292100417943528,-0.0038418127300013,0.0965285849773849,-0.088519091623066,0.0090857123285794,-0.1071951226650284,-0.0244900845154253,0.0335971803165849,-0.0421444503105618,0.0259830414609256,0.0238149340334967,0.1548670246409332,-0.0233193410011882,0.0525775079915896,-0.1325056143725214,-0.1325223293872157,-0.0878129594740664,-0.1136458977718181,-0.0354667960829277,-0.0734926673701037,0.0372010125602094,0.0644269640894959,-0.1372704888487237,0.0168450024685155,0.0128590123162464,0.1467211102401556,-0.0380800468225678,0.1625644203886243,-0.0680360976324302,0.0285862930312461,-0.0070993499898603,0.0001554782542338,0.060328772951063,0.1276312546863894,0.1705751688507184,-0.1325698079067687,-0.1137565841287138,-0.1161307770047548,-0.1397459038937271,-0.2196088310893974,-0.0463585139693777,0.0945342263033654,-0.1426237390038087,-0.0562667125997627, 165.0         , 13770.0      , 2105.0        , 2665.0       , 177.21              , 33184.0            , 2819.0              , 5304.0             , 1.07             , 2.41            , 1.34             , 1.99
SUNSARI        , SUNSARI        ,2024, 2080/81, Koshi Province        ,0.0134865490892149,-0.1264864275426213,0.1575555869881841,-0.0285466775521547,0.0002951021282652,0.0474783064251413,-0.0426954512282406,0.0809107289478134,-0.0709135097532817,0.158884880607189,0.1320012060481435,0.0588933055429032,-0.3080435402824193,-0.0220059261368033,0.0345644904546671,0.0762452540225806,-0.1756478363943163,-0.0249289507611011,-0.1136147250267511,-0.0891803229197406,-0.184660255471389,0.2961839497580525,0.0306948761932129,-0.0256387907676172,0.0575392409151484,0.1499875523846635,0.0482908813872747,0.0174676090308619,-0.0530366469012657,0.0902000345156744,0.0813879985445544,0.0411726071531803,-0.030093045524489,-0.0208188694918442,0.0918983473306426,0.1400615235935982,-0.2031342220681228,0.0073254260917286,0.1052657798259074,-0.0240735027793556,0.0414951495447635,0.0805541682490237,-0.1640486110236425,0.2107656271943663,0.0278797463469435,0.083566408300247,0.0540591584649473,0.1367656599671991,-0.1102693656939762,0.074332982546813,0.030112979880848,0.1368500608398709,-0.0246357514878337,-0.083182392262022,0.2161183239723383,-0.1395072641735778,-0.0899087556108463,0.003574229374471,-0.1063260411106699,-0.0931851027337692,0.0282848154637058,-0.0816032696507552,0.0310984864249327,0.088668170939397, N/A           , 10641.0      , 458.0         , 12248.0      , N/A                 , 55333.0            , 564.0               , 41298.0            , N/A              , 5.2             , 1.23             , 3.37
SURKHET        , SURKHET        ,2024, 2080/81, Karnali Province      ,0.0495039810984472,-0.1321828015174336,0.1754954381670866,-0.0698586804101792,-0.0088922629480469,-0.0638720164996304,-0.0938004124204859,0.1964696549057158,-0.0479395232825952,0.0447731121878295,0.105491245060396,0.0889483210755494,-0.316448296850598,-0.0288781121158152,0.0583691679396807,0.0307314452089107,-0.1121525503322425,0.0683177913126079,-0.1050945647950434,-0.1548223008706307,-0.1548838489655196,0.1447596531880521,0.1953534052428179,-0.1235641622896202,0.0434374470582666,0.0080519225199821,0.0073724129015194,0.0321270787631276,-0.0866596470767779,0.0408045274543269,0.0835220744762723,0.1714553123083743,0.111466201770145,0.0219062874375097,-0.0651686278573646,0.0230981932776147,-0.0937060462112485,0.0114277459702598,0.0407426167488176,-0.0895993360079377,0.0306045214307172,-0.0104173091474099,-0.1501582576174056,0.1981116094953766,0.113650636852315,0.1385392799745638,0.0041330386201415,0.2085068358582995,-0.0737724967265607,0.0227116333256082,0.0475713254036629,0.0380644821710834,0.0565666880818759,-0.0152543837656776,0.135787676524494,-0.1157784037838192,-0.1005538415477695,-0.0130000683548386,-0.0947860765575564,-0.1562824804382975,0.1717517362028273,-0.0490927224638919,0.0292521260106294,-0.0699792185992123, 476.0         , 15225.0      , 1830.0        , 12050.0      , 870.0               , 45475.0            , 2700.0              , 34102.0            , 1.83             , 2.99            , 1.48             , 2.83
SYANGJA        , SYANGJA        ,2024, 2080/81, Gandaki Province      ,0.0391022225264931,-0.1369165163904568,0.2071596686276905,-0.0438539430502074,-0.0031675062944223,-0.0713253992371934,-0.1568672819458179,0.2023247940049121,0.0028525942428619,0.0838217517338248,0.0756566912751368,0.0683957876029697,-0.288237117517741,-0.0474273930712883,0.0307211816739116,-0.0074432359904116,-0.0930925177889204,0.0653154555607686,-0.1360889707960808,-0.1313512102302631,-0.1975575702725119,0.1663476911446295,0.1345546446965892,-0.1161011708143866,0.0506165583221012,-0.0208150937041861,0.0150526410611053,0.0033547974803957,-0.1069222728786482,0.0427820894854958,0.0812531444790324,0.1874053457921388,0.0797204986898351,0.0386010644007062,-0.0869161536979064,-0.000974720625166,-0.0878002710697235,-0.003741296061525,0.0395936257390824,-0.0318977128840989,0.053010143528171,0.0261504261175011,-0.1449341652132502,0.2214888637962698,0.093216508998417,0.1490468598948839,0.0290105511690327,0.2181871665705145,-0.0412395641348915,0.0232684781406212,0.0580971404738314,0.0273213926237003,0.0606708953858007,0.0065410497236419,0.1257249467817052,-0.1729434194899071,-0.0825824861653546,-0.061254951754965,-0.1209305148886719,-0.1518459158544683,0.0978421220279208,-0.0526217160966039,0.0153871677603087,-0.06915273947111, 6.0           , 18048.0      , 11186.0       , 4175.0       , 5.0                 , 57754.0            , 12305.0             , 7515.0             , 0.83             , 3.2             , 1.1              , 1.8
TANAHU         , TANAHU         ,2024, 2080/81, Gandaki Province      ,0.0392669281423087,-0.1029317223808565,0.1779287528617899,-0.0238908004188366,0.0143208818165173,-0.0574451707687094,-0.1787604842759441,0.2431235298176142,0.0047815630751593,0.0910105921185689,0.0818752310695999,0.0818986563899464,-0.289336392677514,-0.0362734597588723,-0.001227424843924,-0.0275708571311337,-0.078681759284694,0.0435229384511787,-0.1363830522929334,-0.0958120785152103,-0.2314285434128386,0.1905420005617572,0.102796270121298,-0.0913764157743942,0.0391750104803284,0.0176825379054116,0.0239255128473752,-0.0223058556750761,-0.0676542323704549,0.0504614802605479,0.0589150358065757,0.16238250430306,0.0664191850552273,0.0438537771740289,-0.0278357123340714,0.029928079028415,-0.1251030934874837,-0.0194978180677502,0.0637793003902756,-0.0386647335930305,0.0471901748322984,0.0646396574877253,-0.1127269136147471,0.226409934463193,0.0653629457645733,0.147816210335293,0.045509911857266,0.2376711730593275,-0.0524216739520422,0.0526048386463747,0.0530568950393936,0.0282451611932096,0.0616173027408125,-0.0116791067251191,0.155223641097758,-0.1639292946722128,-0.0876764363224936,-0.0470651569595742,-0.1256209788495162,-0.0832537287913122,0.0698971867084342,-0.0826842539113612,0.0505937666562574,-0.0627019454222249, 4.0           , 22195.0      , 6050.0        , 1150.0       , 4.0                 , 73243.0            , 7017.0              , 2887.0             , 1.18             , 3.3             , 1.16             , 2.51
TAPLEJUNG      , TAPLEJUNG      ,2024, 2080/81, Koshi Province        ,0.002457192849276,-0.1557487651745374,0.0511380109462614,-0.0860663431496893,-0.0701107884455322,-0.0063292529861557,-0.0069254627093709,0.0663325620686171,0.0210431842603403,0.1414763828329682,0.1305047452538239,-0.0187334546950933,-0.0785306075880136,-0.0374497390573924,-0.0854085780427584,-0.0466749510830099,-0.0791157187390027,0.0704907246595061,-0.1096911694903648,-0.1739109597736521,0.022003105652714,0.0246885068812425,0.0760934763672943,-0.0910859570948928,0.0163420195062831,-0.1055710768777646,-0.0144266136233527,0.0141370574732201,-0.0690057467013462,0.0103946183025814,0.0128706654361178,0.1515453418798243,-0.0236168574417622,0.0411385933743093,-0.1381618779919859,-0.1244687398002794,-0.0826708494764114,-0.1061847997227683,-0.0523109701929538,-0.07650849339988,0.046046153793306,0.0720703883369575,-0.1437472186742958,0.0456516032915404,-0.0090588234466827,0.1571128817303257,-0.0294396530287821,0.1738317436244538,-0.0542691032921793,0.035978161126004,-0.0176363344075684,-0.0214178938272795,0.0853168195599151,0.1331876530988482,0.1720704180255359,-0.1404340622231815,-0.0937479894158811,-0.1309390144935414,-0.1461445843839029,-0.2245955101514587,-0.0307737305578609,0.1033533795683713,-0.1127454198641892,-0.044428880539483, 266.0         , 11210.0      , 2966.0        , 1498.0       , 372.0               , 39918.0            , 4270.0              , 2786.0             , 1.4              , 3.56            , 1.44             , 1.86
TERHATHUM      , TERHATHUM      ,2024, 2080/81, Koshi Province        ,0.050261846485481,-0.0921657511632057,0.2015983383854787,-0.1039754586323283,-0.0128321589260876,-0.0450533832417308,-0.1304719229630529,0.1505781920218704,0.0171401707821513,0.089050820927154,0.0937978253975495,0.0008404441610425,-0.2524467333412733,-0.0614913634281729,0.0263481562255233,-0.0233228015686448,-0.124317979447711,0.0518899361700791,-0.1139996870605937,-0.1099575823559469,-0.1799972581931092,0.1827127509705306,0.1312608163699064,-0.1200932656533955,0.0309692756685708,-0.0504551394975697,0.0213455358348366,-0.0236650345745924,-0.1282293347086182,0.0406526210527722,0.0561821119822592,0.133742347520774,0.0620962816759268,0.0386221452744171,-0.1280444994698318,-0.0034218670456063,-0.073961535933463,-0.0582243649850541,0.0083761567583728,-0.0400360501849497,0.049805296089665,0.0960243856655579,-0.1872537879962434,0.2138859056813856,0.0337528466434572,0.1523292668105043,-0.0013510704615912,0.1838078710590637,-0.0765133014432396,0.0067023826403723,0.0459515064558668,0.0118706867252132,0.105965249749194,0.0468053449815574,0.1310627088966932,-0.1727961295882371,-0.0251226356657787,-0.0545840072574806,-0.1621618527458468,-0.2688091182861672,0.0615312805968133,-0.0405515654905434,-0.0287588050212098,-0.0672932699997526, 50.0          , 12907.0      , 2120.0        , 1396.0       , 58.6                , 36269.0            , 2521.0              , 2781.0             , 1.17             , 2.81            , 1.19             , 1.99
UDAYAPUR       , UDAYAPUR       ,2024, 2080/81, Koshi Province        ,0.0666688673709133,-0.0873518829443115,0.158643561508687,-0.0431469930504465,0.0009166917371692,-0.0164603267064568,-0.1259401310955697,0.1938700451406832,-0.022717796080294,0.087846215826475,0.128570154186857,0.0646362035327512,-0.3229668234292551,-0.034636571764329,0.0120734938429302,0.0548705973862618,-0.0948963519234415,0.0323678955415218,-0.0992817905105852,-0.0774184797093935,-0.1842881543035472,0.2327292525811663,0.1401492563628687,-0.1033828523998503,0.060731803762568,0.0209182536861653,0.0459506221590332,0.0014422039552081,-0.1098121172787326,0.099369114950828,0.0771617325724197,0.1127245701550123,0.0517723725486259,0.0035937513286296,-0.0278135737466067,0.0456227175650965,-0.163362998793404,-0.0278158056654233,0.0610060213967593,-0.0598397066384218,0.0510506330285491,0.0860276683578417,-0.1344784568125264,0.2675248366990006,0.0713083093094582,0.117922108617569,0.0008636625867617,0.2245921123978004,-0.0667345815154146,0.044357032588547,0.0121845233985093,0.0313357360841511,0.0523397669053859,-0.0155119075677517,0.1761730775492422,-0.1666070315980953,-0.0607367235221515,-0.0370462206337745,-0.076961419659576,-0.136727590483542,0.0795358059478042,-0.0655892259333501,0.030277563114585,0.0012941831867278, 23.0          , 17842.0      , 2768.0        , 5130.0       , 40.25               , 43891.0            , 5453.0              , 12825.0            , 1.75             , 2.46            , 1.97             , 2.5
