District_Key   , District       , Year_AD, Year_BS, Province              , Elevation_Min     , Elevation_Max    , Slope_Median      , Landform, Parent_Material, Dominant_Soil, area    , longitude, latitude, Potassium_mean   , Nitrogen_mean     , OrganicMatter_mean, Phosphorous_mean , pH_mean         , Barley_Area_Ha, Maize_Area_Ha, Millet_Area_Ha, Wheat_Area_Ha, Barley_Production_Mt, Maize_Production_Mt, Millet_Production_Mt, Wheat_Production_Mt, Barley_Yield_MtHa, Maize_Yield_MtHa, Millet_Yield_MtHa, Wheat_Yield_MtHa
ACHHAM         , ACHHAM         ,2019, 2075/76, Sudurpashchim Province,326.0,3808.05981445312,1309.40710449219, TM      , MA2            , RGe          ,1700.448,81.299,29.112,340.802369515909,0.157029261043055,3.00074424062216,50.6899062359667,6.16690186329933, 446.0         , 6907.0       , 3430.0        , 14460.0      , 544.0               , 16349.0            , 3840.0              , 25207.0            , 1.22             , 2.37            , 1.12             , 1.74
ARGHAKHANCHI   , ARGHAKHANCHI   ,2019, 2075/76, Lumbini Province      ,184.144287109375,2259.11962890625,989.529876708984, TH      , SC2            , RGd          ,1239.185,83.081,27.908,326.970778707167,0.113508838927416,2.90825089048057,124.945358732945,6.3781995512863, 219.0         , 16729.0      , 499.0         , 5446.0       , 387.0               , 57715.0            , 639.0               , 16067.0            , 1.77             , 3.45            , 1.28             , 2.95
BAGLUNG        , BAGLUNG        ,2019, 2075/76, Gandaki Province      ,581.0,4640.00634765625,2237.62829589844, TM      , MA2            , LPi          ,1836.212,83.252,28.347,301.71833667512,0.137939779891388,2.87585215197176,162.636879612817,5.99541631943854, 776.0         , 20697.0      , 18163.0       , 6493.0       , 1115.0              , 72170.0            , 22505.0             , 15439.0            , 1.44             , 3.49            , 1.24             , 2.38
BAITADI        , BAITADI        ,2019, 2075/76, Sudurpashchim Province,383.0,3062.84936523438,1600.75384521484, TM      , MA2            , RGe          ,1492.847,80.573,29.508,546.882015889854,0.102074697927388,4.26701608064358,111.017300274489,6.65541103098621, 885.0         , 14990.0      , 352.0         , 19527.0      , 599.0               , 27791.0            , 408.0               , 21961.0            , 0.68             , 1.85            , 1.16             , 1.12
BAJHANG        , BAJHANG        ,2019, 2075/76, Sudurpashchim Province,816.846618652344,6978.16748046875,3263.2109375, TM      , MA2            , LPi          ,3459.458,81.18,29.708,362.654876253919,0.245082961239427,4.79692400785621,43.4871587045748,6.37618445095215, 3971.0        , 4164.0       , 2736.0        , 10260.0      , 2943.0              , 5792.0             , 2057.0              , 16138.0            , 0.74             , 1.39            , 0.75             , 1.57
BAJURA         , BAJURA         ,2019, 2075/76, Sudurpashchim Province,716.6943359375,6740.23046875,2824.30493164062, TM      , MA2            , LPi          ,2298.212,81.565,29.561,420.803985473592,0.186727956908787,3.82257966722719,46.7148833740073,6.57536184498176, 955.0         , 904.0        , 2545.0        , 6664.0       , 958.0               , 1444.0             , 2588.0              , 6265.0             , 1.0              , 1.6             , 1.02             , 0.94
BANKE          , BANKE          ,2019, 2075/76, Lumbini Province      ,128.293518066406,1228.09741210938,190.792510986328, TH      , SC2            , RGd          ,1880.856,81.824,28.087,226.092447656513,0.0984524809801277,1.80850183834179,137.272537912381,7.27620145407441, 9.0           , 9183.0       , N/A           , 17798.0      , 10.0                , 20386.0            , N/A                 , 66521.0            , 1.11             , 2.22            , N/A              , 3.74
BARA           , BARA           ,2019, 2075/76, Madhesh Province      ,68.0,905.923034667969,114.3837890625, TH      , SC2            , RGd          ,1272.886,85.073,27.108,155.885986185727,0.103949104410351,2.06294401295367,46.9307805000198,6.82882429435896, 39.0          , 11941.0      , 69.0          , 27094.0      , 85.0                , 43477.0            , 75.0                , 94329.0            , 2.18             , 3.64            , 1.08             , 3.48
BARDIYA        , BARDIYA        ,2019, 2075/76, Lumbini Province      ,133.0,1577.2587890625,179.127197265625, LV      , UF1            , CMg          ,2001.342,81.403,28.384,239.769610604303,0.101674459195698,1.80130098294358,106.86149249042,7.33923232386757, 9.0           , 2697.0       , N/A           , 17638.0      , 10.0                , 7921.0             , N/A                 , 67057.0            , 1.11             , 2.94            , N/A              , 3.8
BHAKTAPUR      , BHAKTAPUR      ,2019, 2075/76, Bagmati Province      ,1289.81018066406,2150.50927734375,1372.20666503906, TM      , MB1            , CMx          ,123.095,85.443,27.677,284.764700359283,0.145116330720101,3.03651011315786,172.980376357072,5.63727564669856, 18.0          , 1998.0       , 112.0         , 2172.0       , 37.0                , 8016.0             , 139.0               , 11113.0            , 2.08             , 4.01            , 1.24             , 5.12
BHOJPUR        , BHOJPUR        ,2019, 2075/76, Koshi Province        ,120.5,3980.7861328125,1292.92114257812, SV      , UF2            , CMg          ,1523.888,87.07,27.181,406.055410901516,0.149693801315416,3.35905832362685,129.665298614515,5.93582854815821, 10.0          , 37629.0      , 5531.0        , 405.0        , 12.0                , 99378.0            , 6983.0              , 856.0              , 1.2              , 2.64            , 1.26             , 2.11
CHITAWAN       , CHITAWAN       ,2019, 2075/76, Bagmati Province      ,110.5,1912.556640625,256.998931884766, TM      , MA1            , CMe          ,2240.456,84.437,27.585,154.407093624932,0.112607889948666,3.59765543871444,105.287410468856,6.50294870521491, 19.0          , 5763.0       , 1483.0        , 5055.0       , 36.0                , 21381.0            , 1522.0              , 23199.0            , 1.92             , 3.71            , 1.03             , 4.59
DADELDHURA     , DADELDHURA     ,2019, 2075/76, Sudurpashchim Province,271.5,2662.40698242188,1260.76049804688, TM      , MA1            , CMe          ,1502.414,80.491,29.223,378.091885821295,0.13550564802019,3.14551280083613,84.1050897817896,6.43620955565288, 175.0         , 3871.0       , 259.0         , 9560.0       , 238.0               , 14280.0            , 304.0               , 19363.0            , 1.36             , 3.69            , 1.18             , 2.03
DAILEKH        , DAILEKH        ,2019, 2075/76, Karnali Province      ,559.5,4051.35693359375,1425.27124023438, TM      , MA2            , RGe          ,1484.311,81.681,28.881,341.749402410875,0.141763840157547,2.8254021574917,95.1133880595949,6.08103721497698, 178.0         , 21331.0      , 2489.0        , 17785.0      , 207.0               , 52112.0            , 2865.0              , 30953.0            , 1.16             , 2.44            , 1.15             , 1.74
DANG           , DANG           ,2019, 2075/76, Lumbini Province      ,186.617767333984,2058.49633789062,593.523529052734, TH      , SC2            , RGd          ,3059.26,82.404,27.969,463.999244524842,0.11398975386498,2.20078447336562,168.800181438686,6.93479637694548, 22.0          , 25691.0      , 15.0          , 11772.0      , 27.0                , 62095.0            , 16.0                , 30048.0            , 1.2              , 2.42            , 1.05             , 2.55
DARCHULA       , DARCHULA       ,2019, 2075/76, Sudurpashchim Province,530.582885742188,7068.1396484375,3508.10424804688, TM      , MA2            , LPi          ,2696.145,80.793,29.948,361.133637241026,0.224041434494121,4.90693167542509,64.8658877161033,6.85122113018199, 1069.0        , 5739.0       , 1374.0        , 6581.0       , 866.0               , 12236.0            , 1133.0              , 9688.0             , 0.81             , 2.13            , 0.82             , 1.47
DHADING        , DHADING        ,2019, 2075/76, Bagmati Province      ,270.880767822266,6951.3525390625,1157.41882324219, TM      , MA2            , LPi          ,1907.158,84.962,27.954,189.95853097152,0.184161917520656,3.12927382404872,57.1033023585447,6.02225089043977, 255.0         , 20678.0      , 6933.0        , 4638.0       , 346.0               , 58601.0            , 6408.0              , 12276.0            , 1.36             , 2.83            , 0.92             , 2.65
DHANKUTA       , DHANKUTA       ,2019, 2075/76, Koshi Province        ,118.757606506348,2694.3544921875,1034.15002441406, SV      , UF2            , CMg          ,898.98,87.333,26.991,416.141671901754,0.132265571896405,3.02599695520061,104.261439764489,6.28033250308557, N/A           , 13467.0      , 7934.0        , 1302.0       , N/A                 , 41613.0            , 9587.0              , 2800.0             , N/A              , 3.09            , 1.21             , 2.15
DHANUSHA       , DHANUSHA       ,2019, 2075/76, Madhesh Province      ,57.4233512878418,713.773010253906,98.2833023071289, TH      , SC2            , RGd          ,1188.969,86.036,26.828,117.777688154344,0.0735737234147109,1.16454522040253,35.5936244754015,6.31621295115148, 2.0           , 3284.0       , 184.0         , 36290.0      , 3.0                 , 9556.0             , 178.0               , 116708.0           , 1.5              , 2.91            , 0.96             , 3.22
DOLAKHA        , DOLAKHA        ,2019, 2075/76, Bagmati Province      ,593.790100097656,6900.5400390625,2693.76489257812, TM      , MA2            , LPi          ,2147.002,86.201,27.785,267.905931334118,0.176616451923932,3.37109601314696,83.1804857363801,5.55297184695014, 145.0         , 6054.0       , 3556.0        , 4236.0       , 173.0               , 17018.0            , 4759.0              , 8260.0             , 1.19             , 2.81            , 1.34             , 1.95
DOLPA          , DOLPA          ,2019, 2075/76, Karnali Province      ,1501.69506835938,7731.5078125,4793.42724609375, TM      , MA2            , LPi          ,7946.52,83.054,29.171,461.043211815638,0.228555651369432,4.42490712685912,145.386666210252,6.69125391514782, 355.0         , 2308.0       , 277.0         , 2794.0       , 344.0               , 3148.0             , 302.0               , 5015.0             , 0.97             , 1.36            , 1.09             , 1.79
DOTI           , DOTI           ,2019, 2075/76, Sudurpashchim Province,304.0,3279.84936523438,1442.28552246094, TM      , MA2            , RGe          ,2050.89,80.896,29.17,332.010178875298,0.145198797458341,2.95759711654838,68.0059784101824,6.34229682480316, 187.0         , 3642.0       , 4577.0        , 12334.0      , 175.0               , 8595.0             , 4933.0              , 27770.0            , 0.94             , 2.36            , 1.08             , 2.25
GORKHA         , GORKHA         ,2019, 2075/76, Gandaki Province      ,228.5,7983.09521484375,3185.54467773438, TM      , MA2            , LPi          ,3647.014,84.792,28.319,255.023310534875,0.277566787372248,3.01872690749044,53.80943504015,5.81304031705723, 97.0          , 17567.0      , 11721.0       , 3653.0       , 138.0               , 45253.0            , 14903.0             , 7951.0             , 1.43             , 2.58            , 1.27             , 2.18
GULMI          , GULMI          ,2019, 2075/76, Lumbini Province      ,459.5,2677.65112304688,1278.63439941406, TM      , MA1            , CMe          ,1108.282,83.309,28.094,256.489081123057,0.148138481468956,3.26498679985971,162.218243641452,6.41361821607527, 242.0         , 24086.0      , 2997.0        , 6601.0       , 425.0               , 61829.0            , 3044.0              , 19480.0            , 1.76             , 2.57            , 1.02             , 2.95
HUMLA          , HUMLA          ,2019, 2075/76, Karnali Province      ,1173.0,6997.869140625,4668.60034179688, TV      , UF1            , RGe          ,6008.728,81.882,30.032,271.595296756269,0.15275020661515,3.95251302206632,150.338657875784,7.07807836321831, 614.0         , 141.0        , 1294.0        , 957.0        , 799.0               , 255.0              , 1497.0              , 1263.0             , 1.3              , 1.81            , 1.16             , 1.32
ILAM           , ILAM           ,2019, 2075/76, Koshi Province        ,115.0,3594.64208984375,1068.93518066406, TM      , MA2            , CMu          ,1685.818,87.904,26.881,379.664216725838,0.137195611548443,3.01750567665439,157.492232402046,6.04871962316365, 47.0          , 32798.0      , 1692.0        , 4720.0       , 59.0                , 120533.0           , 1977.0              , 15449.0            , 1.26             , 3.68            , 1.17             , 3.27
JAJARKOT       , JAJARKOT       ,2019, 2075/76, Karnali Province      ,607.0,5398.15869140625,2170.43347167969, TM      , MA2            , LPi          ,2222.519,82.17,28.865,431.388658320394,0.173539378601211,3.21414716599659,149.671178851275,6.4434617714514, 618.0         , 14693.0      , 1724.0        , 14003.0      , 694.0               , 36248.0            , 1916.0              , 21634.0            , 1.12             , 2.47            , 1.11             , 1.54
JHAPA          , JHAPA          ,2019, 2075/76, Koshi Province        ,59.761791229248,826.230651855469,102.456111907959, TM      , MA1            , CMe          ,1603.77,87.916,26.584,190.55327224687,0.104507366958155,2.38279226645097,51.1671486355456,5.60350384981523, 4.0           , 38913.0      , 1224.0        , 7500.0       , 7.0                 , 151644.0           , 1570.0              , 29450.0            , 1.75             , 3.9             , 1.28             , 3.93
JUMLA          , JUMLA          ,2019, 2075/76, Karnali Province      ,2035.96752929688,6546.94140625,3439.25695800781, TM      , MA2            , LPi          ,2554.398,82.219,29.272,454.209681142738,0.187106771067978,3.87881310172361,51.9879852131891,6.00101599634949, 3379.0        , 4327.0       , 3698.0        , 2310.0       , 5732.0              , 6534.0             , 3885.0              , 4204.0             , 1.7              , 1.51            , 1.05             , 1.82
KAILALI        , KAILALI        ,2019, 2075/76, Sudurpashchim Province,138.0,1952.61047363281,210.908737182617, TM      , MA1            , CMe          ,3286.136,80.881,28.742,198.395355728067,0.102388554938699,1.91030792930229,66.6993388544533,7.34758909198902, 175.0         , 6386.0       , 363.0         , 34994.0      , 345.0               , 18334.0            , 369.0               , 109234.0           , 1.97             , 2.87            , 1.02             , 3.12
KALIKOT        , KALIKOT        ,2019, 2075/76, Karnali Province      ,728.16845703125,4458.55029296875,2772.01440429688, TM      , MA2            , RGe          ,1640.156,81.754,29.195,444.087151248562,0.164069342785738,3.36061834015338,45.1702075502736,6.52851296859501, 829.0         , 2998.0       , 1228.0        , 5039.0       , 1252.0              , 6569.0             , 1290.0              , 6119.0             , 1.51             , 2.19            , 1.05             , 1.21
KANCHANPUR     , KANCHANPUR     ,2019, 2075/76, Sudurpashchim Province,159.152694702148,1505.19421386719,205.706359863281, LV      , UF1            , CMg          ,1618.111,80.323,28.862,131.272540609046,0.0896434820632919,1.77377424661822,34.5890023763427,7.30370091375685, 8.0           , 3168.0       , N/A           , 33073.0      , 10.0                , 7404.0             , N/A                 , 84544.0            , 1.25             , 2.34            , N/A              , 2.56
KAPILBASTU     , KAPILBASTU     ,2019, 2075/76, Lumbini Province      ,88.7635269165039,1265.87573242188,116.869033813477, TH      , SC2            , RGd          ,1651.659,82.983,27.628,203.623103057436,0.100917059609816,1.89117043368294,64.6511899229649,7.24225859112583, 178.0         , 2688.0       , N/A           , 25667.0      , 328.0               , 9803.0             , N/A                 , 103935.0           , 1.84             , 3.65            , N/A              , 4.05
KASKI          , KASKI          ,2019, 2075/76, Gandaki Province      ,383.5,7879.4404296875,2135.43920898438, TM      , MA2            , LPi          ,2085.276,83.999,28.355,178.985725944854,0.15442640435205,3.1027342045444,72.053408605867,5.63889217427502, 110.0         , 13624.0      , 15441.0       , 5951.0       , 171.0               , 34632.0            , 18973.0             , 13303.0            , 1.55             , 2.54            , 1.23             , 2.24
KATHMANDU      , KATHMANDU      ,2019, 2075/76, Bagmati Province      ,842.585571289062,2713.25439453125,1415.49719238281, TM      , MA1            , CMe          ,413.659,85.35,27.728,264.110593875468,0.15712586664956,3.18734821490731,103.441143050215,5.68077896464943, 3.0           , 6420.0       , 608.0         , 2141.0       , 3.0                 , 24653.0            , 638.0               , 8862.0             , 1.25             , 3.84            , 1.05             , 4.14
KAVRE          , KAVRE          ,2019, 2075/76, Bagmati Province      ,280.526916503906,2921.60424804688,1358.27575683594, SV      , UF2            , CMg          ,1394.031,85.622,27.535,298.620999192077,0.152830672384332,3.18282895525467,89.9861738568235,5.99011701081785, 357.0         , 24643.0      , 3595.0        , 8292.0       , 596.0               , 76590.0            , 4176.0              , 24030.0            , 1.67             , 3.11            , 1.16             , 2.9
KHOTANG        , KHOTANG        ,2019, 2075/76, Koshi Province        ,161.5,3623.7294921875,1295.84375, SV      , UF2            , CMg          ,1589.458,86.789,27.168,570.506424330257,0.164639770228709,3.36871857330258,142.774027765281,6.11313324047924, 355.0         , 42621.0      , 23744.0       , 5169.0       , 485.0               , 94219.0            , 26456.0             , 12584.0            , 1.37             , 2.21            , 1.11             , 2.43
LALITPUR       , LALITPUR       ,2019, 2075/76, Bagmati Province      ,414.401641845703,2810.4365234375,1518.54248046875, TM      , MB1            , CMx          ,396.834,85.345,27.539,328.699357392353,0.170693859182162,3.60404062064105,97.8892885375356,5.90752661792669, 40.0          , 9165.0       , 560.0         , 2601.0       , 53.0                , 31253.0            , 576.0               , 8870.0             , 1.34             , 3.41            , 1.03             , 3.41
LAMJUNG        , LAMJUNG        ,2019, 2075/76, Gandaki Province      ,374.116546630859,7849.52392578125,1924.53607177734, TM      , MA2            , LPi          ,1663.107,84.432,28.289,166.638125907701,0.156077489873808,3.29657830796891,114.977490910563,5.76887646030865, 36.0          , 9935.0       , 7511.0        , 1627.0       , 53.0                , 23943.0            , 7291.0              , 1381.0             , 1.48             , 2.41            , 0.97             , 0.85
MAHOTTARI      , MAHOTTARI      ,2019, 2075/76, Madhesh Province      ,58.5692291259766,793.34814453125,102.198787689209, TH      , SC2            , RGd          ,1000.874,85.822,26.879,89.0523401931743,0.105505414448629,1.53681448264249,35.7023984353165,6.21434485707373, 8.0           , 9714.0       , N/A           , 24292.0      , 8.0                 , 24907.0            , N/A                 , 72050.0            , 1.0              , 2.56            , N/A              , 2.97
MAKAWANPUR     , MAKAWANPUR     ,2019, 2075/76, Bagmati Province      ,139.0,2580.658203125,664.185089111328, TM      , MA1            , CMe          ,2443.827,85.081,27.47,248.747604545184,0.13183394525659,3.00095802938863,120.159976703518,5.78593868284733, 252.0         , 25886.0      , 2774.0        , 3915.0       , 355.0               , 81722.0            , 3467.0              , 13202.0            , 1.41             , 3.16            , 1.25             , 3.37
MANANG         , MANANG         ,2019, 2075/76, Gandaki Province      ,1477.93371582031,8034.90625,4928.43676757812, TM      , MA2            , LPi          ,2321.552,84.227,28.673,424.921603423183,0.325862603338019,4.32103379351421,141.003324216083,6.24244846556951, 109.0         , 68.0         , N/A           , 199.0        , 191.0               , 107.0              , N/A                 , 278.0              , 1.76             , 1.58            , N/A              , 1.4
MORANG         , MORANG         ,2019, 2075/76, Koshi Province        ,57.9486808776855,2364.02392578125,105.974941253662, TM      , MA1            , CMe          ,1822.713,87.473,26.617,181.23714618601,0.0942170460435101,1.92586307621722,37.6410558182245,6.32608321795286, N/A           , 17290.0      , 1321.0        , 12305.0      , N/A                 , 67103.0            , 1606.0              , 42773.0            , N/A              , 3.88            , 1.22             , 3.48
MUGU           , MUGU           ,2019, 2075/76, Karnali Province      ,1094.0,6809.84716796875,3999.96142578125, TM      , MA2            , LPi          ,3233.739,82.372,29.618,263.380068569702,0.125506275252399,4.08698874927317,186.690619187985,7.09450580244332, 1036.0        , 588.0        , 4219.0        , 3255.0       , 1149.0              , 934.0              , 3250.0              , 3282.0             , 1.11             , 1.59            , 0.77             , 1.01
MUSTANG        , MUSTANG        ,2019, 2075/76, Gandaki Province      ,1770.47045898438,6987.1884765625,4730.4482421875, TM      , MA2            , LPi          ,3564.949,83.86,28.981,379.323829357573,0.215011607281011,4.07517509544559,155.788660422972,6.63328320750388, 255.0         , 551.0        , N/A           , 544.0        , 479.0               , 920.0              , N/A                 , 1028.0             , 1.88             , 1.67            , N/A              , 1.89
MYAGDI         , MYAGDI         ,2019, 2075/76, Gandaki Province      ,776.0478515625,8116.4580078125,3171.29016113281, TM      , MA2            , LPi          ,2285.539,83.462,28.553,353.13606139049,0.173414576561193,3.68759349691876,214.482872536434,6.04501443362091, 274.0         , 9431.0       , 2531.0        , 2861.0       , 370.0               , 32697.0            , 3366.0              , 7132.0             , 1.35             , 3.47            , 1.33             , 2.49
NAWALPARASIEAST, NAWALPARASIEAST,2019, 2075/76, Gandaki Province      ,106.5,1893.65856933594,337.243438720703, TM      , MA1            , CMe          ,1426.415,84.064,27.687,171.301081827196,0.121214691114625,2.32493160430211,53.2872014070441,6.07211767656373, 9.0           , 4651.0       , 251.0         , 8409.0       , 11.0                , 11683.0            , 256.0               , 22879.0            , 1.22             , 2.51            , 1.02             , 2.72
NAWALPARASIWEST, NAWALPARASIWEST,2019, 2075/76, Lumbini Province      ,99.0,1166.69519042969,115.263748168945, TH      , SC2            , RGd          ,726.466,83.741,27.528,116.764238598711,0.0844409889655,1.64869655736131,44.392201661222,7.34831070223391, 4.0           , 4651.0       , 221.0         , 8409.0       , 5.0                 , 11683.0            , 232.0               , 23164.0            , 1.11             , 2.51            , 1.05             , 2.75
NUWAKOT        , NUWAKOT        ,2019, 2075/76, Bagmati Province      ,412.0,5062.8427734375,1334.30712890625, TM      , MA2            , RGe          ,1193.274,85.238,27.915,225.217758376186,0.165817219876061,3.11697339822482,56.0506968669311,5.84125763226907, 152.0         , 16879.0      , 5158.0        , 4134.0       , 196.0               , 59650.0            , 6382.0              , 14069.0            , 1.29             , 3.53            , 1.24             , 3.4
OKHALDHUNGA    , OKHALDHUNGA    ,2019, 2075/76, Koshi Province        ,331.0,3433.61499023438,1487.54565429688, TM      , MA2            , CMu          ,1076.205,86.421,27.329,485.824933423802,0.181701865172169,3.66111232283744,119.537118790117,5.88399072874108, 88.0          , 12937.0      , 7988.0        , 2210.0       , 149.0               , 33352.0            , 15285.0             , 4611.0             , 1.69             , 2.58            , 1.91             , 2.09
PALPA          , PALPA          ,2019, 2075/76, Lumbini Province      ,218.424285888672,1890.34606933594,990.207244873047, TM      , MA1            , CMe          ,1462.567,83.626,27.817,256.894220190774,0.137318277557528,3.03297254540623,91.8766897122486,6.33758812670282, 19.0          , 21031.0      , 2634.0        , 5741.0       , 33.0                , 48624.0            , 2792.0              , 14710.0            , 1.78             , 2.31            , 1.06             , 2.56
PANCHTHAR      , PANCHTHAR      ,2019, 2075/76, Koshi Province        ,331.5,4615.68359375,1605.63793945312, SV      , UF2            , CMg          ,1248.063,87.778,27.115,316.494627782254,0.124330485249073,3.10273955703911,240.324144548503,6.10174908627369, 302.0         , 18879.0      , 4751.0        , 3055.0       , 405.0               , 37418.0            , 9092.0              , 7419.0             , 1.34             , 1.98            , 1.91             , 2.43
PARBAT         , PARBAT         ,2019, 2075/76, Gandaki Province      ,526.0,3286.6259765625,1395.09533691406, TM      , MA2            , CMu          ,541.664,83.681,28.211,207.84815559118,0.169950491356389,3.40349507110183,82.9595952352668,5.73858091079885, 79.0          , 13673.0      , 8502.0        , 2646.0       , 104.0               , 31721.0            , 7997.0              , 6775.0             , 1.32             , 2.32            , 0.94             , 2.56
PARSA          , PARSA          ,2019, 2075/76, Madhesh Province      ,75.6167449951172,846.730163574219,180.81787109375, TH      , SC2            , RGd          ,1407.074,84.782,27.239,106.294523352761,0.0890366639011917,1.41976793800242,32.6341705774616,6.12336358832026, 30.0          , 4412.0       , N/A           , 21981.0      , 41.0                , 16973.0            , N/A                 , 78563.0            , 1.37             , 3.85            , N/A              , 3.57
PYUTHAN        , PYUTHAN        ,2019, 2075/76, Lumbini Province      ,316.0,3612.08178710938,1253.53210449219, TM      , MA2            , RGe          ,1321.108,82.867,28.115,467.06105633097,0.109934012073795,2.36062430387048,171.061623965142,6.39066998109686, 467.0         , 11354.0      , 2088.0        , 8036.0       , 762.0               , 25172.0            , 2324.0              , 24885.0            , 1.63             , 2.22            , 1.11             , 3.1
RAMECHHAP      , RAMECHHAP      ,2019, 2075/76, Bagmati Province      ,402.5,6837.0185546875,1720.99377441406, TM      , MA2            , LPi          ,1564.314,86.18,27.513,315.893055471425,0.156598731635481,3.18118514770153,83.7272694841293,5.93530521552835, 62.0          , 22034.0      , 4933.0        , 3899.0       , 80.0                , 63370.0            , 5701.0              , 8816.0             , 1.28             , 2.88            , 1.16             , 2.26
RASUWA         , RASUWA         ,2019, 2075/76, Bagmati Province      ,613.395568847656,7204.4150390625,3741.8671875, TM      , MA2            , LPi          ,1501.12,85.418,28.183,303.947637318664,0.191512472635851,3.79950059194161,57.2098591681754,5.89673986838381, 254.0         , 2507.0       , 831.0         , 701.0        , 324.0               , 6017.0             , 890.0               , 1371.0             , 1.27             , 2.4             , 1.07             , 1.96
RAUTAHAT       , RAUTAHAT       ,2019, 2075/76, Madhesh Province      ,68.0,917.86962890625,94.2313232421875, TH      , SC2            , RGd          ,1038.392,85.305,27.001,145.125791774952,0.104901417803555,1.77976234057964,44.7550129427155,6.90008192576278, 3.0           , 3416.0       , 66.0          , 14982.0      , 4.0                 , 10907.0            , 70.0                , 53719.0            , 1.38             , 3.19            , 1.06             , 3.59
ROLPA          , ROLPA          ,2019, 2075/76, Lumbini Province      ,654.026062011719,3647.13012695312,1796.36608886719, TM      , MA2            , RGe          ,1885.559,82.63,28.344,528.747923482135,0.130187235876249,2.47086037775873,168.766012078651,6.57275978481274, 560.0         , 13264.0      , 1024.0        , 8417.0       , 654.0               , 34314.0            , 1162.0              , 24693.0            , 1.17             , 2.59            , 1.13             , 2.93
RUKUMEAST      , RUKUMEAST      ,2019, 2075/76, Lumbini Province      ,951.950073242188,7058.1689453125,3066.55224609375, TM      , MA2            , LPi          ,1682.362,82.813,28.674,491.578161899247,0.160993484393413,3.12617651203588,173.980011387344,6.40898419498412, 413.0         , 8469.0       , 458.0         , 5466.0       , 521.0               , 19834.0            , 614.0               , 13725.0            , 1.26             , 2.34            , 1.34             , 2.51
RUKUMWEST      , RUKUMWEST      ,2019, 2075/76, Karnali Province      ,677.0,5860.443359375,1998.69909667969, TM      , MA2            , LPi          ,1213.417,82.462,28.739,442.381061568601,0.168704690963043,3.26718599998588,130.428036643991,6.66100726858075, 399.0         , 8469.0       , 463.0         , 5466.0       , 499.0               , 19834.0            , 609.0               , 14771.0            , 1.25             , 2.34            , 1.32             , 2.7
RUPANDEHI      , RUPANDEHI      ,2019, 2075/76, Lumbini Province      ,86.0,1142.05590820312,112.945381164551, TH      , SC2            , RGd          ,1304.709,83.392,27.576,115.936022249062,0.095442283175747,1.78915764793836,62.5443438893856,6.82489525902767, 75.0          , 2691.0       , 41.0          , 26460.0      , 194.0               , 10522.0            , 46.0                , 91832.0            , 2.59             , 3.91            , 1.12             , 3.47
SALYAN         , SALYAN         ,2019, 2075/76, Karnali Province      ,325.5,2808.11694335938,1300.40625, TM      , MA1            , CMe          ,1880.396,82.146,28.402,355.109524139346,0.128866752380664,2.90151587040756,168.980671749596,6.50132504769655, 952.0         , 20679.0      , 1015.0        , 13914.0      , 1270.0              , 47334.0            , 1126.0              , 32327.0            , 1.33             , 2.29            , 1.11             , 2.32
SANKHUWASABHA  , SANKHUWASABHA  ,2019, 2075/76, Koshi Province        ,250.0,8205.7626953125,2620.14794921875, TM      , MA2            , LPi          ,3470.433,87.281,27.582,398.825121157752,0.185700416343397,3.80773490414778,73.6742350267876,5.61906991000148, 15.0          , 12457.0      , 6663.0        , 715.0        , 17.0                , 24154.0            , 8456.0              , 1608.0             , 1.13             , 1.94            , 1.27             , 2.25
SAPTARI        , SAPTARI        ,2019, 2075/76, Madhesh Province      ,61.1346588134766,436.26171875,90.0238037109375, TH      , SC2            , RGd          ,1281.516,86.749,26.598,148.06213714943,0.0779959378314166,1.42416968473388,40.5059233241752,5.98521416981909, N/A           , 3854.0       , 189.0         , 15273.0      , N/A                 , 10999.0            , 241.0               , 53103.0            , N/A              , 2.85            , 1.27             , 3.48
SARLAHI        , SARLAHI        ,2019, 2075/76, Madhesh Province      ,67.5,694.423034667969,106.920471191406, TH      , SC2            , RGd          ,1263.618,85.568,26.986,169.119553936461,0.117072027288068,1.89570595754801,38.29483183666,6.68646757017644, 62.0          , 11123.0      , 747.0         , 22462.0      , 69.0                , 36050.0            , 653.0               , 74138.0            , 1.11             , 3.24            , 0.88             , 3.3
SINDHULI       , SINDHULI       ,2019, 2075/76, Bagmati Province      ,132.0,2360.17016601562,648.122650146484, SV      , UF2            , CMg          ,2484.937,85.946,27.201,281.082031977321,0.112265382163962,2.63653583112347,64.8940609696022,5.87498102623433, 42.0          , 25136.0      , 11801.0       , 5645.0       , 66.0                , 80284.0            , 12954.0             , 17318.0            , 1.57             , 3.19            , 1.1              , 3.07
SINDHUPALCHOK  , SINDHUPALCHOK  ,2019, 2075/76, Bagmati Province      ,627.5,6741.48486328125,2240.38696289062, TM      , MA2            , CMu          ,2491.359,85.742,27.915,252.901880562627,0.164142701448149,3.29840492011591,48.8590104945705,5.74743952872731, 172.0         , 24687.0      , 16659.0       , 6927.0       , 199.0               , 69445.0            , 21853.0             , 8058.0             , 1.16             , 2.81            , 1.31             , 1.16
SIRAHA         , SIRAHA         ,2019, 2075/76, Madhesh Province      ,66.1186981201172,711.960205078125,106.20783996582, LV      , UF1            , CMg          ,1139.635,86.345,26.746,147.431112525522,0.0923899370857775,1.23714850424744,40.3012087168646,6.51857353889331, N/A           , 3816.0       , 445.0         , 11777.0      , N/A                 , 8895.0             , 446.0               , 39955.0            , N/A              , 2.33            , 1.0              , 3.39
SOLUKHUMBU     , SOLUKHUMBU     ,2019, 2075/76, Koshi Province        ,572.187255859375,8723.734375,4199.30297851562, TM      , MA2            , LPi          ,3354.998,86.723,27.71,464.994048785511,0.250034422181357,4.76855187048888,127.13538546226,5.29953872650607, 171.0         , 13528.0      , 1948.0        , 2665.0       , 185.0               , 32751.0            , 2672.0              , 5103.0             , 1.08             , 2.42            , 1.37             , 1.91
SUNSARI        , SUNSARI        ,2019, 2075/76, Koshi Province        ,62.5,1783.26843261719,91.5066986083984, SV      , UF2            , CMg          ,1192.082,87.173,26.65,168.060067495812,0.087669963221729,1.78891936899074,41.2430883540688,6.28370004291388, 10.0          , 8896.0       , 592.0         , 11848.0      , 21.0                , 24126.0            , 693.0               , 47945.0            , 2.1              , 2.71            , 1.17             , 4.05
SURKHET        , SURKHET        ,2019, 2075/76, Karnali Province      ,198.5,2713.39721679688,792.544799804688, TM      , MA1            , CMe          ,2486.202,81.588,28.641,381.785799519815,0.151245844332941,3.11244147073425,141.508321836535,6.83070319276825, 929.0         , 15781.0      , 2066.0        , 14179.0      , 1420.0              , 44092.0            , 2934.0              , 42122.0            , 1.53             , 2.79            , 1.42             , 2.97
SYANGJA        , SYANGJA        ,2019, 2075/76, Gandaki Province      ,307.5,2257.06518554688,983.070220947266, TM      , MA1            , CMe          ,1037.965,83.805,28.021,211.833580021596,0.136571969525882,2.90977127066108,66.3478699415328,6.07573561968281, 4.0           , 26457.0      , 15932.0       , 5185.0       , 5.0                 , 96489.0            , 18544.0             , 13446.0            , 1.49             , 3.65            , 1.16             , 2.59
TANAHU         , TANAHU         ,2019, 2075/76, Gandaki Province      ,182.0,2115.46044921875,645.626586914062, TM      , MA1            , CMe          ,1572.372,84.253,27.955,226.831505724621,0.166124147717232,2.71716293439456,50.8254619261619,5.87343715357533, 5.0           , 22647.0      , 6558.0        , 1682.0       , 5.0                 , 73693.0            , 5905.0              , 3821.0             , 0.93             , 3.25            , 0.9              , 2.27
TAPLEJUNG      , TAPLEJUNG      ,2019, 2075/76, Koshi Province        ,495.5,8543.11328125,3778.78991699219, TM      , MA2            , LPi          ,3632.584,87.824,27.582,277.547029032904,0.107319136157988,3.67571148325673,120.788624163668,5.76367916603339, 265.0         , 9968.0       , 3005.0        , 1538.0       , 364.0               , 34160.0            , 4193.0              , 2876.0             , 1.37             , 3.43            , 1.4              , 1.87
TERHATHUM      , TERHATHUM      ,2019, 2075/76, Koshi Province        ,314.5,3009.18017578125,1394.34899902344, SV      , UF2            , CMg          ,670.592,87.552,27.154,301.62103337383,0.104251495127099,3.0688005653897,119.227259378819,6.14254417466116, 64.0          , 12897.0      , 2604.0        , 2401.0       , 75.0                , 31082.0            , 2979.0              , 4755.0             , 1.16             , 2.41            , 1.14             , 1.98
UDAYAPUR       , UDAYAPUR       ,2019, 2075/76, Koshi Province        ,75.8946075439453,2333.26196289062,425.963882446289, SV      , UF2            , CMg          ,2297.514,86.684,26.903,393.637565198524,0.127308461101252,2.64114980273531,96.2177494463199,6.10875011258569, 33.0          , 17836.0      , 2864.0        , 5799.0       , 58.0                , 39846.0            , 5631.0              , 14020.0            , 1.76             , 2.23            , 1.97             , 2.42
ACHHAM         , ACHHAM         ,2020, 2076/77, Sudurpashchim Province,326.0,3808.05981445312,1309.40710449219, TM      , MA2            , RGe          ,1700.448,81.299,29.112,340.802369515909,0.157029261043055,3.00074424062216,50.6899062359667,6.16690186329933, 445.0         , 6540.0       , 3538.0        , 14419.0      , 564.0               , 17697.0            , 3649.0              , 30714.0            , 1.27             , 2.71            , 1.03             , 2.13
ARGHAKHANCHI   , ARGHAKHANCHI   ,2020, 2076/77, Lumbini Province      ,184.144287109375,2259.11962890625,989.529876708984, TH      , SC2            , RGd          ,1239.185,83.081,27.908,326.970778707167,0.113508838927416,2.90825089048057,124.945358732945,6.3781995512863, 200.0         , 16041.0      , 505.0         , 5451.0       , 386.0               , 51063.0            , 568.0               , 16025.0            , 1.93             , 3.18            , 1.12             , 2.94
BAGLUNG        , BAGLUNG        ,2020, 2076/77, Gandaki Province      ,581.0,4640.00634765625,2237.62829589844, TM      , MA2            , LPi          ,1836.212,83.252,28.347,301.71833667512,0.137939779891388,2.87585215197176,162.636879612817,5.99541631943854, 774.0         , 20420.0      , 18255.0       , 6384.0       , 1137.0              , 72351.0            , 22856.0             , 16638.0            , 1.47             , 3.54            , 1.25             , 2.61
BAITADI        , BAITADI        ,2020, 2076/77, Sudurpashchim Province,383.0,3062.84936523438,1600.75384521484, TM      , MA2            , RGe          ,1492.847,80.573,29.508,546.882015889854,0.102074697927388,4.26701608064358,111.017300274489,6.65541103098621, 885.0         , 14999.0      , 350.0         , 19497.0      , 620.0               , 29005.0            , 399.0               , 41334.0            , 0.7              , 1.93            , 1.14             , 2.12
BAJHANG        , BAJHANG        ,2020, 2076/77, Sudurpashchim Province,816.846618652344,6978.16748046875,3263.2109375, TM      , MA2            , LPi          ,3459.458,81.18,29.708,362.654876253919,0.245082961239427,4.79692400785621,43.4871587045748,6.37618445095215, 3941.0        , 4186.0       , 2735.0        , 10187.0      , 3097.0              , 5859.0             , 2187.0              , 15571.0            , 0.79             , 1.4             , 0.8              , 1.53
BAJURA         , BAJURA         ,2020, 2076/77, Sudurpashchim Province,716.6943359375,6740.23046875,2824.30493164062, TM      , MA2            , LPi          ,2298.212,81.565,29.561,420.803985473592,0.186727956908787,3.82257966722719,46.7148833740073,6.57536184498176, 976.0         , 914.0        , 2494.0        , 6660.0       , 990.0               , 1460.0             , 2531.0              , 9324.0             , 1.01             , 1.6             , 1.02             , 1.4
BANKE          , BANKE          ,2020, 2076/77, Lumbini Province      ,128.293518066406,1228.09741210938,190.792510986328, TH      , SC2            , RGd          ,1880.856,81.824,28.087,226.092447656513,0.0984524809801277,1.80850183834179,137.272537912381,7.27620145407441, 8.0           , 9336.0       , N/A           , 17840.0      , 11.0                , 25913.0            , N/A                 , 68428.0            , 1.38             , 2.78            , N/A              , 3.84
BARA           , BARA           ,2020, 2076/77, Madhesh Province      ,68.0,905.923034667969,114.3837890625, TH      , SC2            , RGd          ,1272.886,85.073,27.108,155.885986185727,0.103949104410351,2.06294401295367,46.9307805000198,6.82882429435896, 38.0          , 11915.0      , 75.0          , 27137.0      , 85.0                , 44229.0            , 87.0                , 97438.0            , 2.23             , 3.71            , 1.15             , 3.59
BARDIYA        , BARDIYA        ,2020, 2076/77, Lumbini Province      ,133.0,1577.2587890625,179.127197265625, LV      , UF1            , CMg          ,2001.342,81.403,28.384,239.769610604303,0.101674459195698,1.80130098294358,106.86149249042,7.33923232386757, 8.0           , 2758.0       , N/A           , 17711.0      , 12.0                , 8112.0             , N/A                 , 69043.0            , 1.5              , 2.94            , N/A              , 3.9
BHAKTAPUR      , BHAKTAPUR      ,2020, 2076/77, Bagmati Province      ,1289.81018066406,2150.50927734375,1372.20666503906, TM      , MB1            , CMx          ,123.095,85.443,27.677,284.764700359283,0.145116330720101,3.03651011315786,172.980376357072,5.63727564669856, 17.0          , 1951.0       , 115.0         , 2094.0       , 35.0                , 8377.0             , 155.0               , 10488.0            , 2.06             , 4.29            , 1.35             , 5.01
BHOJPUR        , BHOJPUR        ,2020, 2076/77, Koshi Province        ,120.5,3980.7861328125,1292.92114257812, SV      , UF2            , CMg          ,1523.888,87.07,27.181,406.055410901516,0.149693801315416,3.35905832362685,129.665298614515,5.93582854815821, 12.0          , 36121.0      , 5429.0        , 400.0        , 17.0                , 99213.0            , 6980.0              , 820.0              , 1.43             , 2.75            , 1.29             , 2.05
CHITAWAN       , CHITAWAN       ,2020, 2076/77, Bagmati Province      ,110.5,1912.556640625,256.998931884766, TM      , MA1            , CMe          ,2240.456,84.437,27.585,154.407093624932,0.112607889948666,3.59765543871444,105.287410468856,6.50294870521491, 18.0          , 5986.0       , 1473.0        , 5088.0       , 34.0                , 24083.0            , 1645.0              , 19360.0            , 1.87             , 4.02            , 1.12             , 3.81
DADELDHURA     , DADELDHURA     ,2020, 2076/77, Sudurpashchim Province,271.5,2662.40698242188,1260.76049804688, TM      , MA1            , CMe          ,1502.414,80.491,29.223,378.091885821295,0.13550564802019,3.14551280083613,84.1050897817896,6.43620955565288, 174.0         , 3811.0       , 269.0         , 9009.0       , 240.0               , 13491.0            , 338.0               , 22073.0            , 1.37             , 3.54            , 1.26             , 2.45
DAILEKH        , DAILEKH        ,2020, 2076/77, Karnali Province      ,559.5,4051.35693359375,1425.27124023438, TM      , MA2            , RGe          ,1484.311,81.681,28.881,341.749402410875,0.141763840157547,2.8254021574917,95.1133880595949,6.08103721497698, 181.0         , 21512.0      , 2538.0        , 17497.0      , 236.0               , 54527.0            , 2698.0              , 42868.0            , 1.3              , 2.53            , 1.06             , 2.45
DANG           , DANG           ,2020, 2076/77, Lumbini Province      ,186.617767333984,2058.49633789062,593.523529052734, TH      , SC2            , RGd          ,3059.26,82.404,27.969,463.999244524842,0.11398975386498,2.20078447336562,168.800181438686,6.93479637694548, 23.0          , 26250.0      , 14.0          , 11783.0      , 28.0                , 75081.0            , 15.0                , 32993.0            , 1.23             , 2.86            , 1.06             , 2.8
DARCHULA       , DARCHULA       ,2020, 2076/77, Sudurpashchim Province,530.582885742188,7068.1396484375,3508.10424804688, TM      , MA2            , LPi          ,2696.145,80.793,29.948,361.133637241026,0.224041434494121,4.90693167542509,64.8658877161033,6.85122113018199, 1060.0        , 5799.0       , 1254.0        , 6580.0       , 884.0               , 13423.0            , 1169.0              , 14213.0            , 0.83             , 2.31            , 0.93             , 2.16
DHADING        , DHADING        ,2020, 2076/77, Bagmati Province      ,270.880767822266,6951.3525390625,1157.41882324219, TM      , MA2            , LPi          ,1907.158,84.962,27.954,189.95853097152,0.184161917520656,3.12927382404872,57.1033023585447,6.02225089043977, 252.0         , 20860.0      , 6940.0        , 4560.0       , 350.0               , 62939.0            , 7175.0              , 13602.0            , 1.39             , 3.02            , 1.03             , 2.98
DHANKUTA       , DHANKUTA       ,2020, 2076/77, Koshi Province        ,118.757606506348,2694.3544921875,1034.15002441406, SV      , UF2            , CMg          ,898.98,87.333,26.991,416.141671901754,0.132265571896405,3.02599695520061,104.261439764489,6.28033250308557, N/A           , 14004.0      , 7530.0        , 1302.0       , N/A                 , 45647.0            , 9421.0              , 2930.0             , N/A              , 3.26            , 1.25             , 2.25
DHANUSHA       , DHANUSHA       ,2020, 2076/77, Madhesh Province      ,57.4233512878418,713.773010253906,98.2833023071289, TH      , SC2            , RGd          ,1188.969,86.036,26.828,117.777688154344,0.0735737234147109,1.16454522040253,35.5936244754015,6.31621295115148, 2.0           , 3469.0       , 174.0         , 36374.0      , 2.0                 , 10989.0            , 177.0               , 120724.0           , 1.5              , 3.17            , 1.01             , 3.32
DOLAKHA        , DOLAKHA        ,2020, 2076/77, Bagmati Province      ,593.790100097656,6900.5400390625,2693.76489257812, TM      , MA2            , LPi          ,2147.002,86.201,27.785,267.905931334118,0.176616451923932,3.37109601314696,83.1804857363801,5.55297184695014, 146.0         , 5718.0       , 3635.0        , 4248.0       , 175.0               , 16684.0            , 5133.0              , 8454.0             , 1.2              , 2.92            , 1.41             , 1.99
DOLPA          , DOLPA          ,2020, 2076/77, Karnali Province      ,1501.69506835938,7731.5078125,4793.42724609375, TM      , MA2            , LPi          ,7946.52,83.054,29.171,461.043211815638,0.228555651369432,4.42490712685912,145.386666210252,6.69125391514782, 354.0         , 2354.0       , 277.0         , 2779.0       , 355.0               , 3729.0             , 305.0               , 5114.0             , 1.0              , 1.58            , 1.1              , 1.84
DOTI           , DOTI           ,2020, 2076/77, Sudurpashchim Province,304.0,3279.84936523438,1442.28552246094, TM      , MA2            , RGe          ,2050.89,80.896,29.17,332.010178875298,0.145198797458341,2.95759711654838,68.0059784101824,6.34229682480316, 191.0         , 3474.0       , 4575.0        , 12328.0      , 189.0               , 8712.0             , 5440.0              , 27482.0            , 0.99             , 2.51            , 1.19             , 2.23
GORKHA         , GORKHA         ,2020, 2076/77, Gandaki Province      ,228.5,7983.09521484375,3185.54467773438, TM      , MA2            , LPi          ,3647.014,84.792,28.319,255.023310534875,0.277566787372248,3.01872690749044,53.80943504015,5.81304031705723, 100.0         , 17703.0      , 11816.0       , 3561.0       , 141.0               , 47656.0            , 15654.0             , 8298.0             , 1.41             , 2.69            , 1.32             , 2.33
GULMI          , GULMI          ,2020, 2076/77, Lumbini Province      ,459.5,2677.65112304688,1278.63439941406, TM      , MA1            , CMe          ,1108.282,83.309,28.094,256.489081123057,0.148138481468956,3.26498679985971,162.218243641452,6.41361821607527, 243.0         , 24451.0      , 2896.0        , 6617.0       , 424.0               , 63269.0            , 3261.0              , 19586.0            , 1.75             , 2.59            , 1.13             , 2.96
HUMLA          , HUMLA          ,2020, 2076/77, Karnali Province      ,1173.0,6997.869140625,4668.60034179688, TV      , UF1            , RGe          ,6008.728,81.882,30.032,271.595296756269,0.15275020661515,3.95251302206632,150.338657875784,7.07807836321831, 622.0         , 146.0        , 1294.0        , 941.0        , 812.0               , 266.0              , 1383.0              , 1362.0             , 1.3              , 1.82            , 1.07             , 1.45
ILAM           , ILAM           ,2020, 2076/77, Koshi Province        ,115.0,3594.64208984375,1068.93518066406, TM      , MA2            , CMu          ,1685.818,87.904,26.881,379.664216725838,0.137195611548443,3.01750567665439,157.492232402046,6.04871962316365, 52.0          , 33815.0      , 1782.0        , 4608.0       , 64.0                , 126458.0           , 2406.0              , 13822.0            , 1.24             , 3.74            , 1.35             , 3.0
JAJARKOT       , JAJARKOT       ,2020, 2076/77, Karnali Province      ,607.0,5398.15869140625,2170.43347167969, TM      , MA2            , LPi          ,2222.519,82.17,28.865,431.388658320394,0.173539378601211,3.21414716599659,149.671178851275,6.4434617714514, 616.0         , 14047.0      , 1813.0        , 13774.0      , 699.0               , 37262.0            , 1855.0              , 29201.0            , 1.14             , 2.65            , 1.02             , 2.12
JHAPA          , JHAPA          ,2020, 2076/77, Koshi Province        ,59.761791229248,826.230651855469,102.456111907959, TM      , MA1            , CMe          ,1603.77,87.916,26.584,190.55327224687,0.104507366958155,2.38279226645097,51.1671486355456,5.60350384981523, 5.0           , 39302.0      , 1153.0        , 7125.0       , 9.0                 , 158985.0           , 1495.0              , 23014.0            , 1.87             , 4.05            , 1.3              , 3.23
JUMLA          , JUMLA          ,2020, 2076/77, Karnali Province      ,2035.96752929688,6546.94140625,3439.25695800781, TM      , MA2            , LPi          ,2554.398,82.219,29.272,454.209681142738,0.187106771067978,3.87881310172361,51.9879852131891,6.00101599634949, 3405.0        , 4404.0       , 3696.0        , 2271.0       , 5819.0              , 6858.0             , 3924.0              , 5396.0             , 1.71             , 1.56            , 1.06             , 2.38
KAILALI        , KAILALI        ,2020, 2076/77, Sudurpashchim Province,138.0,1952.61047363281,210.908737182617, TM      , MA1            , CMe          ,3286.136,80.881,28.742,198.395355728067,0.102388554938699,1.91030792930229,66.6993388544533,7.34758909198902, 176.0         , 6405.0       , 352.0         , 35950.0      , 370.0               , 18691.0            , 398.0               , 140545.0           , 2.1              , 2.92            , 1.13             , 3.91
KALIKOT        , KALIKOT        ,2020, 2076/77, Karnali Province      ,728.16845703125,4458.55029296875,2772.01440429688, TM      , MA2            , RGe          ,1640.156,81.754,29.195,444.087151248562,0.164069342785738,3.36061834015338,45.1702075502736,6.52851296859501, 821.0         , 3030.0       , 1227.0        , 4953.0       , 1298.0              , 6973.0             , 1399.0              , 6797.0             , 1.58             , 2.3             , 1.09             , 1.37
KANCHANPUR     , KANCHANPUR     ,2020, 2076/77, Sudurpashchim Province,159.152694702148,1505.19421386719,205.706359863281, LV      , UF1            , CMg          ,1618.111,80.323,28.862,131.272540609046,0.0896434820632919,1.77377424661822,34.5890023763427,7.30370091375685, 8.0           , 3271.0       , N/A           , 34554.0      , 12.0                , 8959.0             , N/A                 , 133032.0           , 1.5              , 2.74            , N/A              , 3.85
KAPILBASTU     , KAPILBASTU     ,2020, 2076/77, Lumbini Province      ,88.7635269165039,1265.87573242188,116.869033813477, TH      , SC2            , RGd          ,1651.659,82.983,27.628,203.623103057436,0.100917059609816,1.89117043368294,64.6511899229649,7.24225859112583, 177.0         , 2651.0       , N/A           , 26118.0      , 330.0               , 9938.0             , N/A                 , 103167.0           , 1.87             , 3.75            , N/A              , 3.95
KASKI          , KASKI          ,2020, 2076/77, Gandaki Province      ,383.5,7879.4404296875,2135.43920898438, TM      , MA2            , LPi          ,2085.276,83.999,28.355,178.985725944854,0.15442640435205,3.1027342045444,72.053408605867,5.63889217427502, 109.0         , 14111.0      , 15434.0       , 5650.0       , 175.0               , 37149.0            , 20706.0             , 13061.0            , 1.61             , 2.63            , 1.34             , 2.31
KATHMANDU      , KATHMANDU      ,2020, 2076/77, Bagmati Province      ,842.585571289062,2713.25439453125,1415.49719238281, TM      , MA1            , CMe          ,413.659,85.35,27.728,264.110593875468,0.15712586664956,3.18734821490731,103.441143050215,5.68077896464943, 3.0           , 5532.0       , 613.0         , 2075.0       , 4.0                 , 23192.0            , 742.0               , 9155.0             , 1.51             , 4.19            , 1.21             , 4.41
KAVRE          , KAVRE          ,2020, 2076/77, Bagmati Province      ,280.526916503906,2921.60424804688,1358.27575683594, SV      , UF2            , CMg          ,1394.031,85.622,27.535,298.620999192077,0.152830672384332,3.18282895525467,89.9861738568235,5.99011701081785, 367.0         , 24823.0      , 3444.0        , 8860.0       , 599.0               , 80137.0            , 3490.0              , 26591.0            , 1.63             , 3.23            , 1.01             , 3.0
KHOTANG        , KHOTANG        ,2020, 2076/77, Koshi Province        ,161.5,3623.7294921875,1295.84375, SV      , UF2            , CMg          ,1589.458,86.789,27.168,570.506424330257,0.164639770228709,3.36871857330258,142.774027765281,6.11313324047924, 350.0         , 42945.0      , 23535.0       , 5030.0       , 529.0               , 98986.0            , 26496.0             , 11569.0            , 1.51             , 2.3             , 1.13             , 2.3
LALITPUR       , LALITPUR       ,2020, 2076/77, Bagmati Province      ,414.401641845703,2810.4365234375,1518.54248046875, TM      , MB1            , CMx          ,396.834,85.345,27.539,328.699357392353,0.170693859182162,3.60404062064105,97.8892885375356,5.90752661792669, 38.0          , 9203.0       , 572.0         , 2512.0       , 55.0                , 34659.0            , 646.0               , 8671.0             , 1.45             , 3.77            , 1.13             , 3.45
LAMJUNG        , LAMJUNG        ,2020, 2076/77, Gandaki Province      ,374.116546630859,7849.52392578125,1924.53607177734, TM      , MA2            , LPi          ,1663.107,84.432,28.289,166.638125907701,0.156077489873808,3.29657830796891,114.977490910563,5.76887646030865, 39.0          , 10098.0      , 7708.0        , 1596.0       , 57.0                , 26397.0            , 8331.0              , 3910.0             , 1.46             , 2.61            , 1.08             , 2.45
MAHOTTARI      , MAHOTTARI      ,2020, 2076/77, Madhesh Province      ,58.5692291259766,793.34814453125,102.198787689209, TH      , SC2            , RGd          ,1000.874,85.822,26.879,89.0523401931743,0.105505414448629,1.53681448264249,35.7023984353165,6.21434485707373, 8.0           , 9733.0       , N/A           , 24373.0      , 9.0                 , 28853.0            , N/A                 , 74671.0            , 1.18             , 2.96            , N/A              , 3.06
MAKAWANPUR     , MAKAWANPUR     ,2020, 2076/77, Bagmati Province      ,139.0,2580.658203125,664.185089111328, TM      , MA1            , CMe          ,2443.827,85.081,27.47,248.747604545184,0.13183394525659,3.00095802938863,120.159976703518,5.78593868284733, 250.0         , 26169.0      , 2773.0        , 3929.0       , 348.0               , 85580.0            , 3308.0              , 14532.0            , 1.39             , 3.27            , 1.19             , 3.7
MANANG         , MANANG         ,2020, 2076/77, Gandaki Province      ,1477.93371582031,8034.90625,4928.43676757812, TM      , MA2            , LPi          ,2321.552,84.227,28.673,424.921603423183,0.325862603338019,4.32103379351421,141.003324216083,6.24244846556951, 109.0         , 70.0         , N/A           , 202.0        , 189.0               , 111.0              , N/A                 , 305.0              , 1.73             , 1.59            , N/A              , 1.51
MORANG         , MORANG         ,2020, 2076/77, Koshi Province        ,57.9486808776855,2364.02392578125,105.974941253662, TM      , MA1            , CMe          ,1822.713,87.473,26.617,181.23714618601,0.0942170460435101,1.92586307621722,37.6410558182245,6.32608321795286, N/A           , 17255.0      , 1218.0        , 12639.0      , N/A                 , 68286.0            , 1507.0              , 39434.0            , N/A              , 3.96            , 1.24             , 3.12
MUGU           , MUGU           ,2020, 2076/77, Karnali Province      ,1094.0,6809.84716796875,3999.96142578125, TM      , MA2            , LPi          ,3233.739,82.372,29.618,263.380068569702,0.125506275252399,4.08698874927317,186.690619187985,7.09450580244332, 1034.0        , 589.0        , 4218.0        , 3201.0       , 1158.0              , 941.0              , 4126.0              , 3986.0             , 1.12             , 1.6             , 0.98             , 1.25
MUSTANG        , MUSTANG        ,2020, 2076/77, Gandaki Province      ,1770.47045898438,6987.1884765625,4730.4482421875, TM      , MA2            , LPi          ,3564.949,83.86,28.981,379.323829357573,0.215011607281011,4.07517509544559,155.788660422972,6.63328320750388, 254.0         , 565.0        , N/A           , 535.0        , 471.0               , 967.0              , N/A                 , 887.0              , 1.85             , 1.71            , N/A              , 1.66
MYAGDI         , MYAGDI         ,2020, 2076/77, Gandaki Province      ,776.0478515625,8116.4580078125,3171.29016113281, TM      , MA2            , LPi          ,2285.539,83.462,28.553,353.13606139049,0.173414576561193,3.68759349691876,214.482872536434,6.04501443362091, 279.0         , 9180.0       , 2530.0        , 2812.0       , 372.0               , 31149.0            , 3296.0              , 7116.0             , 1.33             , 3.39            , 1.3              , 2.53
NAWALPARASIEAST, NAWALPARASIEAST,2020, 2076/77, Gandaki Province      ,106.5,1893.65856933594,337.243438720703, TM      , MA1            , CMe          ,1426.415,84.064,27.687,171.301081827196,0.121214691114625,2.32493160430211,53.2872014070441,6.07211767656373, 8.0           , 4207.0       , 256.0         , 8056.0       , 10.0                , 12892.0            , 287.0               , 23785.0            , 1.25             , 3.06            , 1.12             , 2.95
NAWALPARASIWEST, NAWALPARASIWEST,2020, 2076/77, Lumbini Province      ,99.0,1166.69519042969,115.263748168945, TH      , SC2            , RGd          ,726.466,83.741,27.528,116.764238598711,0.0844409889655,1.64869655736131,44.392201661222,7.34831070223391, 5.0           , 4968.0       , 226.0         , 8616.0       , 6.0                 , 15345.0            , 234.0               , 24985.0            , 1.23             , 3.09            , 1.04             , 2.9
NUWAKOT        , NUWAKOT        ,2020, 2076/77, Bagmati Province      ,412.0,5062.8427734375,1334.30712890625, TM      , MA2            , RGe          ,1193.274,85.238,27.915,225.217758376186,0.165817219876061,3.11697339822482,56.0506968669311,5.84125763226907, 152.0         , 16218.0      , 5245.0        , 4165.0       , 198.0               , 62235.0            , 6926.0              , 13745.0            , 1.3              , 3.84            , 1.32             , 3.3
OKHALDHUNGA    , OKHALDHUNGA    ,2020, 2076/77, Koshi Province        ,331.0,3433.61499023438,1487.54565429688, TM      , MA2            , CMu          ,1076.205,86.421,27.329,485.824933423802,0.181701865172169,3.66111232283744,119.537118790117,5.88399072874108, 80.0          , 12400.0      , 7585.0        , 2145.0       , 106.0               , 35844.0            , 14361.0             , 4569.0             , 1.32             , 2.89            , 1.89             , 2.13
PALPA          , PALPA          ,2020, 2076/77, Lumbini Province      ,218.424285888672,1890.34606933594,990.207244873047, TM      , MA1            , CMe          ,1462.567,83.626,27.817,256.894220190774,0.137318277557528,3.03297254540623,91.8766897122486,6.33758812670282, 19.0          , 21185.0      , 2655.0        , 5744.0       , 35.0                , 55766.0            , 3109.0              , 15673.0            , 1.83             , 2.63            , 1.17             , 2.73
PANCHTHAR      , PANCHTHAR      ,2020, 2076/77, Koshi Province        ,331.5,4615.68359375,1605.63793945312, SV      , UF2            , CMg          ,1248.063,87.778,27.115,316.494627782254,0.124330485249073,3.10273955703911,240.324144548503,6.10174908627369, 305.0         , 18983.0      , 4550.0        , 3904.0       , 446.0               , 41103.0            , 8432.0              , 8433.0             , 1.46             , 2.17            , 1.85             , 2.16
PARBAT         , PARBAT         ,2020, 2076/77, Gandaki Province      ,526.0,3286.6259765625,1395.09533691406, TM      , MA2            , CMu          ,541.664,83.681,28.211,207.84815559118,0.169950491356389,3.40349507110183,82.9595952352668,5.73858091079885, 81.0          , 13958.0      , 8499.0        , 2656.0       , 105.0               , 34843.0            , 8417.0              , 6772.0             , 1.3              , 2.5             , 0.99             , 2.55
PARSA          , PARSA          ,2020, 2076/77, Madhesh Province      ,75.6167449951172,846.730163574219,180.81787109375, TH      , SC2            , RGd          ,1407.074,84.782,27.239,106.294523352761,0.0890366639011917,1.41976793800242,32.6341705774616,6.12336358832026, 29.0          , 4580.0       , N/A           , 21992.0      , 42.0                , 17018.0            , N/A                 , 80822.0            , 1.46             , 3.72            , N/A              , 3.68
PYUTHAN        , PYUTHAN        ,2020, 2076/77, Lumbini Province      ,316.0,3612.08178710938,1253.53210449219, TM      , MA2            , RGe          ,1321.108,82.867,28.115,467.06105633097,0.109934012073795,2.36062430387048,171.061623965142,6.39066998109686, 468.0         , 11306.0      , 2182.0        , 7951.0       , 764.0               , 27986.0            , 2672.0              , 23693.0            , 1.63             , 2.48            , 1.22             , 2.98
RAMECHHAP      , RAMECHHAP      ,2020, 2076/77, Bagmati Province      ,402.5,6837.0185546875,1720.99377441406, TM      , MA2            , LPi          ,1564.314,86.18,27.513,315.893055471425,0.156598731635481,3.18118514770153,83.7272694841293,5.93530521552835, 63.0          , 21686.0      , 4831.0        , 3875.0       , 85.0                , 62121.0            , 5399.0              , 9106.0             , 1.35             , 2.86            , 1.12             , 2.35
RASUWA         , RASUWA         ,2020, 2076/77, Bagmati Province      ,613.395568847656,7204.4150390625,3741.8671875, TM      , MA2            , LPi          ,1501.12,85.418,28.183,303.947637318664,0.191512472635851,3.79950059194161,57.2098591681754,5.89673986838381, 253.0         , 2298.0       , 828.0         , 689.0        , 336.0               , 6088.0             , 814.0               , 1385.0             , 1.33             , 2.65            , 0.98             , 2.01
RAUTAHAT       , RAUTAHAT       ,2020, 2076/77, Madhesh Province      ,68.0,917.86962890625,94.2313232421875, TH      , SC2            , RGd          ,1038.392,85.305,27.001,145.125791774952,0.104901417803555,1.77976234057964,44.7550129427155,6.90008192576278, 3.0           , 3506.0       , 70.0          , 14987.0      , 5.0                 , 12421.0            , 73.0                , 55831.0            , 1.57             , 3.54            , 1.04             , 3.73
ROLPA          , ROLPA          ,2020, 2076/77, Lumbini Province      ,654.026062011719,3647.13012695312,1796.36608886719, TM      , MA2            , RGe          ,1885.559,82.63,28.344,528.747923482135,0.130187235876249,2.47086037775873,168.766012078651,6.57275978481274, 556.0         , 13438.0      , 1113.0        , 8407.0       , 661.0               , 34482.0            , 1276.0              , 24884.0            , 1.19             , 2.57            , 1.15             , 2.96
RUKUMEAST      , RUKUMEAST      ,2020, 2076/77, Lumbini Province      ,951.950073242188,7058.1689453125,3066.55224609375, TM      , MA2            , LPi          ,1682.362,82.813,28.674,491.578161899247,0.160993484393413,3.12617651203588,173.980011387344,6.40898419498412, 413.0         , 8154.0       , 468.0         , 5173.0       , 528.0               , 21148.0            , 597.0               , 14485.0            , 1.28             , 2.59            , 1.27             , 2.8
RUKUMWEST      , RUKUMWEST      ,2020, 2076/77, Karnali Province      ,677.0,5860.443359375,1998.69909667969, TM      , MA2            , LPi          ,1213.417,82.462,28.739,442.381061568601,0.168704690963043,3.26718599998588,130.428036643991,6.66100726858075, 41.0          , 10591.0      , 461.0         , 5673.0       , 518.0               , 21452.0            , 623.0               , 15772.0            , 1.25             , 2.03            , 1.35             , 2.78
RUPANDEHI      , RUPANDEHI      ,2020, 2076/77, Lumbini Province      ,86.0,1142.05590820312,112.945381164551, TH      , SC2            , RGd          ,1304.709,83.392,27.576,115.936022249062,0.095442283175747,1.78915764793836,62.5443438893856,6.82489525902767, 74.0          , 2639.0       , 46.0          , 26819.0      , 188.0               , 10359.0            , 52.0                , 95497.0            , 2.54             , 3.93            , 1.13             , 3.56
SALYAN         , SALYAN         ,2020, 2076/77, Karnali Province      ,325.5,2808.11694335938,1300.40625, TM      , MA1            , CMe          ,1880.396,82.146,28.402,355.109524139346,0.128866752380664,2.90151587040756,168.980671749596,6.50132504769655, 950.0         , 20005.0      , 1020.0        , 13992.0      , 1276.0              , 49386.0            , 1194.0              , 43375.0            , 1.34             , 2.47            , 1.17             , 3.1
SANKHUWASABHA  , SANKHUWASABHA  ,2020, 2076/77, Koshi Province        ,250.0,8205.7626953125,2620.14794921875, TM      , MA2            , LPi          ,3470.433,87.281,27.582,398.825121157752,0.185700416343397,3.80773490414778,73.6742350267876,5.61906991000148, 13.0          , 12858.0      , 6361.0        , 715.0        , 17.0                , 28147.0            , 8029.0              , 1681.0             , 1.31             , 2.19            , 1.26             , 2.35
SAPTARI        , SAPTARI        ,2020, 2076/77, Madhesh Province      ,61.1346588134766,436.26171875,90.0238037109375, TH      , SC2            , RGd          ,1281.516,86.749,26.598,148.06213714943,0.0779959378314166,1.42416968473388,40.5059233241752,5.98521416981909, N/A           , 3922.0       , 181.0         , 15314.0      , N/A                 , 12517.0            , 227.0               , 54343.0            , N/A              , 3.19            , 1.25             , 3.55
SARLAHI        , SARLAHI        ,2020, 2076/77, Madhesh Province      ,67.5,694.423034667969,106.920471191406, TH      , SC2            , RGd          ,1263.618,85.568,26.986,169.119553936461,0.117072027288068,1.89570595754801,38.29483183666,6.68646757017644, 62.0          , 11276.0      , 702.0         , 22479.0      , 71.0                , 37620.0            , 627.0               , 76592.0            , 1.14             , 3.34            , 0.89             , 3.41
SINDHULI       , SINDHULI       ,2020, 2076/77, Bagmati Province      ,132.0,2360.17016601562,648.122650146484, SV      , UF2            , CMg          ,2484.937,85.946,27.201,281.082031977321,0.112265382163962,2.63653583112347,64.8940609696022,5.87498102623433, 41.0          , 25657.0      , 11934.0       , 6875.0       , 65.0                , 81197.0            , 12163.0             , 19388.0            , 1.59             , 3.16            , 1.02             , 2.82
SINDHUPALCHOK  , SINDHUPALCHOK  ,2020, 2076/77, Bagmati Province      ,627.5,6741.48486328125,2240.38696289062, TM      , MA2            , CMu          ,2491.359,85.742,27.915,252.901880562627,0.164142701448149,3.29840492011591,48.8590104945705,5.74743952872731, 172.0         , 25168.0      , 16952.0       , 6908.0       , 205.0               , 70470.0            , 22079.0             , 13954.0            , 1.19             , 2.8             , 1.3              , 2.02
SIRAHA         , SIRAHA         ,2020, 2076/77, Madhesh Province      ,66.1186981201172,711.960205078125,106.20783996582, LV      , UF1            , CMg          ,1139.635,86.345,26.746,147.431112525522,0.0923899370857775,1.23714850424744,40.3012087168646,6.51857353889331, N/A           , 3991.0       , 435.0         , 11781.0      , N/A                 , 11993.0            , 450.0               , 41287.0            , N/A              , 3.01            , 1.03             , 3.5
SOLUKHUMBU     , SOLUKHUMBU     ,2020, 2076/77, Koshi Province        ,572.187255859375,8723.734375,4199.30297851562, TM      , MA2            , LPi          ,3354.998,86.723,27.71,464.994048785511,0.250034422181357,4.76855187048888,127.13538546226,5.29953872650607, 165.0         , 14050.0      , 1827.0        , 2669.0       , 193.0               , 35309.0            , 2460.0              , 5603.0             , 1.17             , 2.51            , 1.35             , 2.1
SUNSARI        , SUNSARI        ,2020, 2076/77, Koshi Province        ,62.5,1783.26843261719,91.5066986083984, SV      , UF2            , CMg          ,1192.082,87.173,26.65,168.060067495812,0.087669963221729,1.78891936899074,41.2430883540688,6.28370004291388, 11.0          , 8949.0       , 499.0         , 12959.0      , 24.0                , 27900.0            , 575.0               , 42117.0            , 2.25             , 3.12            , 1.15             , 3.25
SURKHET        , SURKHET        ,2020, 2076/77, Karnali Province      ,198.5,2713.39721679688,792.544799804688, TM      , MA1            , CMe          ,2486.202,81.588,28.641,381.785799519815,0.151245844332941,3.11244147073425,141.508321836535,6.83070319276825, 931.0         , 15011.0      , 2215.0        , 13941.0      , 1424.0              , 43844.0            , 2957.0              , 42425.0            , 1.53             , 2.92            , 1.34             , 3.04
SYANGJA        , SYANGJA        ,2020, 2076/77, Gandaki Province      ,307.5,2257.06518554688,983.070220947266, TM      , MA1            , CMe          ,1037.965,83.805,28.021,211.833580021596,0.136571969525882,2.90977127066108,66.3478699415328,6.07573561968281, 4.0           , 26275.0      , 15926.0       , 5098.0       , 6.0                 , 96452.0            , 20004.0             , 14509.0            , 1.65             , 3.67            , 1.26             , 2.85
TANAHU         , TANAHU         ,2020, 2076/77, Gandaki Province      ,182.0,2115.46044921875,645.626586914062, TM      , MA1            , CMe          ,1572.372,84.253,27.955,226.831505724621,0.166124147717232,2.71716293439456,50.8254619261619,5.87343715357533, 6.0           , 22835.0      , 6656.0        , 1643.0       , 6.0                 , 73594.0            , 6587.0              , 4119.0             , 1.03             , 3.22            , 0.99             , 2.51
TAPLEJUNG      , TAPLEJUNG      ,2020, 2076/77, Koshi Province        ,495.5,8543.11328125,3778.78991699219, TM      , MA2            , LPi          ,3632.584,87.824,27.582,277.547029032904,0.107319136157988,3.67571148325673,120.788624163668,5.76367916603339, 270.0         , 9598.0       , 3008.0        , 1535.0       , 402.0               , 26874.0            , 4181.0              , 3546.0             , 1.49             , 2.8             , 1.39             , 2.31
TERHATHUM      , TERHATHUM      ,2020, 2076/77, Koshi Province        ,314.5,3009.18017578125,1394.34899902344, SV      , UF2            , CMg          ,670.592,87.552,27.154,301.62103337383,0.104251495127099,3.0688005653897,119.227259378819,6.14254417466116, 64.0          , 12117.0      , 2603.0        , 2400.0       , 85.0                , 32615.0            , 3269.0              , 5064.0             , 1.33             , 2.69            , 1.26             , 2.11
UDAYAPUR       , UDAYAPUR       ,2020, 2076/77, Koshi Province        ,75.8946075439453,2333.26196289062,425.963882446289, SV      , UF2            , CMg          ,2297.514,86.684,26.903,393.637565198524,0.127308461101252,2.64114980273531,96.2177494463199,6.10875011258569, 25.0          , 17907.0      , 2963.0        , 5130.0       , 39.0                , 42350.0            , 5589.0              , 14108.0            , 1.54             , 2.37            , 1.89             , 2.75
ACHHAM         , ACHHAM         ,2022, 2078/79, Sudurpashchim Province,326.0,3808.05981445312,1309.40710449219, TM      , MA2            , RGe          ,1700.448,81.299,29.112,340.802369515909,0.157029261043055,3.00074424062216,50.6899062359667,6.16690186329933, 412.0         , 6688.0       , 3857.0        , 14730.0      , 455.0               , 20714.0            , 4912.0              , 24676.0            , 1.1              , 3.1             , 1.27             , 1.68
ARGHAKHANCHI   , ARGHAKHANCHI   ,2022, 2078/79, Lumbini Province      ,184.144287109375,2259.11962890625,989.529876708984, TH      , SC2            , RGd          ,1239.185,83.081,27.908,326.970778707167,0.113508838927416,2.90825089048057,124.945358732945,6.3781995512863, 375.0         , 16955.0      , 511.0         , 7340.0       , 388.0               , 54975.0            , 577.0               , 19955.0            , 1.03             , 3.24            , 1.13             , 2.72
BAGLUNG        , BAGLUNG        ,2022, 2078/79, Gandaki Province      ,581.0,4640.00634765625,2237.62829589844, TM      , MA2            , LPi          ,1836.212,83.252,28.347,301.71833667512,0.137939779891388,2.87585215197176,162.636879612817,5.99541631943854, 90.0          , 18850.0      , 18456.0       , 6900.0       , 120.0               , 64260.0            , 23247.0             , 17319.0            , 1.33             , 3.41            , 1.26             , 2.51
BAITADI        , BAITADI        ,2022, 2078/79, Sudurpashchim Province,383.0,3062.84936523438,1600.75384521484, TM      , MA2            , RGe          ,1492.847,80.573,29.508,546.882015889854,0.102074697927388,4.26701608064358,111.017300274489,6.65541103098621, 671.0         , 10864.0      , 354.0         , 15400.0      , 812.0               , 32078.0            , 408.0               , 24122.0            , 1.21             , 2.95            , 1.15             , 1.57
BAJHANG        , BAJHANG        ,2022, 2078/79, Sudurpashchim Province,816.846618652344,6978.16748046875,3263.2109375, TM      , MA2            , LPi          ,3459.458,81.18,29.708,362.654876253919,0.245082961239427,4.79692400785621,43.4871587045748,6.37618445095215, 2354.0        , 4050.0       , 2761.0        , 10927.0      , 4102.0              , 6599.0             , 3525.0              , 21944.0            , 1.74             , 1.63            , 1.28             , 2.01
BAJURA         , BAJURA         ,2022, 2078/79, Sudurpashchim Province,716.6943359375,6740.23046875,2824.30493164062, TM      , MA2            , LPi          ,2298.212,81.565,29.561,420.803985473592,0.186727956908787,3.82257966722719,46.7148833740073,6.57536184498176, 1470.0        , 3293.0       , 5870.0        , 10450.0      , 1970.0              , 4850.0             , 5907.0              , 15675.0            , 1.34             , 1.47            , 1.01             , 1.5
BANKE          , BANKE          ,2022, 2078/79, Lumbini Province      ,128.293518066406,1228.09741210938,190.792510986328, TH      , SC2            , RGd          ,1880.856,81.824,28.087,226.092447656513,0.0984524809801277,1.80850183834179,137.272537912381,7.27620145407441, 8.0           , 19545.0      , N/A           , 23500.0      , 11.0                , 62192.0            , N/A                 , 79000.0            , 1.37             , 3.18            , N/A              , 3.36
BARA           , BARA           ,2022, 2078/79, Madhesh Province      ,68.0,905.923034667969,114.3837890625, TH      , SC2            , RGd          ,1272.886,85.073,27.108,155.885986185727,0.103949104410351,2.06294401295367,46.9307805000198,6.82882429435896, 38.0          , 11940.0      , 76.0          , 27103.0      , 41.0                , 46653.0            , 88.0                , 94650.0            , 1.08             , 3.91            , 1.16             , 3.49
BARDIYA        , BARDIYA        ,2022, 2078/79, Lumbini Province      ,133.0,1577.2587890625,179.127197265625, LV      , UF1            , CMg          ,2001.342,81.403,28.384,239.769610604303,0.101674459195698,1.80130098294358,106.86149249042,7.33923232386757, 8.0           , 5350.0       , N/A           , 23500.0      , 12.0                , 20008.0            , N/A                 , 79500.0            , 1.5              , 3.74            , N/A              , 3.38
BHAKTAPUR      , BHAKTAPUR      ,2022, 2078/79, Bagmati Province      ,1289.81018066406,2150.50927734375,1372.20666503906, TM      , MB1            , CMx          ,123.095,85.443,27.677,284.764700359283,0.145116330720101,3.03651011315786,172.980376357072,5.63727564669856, 17.0          , 1900.0       , 110.0         , 3150.0       , 29.0                , 7750.0             , 117.0               , 12409.0            , 1.71             , 4.08            , 1.06             , 3.94
BHOJPUR        , BHOJPUR        ,2022, 2078/79, Koshi Province        ,120.5,3980.7861328125,1292.92114257812, SV      , UF2            , CMg          ,1523.888,87.07,27.181,406.055410901516,0.149693801315416,3.35905832362685,129.665298614515,5.93582854815821, 10.0          , 36898.0      , 5284.0        , 414.0        , 15.0                , 97555.0            , 6657.0              , 745.0              , 1.5              , 2.64            , 1.26             , 1.8
CHITAWAN       , CHITAWAN       ,2022, 2078/79, Bagmati Province      ,110.5,1912.556640625,256.998931884766, TM      , MA1            , CMe          ,2240.456,84.437,27.585,154.407093624932,0.112607889948666,3.59765543871444,105.287410468856,6.50294870521491, 15.0          , 28055.0      , 1478.0        , 5151.0       , 28.0                , 105239.0           , 1693.0              , 23248.0            , 1.87             , 3.75            , 1.15             , 4.51
DADELDHURA     , DADELDHURA     ,2022, 2078/79, Sudurpashchim Province,271.5,2662.40698242188,1260.76049804688, TM      , MA1            , CMe          ,1502.414,80.491,29.223,378.091885821295,0.13550564802019,3.14551280083613,84.1050897817896,6.43620955565288, 205.0         , 3810.0       , 572.0         , 8744.0       , 355.0               , 11430.0            , 647.0               , 23905.0            , 1.73             , 3.0             , 1.13             , 2.73
DAILEKH        , DAILEKH        ,2022, 2078/79, Karnali Province      ,559.5,4051.35693359375,1425.27124023438, TM      , MA2            , RGe          ,1484.311,81.681,28.881,341.749402410875,0.141763840157547,2.8254021574917,95.1133880595949,6.08103721497698, 185.0         , 18680.0      , 2760.0        , 13710.0      , 212.0               , 55880.0            , 3080.0              , 33801.0            , 1.15             , 2.99            , 1.12             , 2.47
DANG           , DANG           ,2022, 2078/79, Lumbini Province      ,186.617767333984,2058.49633789062,593.523529052734, TH      , SC2            , RGd          ,3059.26,82.404,27.969,463.999244524842,0.11398975386498,2.20078447336562,168.800181438686,6.93479637694548, 23.0          , 24900.0      , 14.0          , 12690.0      , 28.0                , 77847.0            , 15.0                , 39694.0            , 1.23             , 3.13            , 1.06             , 3.13
DARCHULA       , DARCHULA       ,2022, 2078/79, Sudurpashchim Province,530.582885742188,7068.1396484375,3508.10424804688, TM      , MA2            , LPi          ,2696.145,80.793,29.948,361.133637241026,0.224041434494121,4.90693167542509,64.8658877161033,6.85122113018199, 1087.0        , 5530.0       , 1263.0        , 5962.0       , 1598.0              , 15401.0            , 1589.0              , 9658.0             , 1.47             , 2.78            , 1.26             , 1.62
DHADING        , DHADING        ,2022, 2078/79, Bagmati Province      ,270.880767822266,6951.3525390625,1157.41882324219, TM      , MA2            , LPi          ,1907.158,84.962,27.954,189.95853097152,0.184161917520656,3.12927382404872,57.1033023585447,6.02225089043977, 301.0         , 19776.0      , 6940.0        , 4748.0       , 385.0               , 45785.0            , 7445.0              , 15496.0            , 1.28             , 2.32            , 1.07             , 3.26
DHANKUTA       , DHANKUTA       ,2022, 2078/79, Koshi Province        ,118.757606506348,2694.3544921875,1034.15002441406, SV      , UF2            , CMg          ,898.98,87.333,26.991,416.141671901754,0.132265571896405,3.02599695520061,104.261439764489,6.28033250308557, N/A           , 13467.0      , 7230.0        , 1302.0       , N/A                 , 45114.0            , 8759.0              , 2733.0             , N/A              , 3.35            , 1.21             , 2.1
DHANUSHA       , DHANUSHA       ,2022, 2078/79, Madhesh Province      ,57.4233512878418,713.773010253906,98.2833023071289, TH      , SC2            , RGd          ,1188.969,86.036,26.828,117.777688154344,0.0735737234147109,1.16454522040253,35.5936244754015,6.31621295115148, 1.0           , 3476.0       , 176.0         , 37788.0      , 2.0                 , 11343.0            , 180.0               , 126387.0           , 1.5              , 3.26            , 1.02             , 3.34
DOLAKHA        , DOLAKHA        ,2022, 2078/79, Bagmati Province      ,593.790100097656,6900.5400390625,2693.76489257812, TM      , MA2            , LPi          ,2147.002,86.201,27.785,267.905931334118,0.176616451923932,3.37109601314696,83.1804857363801,5.55297184695014, 136.0         , 6171.0       , 3659.0        , 4246.0       , 165.0               , 22155.0            , 4854.0              , 7515.0             , 1.21             , 3.59            , 1.33             , 1.77
DOLPA          , DOLPA          ,2022, 2078/79, Karnali Province      ,1501.69506835938,7731.5078125,4793.42724609375, TM      , MA2            , LPi          ,7946.52,83.054,29.171,461.043211815638,0.228555651369432,4.42490712685912,145.386666210252,6.69125391514782, 433.0         , 2204.0       , 280.0         , 2805.0       , 543.0               , 2798.0             , 310.0               , 4010.0             , 1.03             , 1.27            , 1.11             , 1.43
DOTI           , DOTI           ,2022, 2078/79, Sudurpashchim Province,304.0,3279.84936523438,1442.28552246094, TM      , MA2            , RGe          ,2050.89,80.896,29.17,332.010178875298,0.145198797458341,2.95759711654838,68.0059784101824,6.34229682480316, 240.0         , 3998.0       , 4570.0        , 14302.0      , 321.0               , 12038.0            , 5833.0              , 28162.0            , 1.34             , 3.01            , 1.28             , 1.97
GORKHA         , GORKHA         ,2022, 2078/79, Gandaki Province      ,228.5,7983.09521484375,3185.54467773438, TM      , MA2            , LPi          ,3647.014,84.792,28.319,255.023310534875,0.277566787372248,3.01872690749044,53.80943504015,5.81304031705723, 110.0         , 18935.0      , 12180.0       , 3910.0       , 141.0               , 46400.0            , 14820.0             , 9235.0             , 1.28             , 2.45            , 1.22             , 2.36
GULMI          , GULMI          ,2022, 2078/79, Lumbini Province      ,459.5,2677.65112304688,1278.63439941406, TM      , MA1            , CMe          ,1108.282,83.309,28.094,256.489081123057,0.148138481468956,3.26498679985971,162.218243641452,6.41361821607527, 426.0         , 22445.0      , 2927.0        , 6517.0       , 353.0               , 68269.0            , 3817.0              , 19386.0            , 0.83             , 3.04            , 1.3              , 2.97
HUMLA          , HUMLA          ,2022, 2078/79, Karnali Province      ,1173.0,6997.869140625,4668.60034179688, TV      , UF1            , RGe          ,6008.728,81.882,30.032,271.595296756269,0.15275020661515,3.95251302206632,150.338657875784,7.07807836321831, 642.0         , 219.0        , 1308.0        , 1172.0       , 811.0               , 252.0              , 1607.0              , 1526.0             , 1.26             , 1.15            , 1.23             , 1.3
ILAM           , ILAM           ,2022, 2078/79, Koshi Province        ,115.0,3594.64208984375,1068.93518066406, TM      , MA2            , CMu          ,1685.818,87.904,26.881,379.664216725838,0.137195611548443,3.01750567665439,157.492232402046,6.04871962316365, 49.0          , 33915.0      , 1600.0        , 4580.0       , 59.0                , 131700.0           , 2525.0              , 11679.0            , 1.2              , 3.88            , 1.58             , 2.55
JAJARKOT       , JAJARKOT       ,2022, 2078/79, Karnali Province      ,607.0,5398.15869140625,2170.43347167969, TM      , MA2            , LPi          ,2222.519,82.17,28.865,431.388658320394,0.173539378601211,3.21414716599659,149.671178851275,6.4434617714514, 595.0         , 10500.0      , 1833.0        , 10432.0      , 784.0               , 34650.0            , 2387.0              , 26080.0            , 1.32             , 3.3             , 1.3              , 2.5
JHAPA          , JHAPA          ,2022, 2078/79, Koshi Province        ,59.761791229248,826.230651855469,102.456111907959, TM      , MA1            , CMe          ,1603.77,87.916,26.584,190.55327224687,0.104507366958155,2.38279226645097,51.1671486355456,5.60350384981523, 4.0           , 41059.0      , 1000.0        , 5000.0       , 7.0                 , 162613.0           , 1300.0              , 13505.0            , 1.75             , 3.96            , 1.3              , 2.7
JUMLA          , JUMLA          ,2022, 2078/79, Karnali Province      ,2035.96752929688,6546.94140625,3439.25695800781, TM      , MA2            , LPi          ,2554.398,82.219,29.272,454.209681142738,0.187106771067978,3.87881310172361,51.9879852131891,6.00101599634949, 3003.0        , 4200.0       , 3737.0        , 2355.0       , 4615.0              , 6720.0             , 5191.0              , 5290.0             , 1.54             , 1.6             , 1.39             , 2.25
KAILALI        , KAILALI        ,2022, 2078/79, Sudurpashchim Province,138.0,1952.61047363281,210.908737182617, TM      , MA1            , CMe          ,3286.136,80.881,28.742,198.395355728067,0.102388554938699,1.91030792930229,66.6993388544533,7.34758909198902, 410.0         , 6130.0       , 356.0         , 34944.0      , 469.0               , 21289.0            , 404.0               , 125252.0           , 1.14             , 3.47            , 1.13             , 3.58
KALIKOT        , KALIKOT        ,2022, 2078/79, Karnali Province      ,728.16845703125,4458.55029296875,2772.01440429688, TM      , MA2            , RGe          ,1640.156,81.754,29.195,444.087151248562,0.164069342785738,3.36061834015338,45.1702075502736,6.52851296859501, 647.0         , 3036.0       , 1241.0        , 5508.0       , 772.0               , 8535.0             , 1662.0              , 8567.0             , 1.19             , 2.81            , 1.34             , 1.56
KANCHANPUR     , KANCHANPUR     ,2022, 2078/79, Sudurpashchim Province,159.152694702148,1505.19421386719,205.706359863281, LV      , UF1            , CMg          ,1618.111,80.323,28.862,131.272540609046,0.0896434820632919,1.77377424661822,34.5890023763427,7.30370091375685, 133.0         , 3250.0       , N/A           , 31355.0      , 232.0               , 11534.0            , N/A                 , 101995.0           , 1.74             , 3.55            , N/A              , 3.25
KAPILBASTU     , KAPILBASTU     ,2022, 2078/79, Lumbini Province      ,88.7635269165039,1265.87573242188,116.869033813477, TH      , SC2            , RGd          ,1651.659,82.983,27.628,203.623103057436,0.100917059609816,1.89117043368294,64.6511899229649,7.24225859112583, 177.0         , 1334.0       , N/A           , 26292.0      , 330.0               , 4451.0             , N/A                 , 98184.0            , 1.87             , 3.34            , N/A              , 3.73
KASKI          , KASKI          ,2022, 2078/79, Gandaki Province      ,383.5,7879.4404296875,2135.43920898438, TM      , MA2            , LPi          ,2085.276,83.999,28.355,178.985725944854,0.15442640435205,3.1027342045444,72.053408605867,5.63889217427502, 8.0           , 13583.0      , 13604.0       , 6820.0       , 8.0                 , 39229.0            , 21060.0             , 17201.0            , 1.0              , 2.97            , 1.55             , 2.52
KATHMANDU      , KATHMANDU      ,2022, 2078/79, Bagmati Province      ,842.585571289062,2713.25439453125,1415.49719238281, TM      , MA1            , CMe          ,413.659,85.35,27.728,264.110593875468,0.15712586664956,3.18734821490731,103.441143050215,5.68077896464943, 2.0           , 6897.0       , 770.0         , 3200.0       , 4.0                 , 29748.0            , 1300.0              , 11174.0            , 1.51             , 4.31            , 1.69             , 3.49
KAVRE          , KAVRE          ,2022, 2078/79, Bagmati Province      ,280.526916503906,2921.60424804688,1358.27575683594, SV      , UF2            , CMg          ,1394.031,85.622,27.535,298.620999192077,0.152830672384332,3.18282895525467,89.9861738568235,5.99011701081785, 378.0         , 26010.0      , 3505.0        , 8860.0       , 658.0               , 88550.0            , 4530.0              , 28700.0            , 1.74             , 3.4             , 1.29             , 3.24
KHOTANG        , KHOTANG        ,2022, 2078/79, Koshi Province        ,161.5,3623.7294921875,1295.84375, SV      , UF2            , CMg          ,1589.458,86.789,27.168,570.506424330257,0.164639770228709,3.36871857330258,142.774027765281,6.11313324047924, 341.0         , 35845.0      , 22315.0       , 3530.0       , 522.0               , 98079.0            , 31308.0             , 6531.0             , 1.53             , 2.74            , 1.4              , 1.85
LALITPUR       , LALITPUR       ,2022, 2078/79, Bagmati Province      ,414.401641845703,2810.4365234375,1518.54248046875, TM      , MB1            , CMx          ,396.834,85.345,27.539,328.699357392353,0.170693859182162,3.60404062064105,97.8892885375356,5.90752661792669, 38.0          , 8573.0       , 600.0         , 3485.0       , 55.0                , 33656.0            , 804.0               , 11858.0            , 1.45             , 3.93            , 1.34             , 3.4
LAMJUNG        , LAMJUNG        ,2022, 2078/79, Gandaki Province      ,374.116546630859,7849.52392578125,1924.53607177734, TM      , MA2            , LPi          ,1663.107,84.432,28.289,166.638125907701,0.156077489873808,3.29657830796891,114.977490910563,5.76887646030865, 16.0          , 19255.0      , 7793.0        , 368.0        , 28.0                , 48166.0            , 9473.0              , 962.0              , 1.75             , 2.5             , 1.22             , 2.61
MAHOTTARI      , MAHOTTARI      ,2022, 2078/79, Madhesh Province      ,58.5692291259766,793.34814453125,102.198787689209, TH      , SC2            , RGd          ,1000.874,85.822,26.879,89.0523401931743,0.105505414448629,1.53681448264249,35.7023984353165,6.21434485707373, N/A           , 9754.0       , N/A           , 29379.0      , N/A                 , 29783.0            , N/A                 , 95874.0            , N/A              , 3.05            , N/A              , 3.26
MAKAWANPUR     , MAKAWANPUR     ,2022, 2078/79, Bagmati Province      ,139.0,2580.658203125,664.185089111328, TM      , MA1            , CMe          ,2443.827,85.081,27.47,248.747604545184,0.13183394525659,3.00095802938863,120.159976703518,5.78593868284733, 265.0         , 24113.0      , 2650.0        , 4128.0       , 352.0               , 78209.0            , 3340.0              , 13622.0            , 1.33             , 3.24            , 1.26             , 3.3
MANANG         , MANANG         ,2022, 2078/79, Gandaki Province      ,1477.93371582031,8034.90625,4928.43676757812, TM      , MA2            , LPi          ,2321.552,84.227,28.673,424.921603423183,0.325862603338019,4.32103379351421,141.003324216083,6.24244846556951, 111.0         , 177.0        , N/A           , 213.0        , 175.0               , 351.0              , N/A                 , 500.0              , 1.58             , 1.98            , N/A              , 2.35
MORANG         , MORANG         ,2022, 2078/79, Koshi Province        ,57.9486808776855,2364.02392578125,105.974941253662, TM      , MA1            , CMe          ,1822.713,87.473,26.617,181.23714618601,0.0942170460435101,1.92586307621722,37.6410558182245,6.32608321795286, N/A           , 18552.0      , 1531.0        , 11755.0      , N/A                 , 68801.0            , 1833.0              , 33687.0            , N/A              , 3.71            , 1.2              , 2.87
MUGU           , MUGU           ,2022, 2078/79, Karnali Province      ,1094.0,6809.84716796875,3999.96142578125, TM      , MA2            , LPi          ,3233.739,82.372,29.618,263.380068569702,0.125506275252399,4.08698874927317,186.690619187985,7.09450580244332, 994.0         , 1120.0       , 4264.0        , 1795.0       , 1205.0              , 2350.0             , 4996.0              , 1870.0             , 1.21             , 2.1             , 1.17             , 1.04
MUSTANG        , MUSTANG        ,2022, 2078/79, Gandaki Province      ,1770.47045898438,6987.1884765625,4730.4482421875, TM      , MA2            , LPi          ,3564.949,83.86,28.981,379.323829357573,0.215011607281011,4.07517509544559,155.788660422972,6.63328320750388, 255.0         , 67.0         , N/A           , 84.0         , 495.0               , 99.0               , N/A                 , 142.0              , 1.94             , 1.48            , N/A              , 1.69
MYAGDI         , MYAGDI         ,2022, 2078/79, Gandaki Province      ,776.0478515625,8116.4580078125,3171.29016113281, TM      , MA2            , LPi          ,2285.539,83.462,28.553,353.13606139049,0.173414576561193,3.68759349691876,214.482872536434,6.04501443362091, 275.0         , 9435.0       , 2958.0        , 2530.0       , 395.0               , 32200.0            , 3652.0              , 6272.0             , 1.44             , 3.41            , 1.23             , 2.48
NAWALPARASIEAST, NAWALPARASIEAST,2022, 2078/79, Gandaki Province      ,106.5,1893.65856933594,337.243438720703, TM      , MA1            , CMe          ,1426.415,84.064,27.687,171.301081827196,0.121214691114625,2.32493160430211,53.2872014070441,6.07211767656373, 205.0         , 5101.0       , 259.0         , 7605.0       , 223.0               , 15556.0            , 292.0               , 20930.0            , 1.09             , 3.05            , 1.13             , 2.75
NAWALPARASIWEST, NAWALPARASIWEST,2022, 2078/79, Lumbini Province      ,99.0,1166.69519042969,115.263748168945, TH      , SC2            , RGd          ,726.466,83.741,27.528,116.764238598711,0.0844409889655,1.64869655736131,44.392201661222,7.34831070223391, 5.0           , 4466.0       , 228.0         , 7638.0       , 6.0                 , 15419.0            , 238.0               , 22303.0            , 1.23             , 3.45            , 1.04             , 2.92
NUWAKOT        , NUWAKOT        ,2022, 2078/79, Bagmati Province      ,412.0,5062.8427734375,1334.30712890625, TM      , MA2            , RGe          ,1193.274,85.238,27.915,225.217758376186,0.165817219876061,3.11697339822482,56.0506968669311,5.84125763226907, 155.0         , 16206.0      , 5110.0        , 4495.0       , 198.0               , 49408.0            , 7234.0              , 16044.0            , 1.28             , 3.05            , 1.42             , 3.57
OKHALDHUNGA    , OKHALDHUNGA    ,2022, 2078/79, Koshi Province        ,331.0,3433.61499023438,1487.54565429688, TM      , MA2            , CMu          ,1076.205,86.421,27.329,485.824933423802,0.181701865172169,3.66111232283744,119.537118790117,5.88399072874108, 75.0          , 12400.0      , 8251.0        , 2145.0       , 107.0               , 39680.0            , 15378.0             , 3330.0             , 1.43             , 3.2             , 1.86             , 1.55
PALPA          , PALPA          ,2022, 2078/79, Lumbini Province      ,218.424285888672,1890.34606933594,990.207244873047, TM      , MA1            , CMe          ,1462.567,83.626,27.817,256.894220190774,0.137318277557528,3.03297254540623,91.8766897122486,6.33758812670282, 24.0          , 21643.0      , 2684.0        , 5786.0       , 24.2                , 55779.0            , 3762.0              , 13572.0            , 1.01             , 2.58            , 1.4              , 2.35
PANCHTHAR      , PANCHTHAR      ,2022, 2078/79, Koshi Province        ,331.5,4615.68359375,1605.63793945312, SV      , UF2            , CMg          ,1248.063,87.778,27.115,316.494627782254,0.124330485249073,3.10273955703911,240.324144548503,6.10174908627369, 299.0         , 18683.0      , 3738.0        , 3902.0       , 431.0               , 42971.0            , 6217.0              , 6476.0             , 1.44             , 2.3             , 1.66             , 1.66
PARBAT         , PARBAT         ,2022, 2078/79, Gandaki Province      ,526.0,3286.6259765625,1395.09533691406, TM      , MA2            , CMu          ,541.664,83.681,28.211,207.84815559118,0.169950491356389,3.40349507110183,82.9595952352668,5.73858091079885, 80.0          , 13700.0      , 8592.0        , 2600.0       , 105.0               , 35500.0            , 9560.0              , 6350.0             , 1.31             , 2.59            , 1.11             , 2.44
PARSA          , PARSA          ,2022, 2078/79, Madhesh Province      ,75.6167449951172,846.730163574219,180.81787109375, TH      , SC2            , RGd          ,1407.074,84.782,27.239,106.294523352761,0.0890366639011917,1.41976793800242,32.6341705774616,6.12336358832026, 30.0          , 4189.0       , N/A           , 23008.0      , 41.0                , 17166.0            , N/A                 , 86163.0            , 1.37             , 4.1             , N/A              , 3.74
PYUTHAN        , PYUTHAN        ,2022, 2078/79, Lumbini Province      ,316.0,3612.08178710938,1253.53210449219, TM      , MA2            , RGe          ,1321.108,82.867,28.115,467.06105633097,0.109934012073795,2.36062430387048,171.061623965142,6.39066998109686, 736.0         , 12158.0      , 2205.0        , 8690.0       , 787.0               , 35626.0            , 2918.0              , 24959.0            , 1.07             , 2.93            , 1.32             , 2.87
RAMECHHAP      , RAMECHHAP      ,2022, 2078/79, Bagmati Province      ,402.5,6837.0185546875,1720.99377441406, TM      , MA2            , LPi          ,1564.314,86.18,27.513,315.893055471425,0.156598731635481,3.18118514770153,83.7272694841293,5.93530521552835, 63.0          , 22367.0      , 4989.0        , 3674.0       , 85.0                , 68286.0            , 5690.0              , 8560.0             , 1.35             , 3.05            , 1.14             , 2.33
RASUWA         , RASUWA         ,2022, 2078/79, Bagmati Province      ,613.395568847656,7204.4150390625,3741.8671875, TM      , MA2            , LPi          ,1501.12,85.418,28.183,303.947637318664,0.191512472635851,3.79950059194161,57.2098591681754,5.89673986838381, 243.0         , 2524.0       , 898.0         , 761.0        , 335.0               , 6310.0             , 1032.0              , 1232.0             , 1.38             , 2.5             , 1.15             , 1.62
RAUTAHAT       , RAUTAHAT       ,2022, 2078/79, Madhesh Province      ,68.0,917.86962890625,94.2313232421875, TH      , SC2            , RGd          ,1038.392,85.305,27.001,145.125791774952,0.104901417803555,1.77976234057964,44.7550129427155,6.90008192576278, 3.0           , 3513.0       , 71.0          , 15991.0      , 5.0                 , 12821.0            , 74.0                , 52888.0            , 1.57             , 3.65            , 1.04             , 3.31
ROLPA          , ROLPA          ,2022, 2078/79, Lumbini Province      ,654.026062011719,3647.13012695312,1796.36608886719, TM      , MA2            , RGe          ,1885.559,82.63,28.344,528.747923482135,0.130187235876249,2.47086037775873,168.766012078651,6.57275978481274, 620.0         , 12335.0      , 1126.0        , 8596.0       , 625.0               , 38500.0            , 1498.0              , 24400.0            , 1.01             , 3.12            , 1.33             , 2.84
RUKUMEAST      , RUKUMEAST      ,2022, 2078/79, Lumbini Province      ,951.950073242188,7058.1689453125,3066.55224609375, TM      , MA2            , LPi          ,1682.362,82.813,28.674,491.578161899247,0.160993484393413,3.12617651203588,173.980011387344,6.40898419498412, 269.0         , 5037.0       , 641.0         , 3273.0       , 769.0               , 14559.0            , 833.0               , 8952.0             , 1.01             , 2.89            , 1.3              , 2.74
RUKUMWEST      , RUKUMWEST      ,2022, 2078/79, Karnali Province      ,677.0,5860.443359375,1998.69909667969, TM      , MA2            , LPi          ,1213.417,82.462,28.739,442.381061568601,0.168704690963043,3.26718599998588,130.428036643991,6.66100726858075, 480.0         , 8350.0       , 466.0         , 9385.0       , 702.0               , 31954.0            , 633.0               , 22247.0            , 1.46             , 3.83            , 1.36             , 2.37
RUPANDEHI      , RUPANDEHI      ,2022, 2078/79, Lumbini Province      ,86.0,1142.05590820312,112.945381164551, TH      , SC2            , RGd          ,1304.709,83.392,27.576,115.936022249062,0.095442283175747,1.78915764793836,62.5443438893856,6.82489525902767, 74.0          , 2751.0       , 46.0          , 26118.0      , 145.0               , 10752.0            , 53.0                , 103167.0           , 1.96             , 3.91            , 1.14             , 3.95
SALYAN         , SALYAN         ,2022, 2078/79, Karnali Province      ,325.5,2808.11694335938,1300.40625, TM      , MA1            , CMe          ,1880.396,82.146,28.402,355.109524139346,0.128866752380664,2.90151587040756,168.980671749596,6.50132504769655, 749.0         , 19335.0      , 1231.0        , 13217.0      , 1275.0              , 60256.0            , 1314.0              , 41610.0            , 1.7              , 3.12            , 1.07             , 3.15
SANKHUWASABHA  , SANKHUWASABHA  ,2022, 2078/79, Koshi Province        ,250.0,8205.7626953125,2620.14794921875, TM      , MA2            , LPi          ,3470.433,87.281,27.582,398.825121157752,0.185700416343397,3.80773490414778,73.6742350267876,5.61906991000148, 12.0          , 12458.0      , 6664.0        , 715.0        , 16.0                , 33146.0            , 8664.0              , 1650.0             , 1.34             , 2.66            , 1.3              , 2.31
SAPTARI        , SAPTARI        ,2022, 2078/79, Madhesh Province      ,61.1346588134766,436.26171875,90.0238037109375, TH      , SC2            , RGd          ,1281.516,86.749,26.598,148.06213714943,0.0779959378314166,1.42416968473388,40.5059233241752,5.98521416981909, N/A           , 6589.0       , 183.0         , 15017.0      , N/A                 , 23211.0            , 231.0               , 54351.0            , N/A              , 3.52            , 1.26             , 3.62
SARLAHI        , SARLAHI        ,2022, 2078/79, Madhesh Province      ,67.5,694.423034667969,106.920471191406, TH      , SC2            , RGd          ,1263.618,85.568,26.986,169.119553936461,0.117072027288068,1.89570595754801,38.29483183666,6.68646757017644, 260.0         , 10205.0      , 709.0         , 22984.0      , 290.0               , 35831.0            , 638.0               , 77128.0            , 1.12             , 3.51            , 0.9              , 3.36
SINDHULI       , SINDHULI       ,2022, 2078/79, Bagmati Province      ,132.0,2360.17016601562,648.122650146484, SV      , UF2            , CMg          ,2484.937,85.946,27.201,281.082031977321,0.112265382163962,2.63653583112347,64.8940609696022,5.87498102623433, 41.0          , 27556.0      , 11700.0       , 6354.0       , 65.0                , 85601.0            , 11089.0             , 14890.0            , 1.59             , 3.11            , 0.95             , 2.34
SINDHUPALCHOK  , SINDHUPALCHOK  ,2022, 2078/79, Bagmati Province      ,627.5,6741.48486328125,2240.38696289062, TM      , MA2            , CMu          ,2491.359,85.742,27.915,252.901880562627,0.164142701448149,3.29840492011591,48.8590104945705,5.74743952872731, 172.0         , 26190.0      , 17350.0       , 6904.0       , 205.0               , 75713.0            , 18500.0             , 8723.0             , 1.19             , 2.89            , 1.07             , 1.26
SIRAHA         , SIRAHA         ,2022, 2078/79, Madhesh Province      ,66.1186981201172,711.960205078125,106.20783996582, LV      , UF1            , CMg          ,1139.635,86.345,26.746,147.431112525522,0.0923899370857775,1.23714850424744,40.3012087168646,6.51857353889331, N/A           , 3755.0       , 445.0         , 11794.0      , N/A                 , 14007.0            , 446.0               , 41468.0            , N/A              , 3.73            , 1.0              , 3.52
SOLUKHUMBU     , SOLUKHUMBU     ,2022, 2078/79, Koshi Province        ,572.187255859375,8723.734375,4199.30297851562, TM      , MA2            , LPi          ,3354.998,86.723,27.71,464.994048785511,0.250034422181357,4.76855187048888,127.13538546226,5.29953872650607, 162.0         , 13770.0      , 2105.0        , 2665.0       , 193.0               , 39048.0            , 2830.0              , 5306.0             , 1.19             , 2.84            , 1.34             , 1.99
SUNSARI        , SUNSARI        ,2022, 2078/79, Koshi Province        ,62.5,1783.26843261719,91.5066986083984, SV      , UF2            , CMg          ,1192.082,87.173,26.65,168.060067495812,0.087669963221729,1.78891936899074,41.2430883540688,6.28370004291388, 14.0          , 9034.0       , 505.0         , 12127.0      , 22.0                , 29432.0            , 585.0               , 41195.0            , 1.57             , 3.26            , 1.16             , 3.4
SURKHET        , SURKHET        ,2022, 2078/79, Karnali Province      ,198.5,2713.39721679688,792.544799804688, TM      , MA1            , CMe          ,2486.202,81.588,28.641,381.785799519815,0.151245844332941,3.11244147073425,141.508321836535,6.83070319276825, 630.0         , 13252.0      , 2995.0        , 12191.0      , 1105.0              , 46756.0            , 3497.0              , 42354.0            , 1.75             , 3.53            , 1.17             , 3.47
SYANGJA        , SYANGJA        ,2022, 2078/79, Gandaki Province      ,307.5,2257.06518554688,983.070220947266, TM      , MA1            , CMe          ,1037.965,83.805,28.021,211.833580021596,0.136571969525882,2.90977127066108,66.3478699415328,6.07573561968281, 6.0           , 28945.0      , 16501.0       , 5560.0       , 6.0                 , 97930.0            , 20346.0             , 16008.0            , 1.0              , 3.38            , 1.23             , 2.88
TANAHU         , TANAHU         ,2022, 2078/79, Gandaki Province      ,182.0,2115.46044921875,645.626586914062, TM      , MA1            , CMe          ,1572.372,84.253,27.955,226.831505724621,0.166124147717232,2.71716293439456,50.8254619261619,5.87343715357533, 5.0           , 22316.0      , 6729.0        , 1643.0       , 6.0                 , 74574.0            , 7700.0              , 4119.0             , 1.13             , 3.34            , 1.14             , 2.51
TAPLEJUNG      , TAPLEJUNG      ,2022, 2078/79, Koshi Province        ,495.5,8543.11328125,3778.78991699219, TM      , MA2            , LPi          ,3632.584,87.824,27.582,277.547029032904,0.107319136157988,3.67571148325673,120.788624163668,5.76367916603339, 269.0         , 11198.0      , 2987.0        , 1537.0       , 405.0               , 38312.0            , 4242.0              , 2875.0             , 1.51             , 3.42            , 1.42             , 1.87
TERHATHUM      , TERHATHUM      ,2022, 2078/79, Koshi Province        ,314.5,3009.18017578125,1394.34899902344, SV      , UF2            , CMg          ,670.592,87.552,27.154,301.62103337383,0.104251495127099,3.0688005653897,119.227259378819,6.14254417466116, 64.0          , 12897.0      , 2505.0        , 2399.0       , 85.0                , 38756.0            , 2956.0              , 4796.0             , 1.33             , 3.01            , 1.18             , 2.0
UDAYAPUR       , UDAYAPUR       ,2022, 2078/79, Koshi Province        ,75.8946075439453,2333.26196289062,425.963882446289, SV      , UF2            , CMg          ,2297.514,86.684,26.903,393.637565198524,0.127308461101252,2.64114980273531,96.2177494463199,6.10875011258569, 29.0          , 17836.0      , 2768.0        , 5130.0       , 43.0                , 55239.0            , 5147.0              , 12825.0            , 1.48             , 3.1             , 1.86             , 2.5
ACHHAM         , ACHHAM         ,2023, 2079/80, Sudurpashchim Province,326.0,3808.05981445312,1309.40710449219, TM      , MA2            , RGe          ,1700.448,81.299,29.112,340.802369515909,0.157029261043055,3.00074424062216,50.6899062359667,6.16690186329933, 752.0         , 5688.0       , 3002.0        , 10730.0      , 412.0               , 12514.0            , 2762.0              , 17168.0            , 0.55             , 2.2             , 0.92             , 1.6
ARGHAKHANCHI   , ARGHAKHANCHI   ,2023, 2079/80, Lumbini Province      ,184.144287109375,2259.11962890625,989.529876708984, TH      , SC2            , RGd          ,1239.185,83.081,27.908,326.970778707167,0.113508838927416,2.90825089048057,124.945358732945,6.3781995512863, 300.0         , 16965.0      , 501.0         , 5245.0       , 345.0               , 54381.0            , 615.0               , 14424.0            , 1.15             , 3.21            , 1.23             , 2.75
BAGLUNG        , BAGLUNG        ,2023, 2079/80, Gandaki Province      ,581.0,4640.00634765625,2237.62829589844, TM      , MA2            , LPi          ,1836.212,83.252,28.347,301.71833667512,0.137939779891388,2.87585215197176,162.636879612817,5.99541631943854, 95.0          , 15500.0      , 8460.0        , 6005.0       , 141.0               , 52700.0            , 10744.0             , 15072.0            , 1.48             , 3.4             , 1.27             , 2.51
BAITADI        , BAITADI        ,2023, 2079/80, Sudurpashchim Province,383.0,3062.84936523438,1600.75384521484, TM      , MA2            , RGe          ,1492.847,80.573,29.508,546.882015889854,0.102074697927388,4.26701608064358,111.017300274489,6.65541103098621, 700.0         , 7560.0       , 400.0         , 12400.0      , 420.0               , 21244.0            , 640.0               , 22996.0            , 0.6              , 2.81            , 1.6              , 1.85
BAJHANG        , BAJHANG        ,2023, 2079/80, Sudurpashchim Province,816.846618652344,6978.16748046875,3263.2109375, TM      , MA2            , LPi          ,3459.458,81.18,29.708,362.654876253919,0.245082961239427,4.79692400785621,43.4871587045748,6.37618445095215, 1440.0        , 4080.0       , 2200.0        , 9372.0       , 2270.0              , 6038.0             , 2404.0              , 16879.0            , 1.58             , 1.48            , 1.09             , 1.8
BAJURA         , BAJURA         ,2023, 2079/80, Sudurpashchim Province,716.6943359375,6740.23046875,2824.30493164062, TM      , MA2            , LPi          ,2298.212,81.565,29.561,420.803985473592,0.186727956908787,3.82257966722719,46.7148833740073,6.57536184498176, 960.0         , 1350.0       , 2050.0        , 6450.0       , 958.0               , 2025.0             , 2460.0              , 9675.0             , 1.0              , 1.5             , 1.2              , 1.5
BANKE          , BANKE          ,2023, 2079/80, Lumbini Province      ,128.293518066406,1228.09741210938,190.792510986328, TH      , SC2            , RGd          ,1880.856,81.824,28.087,226.092447656513,0.0984524809801277,1.80850183834179,137.272537912381,7.27620145407441, 6.0           , 9023.0       , N/A           , 23510.0      , 8.0                 , 37544.0            , N/A                 , 79090.0            , 1.33             , 4.16            , N/A              , 3.36
BARA           , BARA           ,2023, 2079/80, Madhesh Province      ,68.0,905.923034667969,114.3837890625, TH      , SC2            , RGd          ,1272.886,85.073,27.108,155.885986185727,0.103949104410351,2.06294401295367,46.9307805000198,6.82882429435896, 3.0           , 11940.0      , 5.0           , 29700.0      , 3.0                 , 46653.0            , 5.0                 , 103950.0           , 1.08             , 3.91            , 1.0              , 3.5
BARDIYA        , BARDIYA        ,2023, 2079/80, Lumbini Province      ,133.0,1577.2587890625,179.127197265625, LV      , UF1            , CMg          ,2001.342,81.403,28.384,239.769610604303,0.101674459195698,1.80130098294358,106.86149249042,7.33923232386757, 6.0           , 5660.0       , N/A           , 22900.0      , 8.0                 , 21192.0            , N/A                 , 83550.0            , 1.33             , 3.74            , N/A              , 3.65
BHAKTAPUR      , BHAKTAPUR      ,2023, 2079/80, Bagmati Province      ,1289.81018066406,2150.50927734375,1372.20666503906, TM      , MB1            , CMx          ,123.095,85.443,27.677,284.764700359283,0.145116330720101,3.03651011315786,172.980376357072,5.63727564669856, 16.0          , 1849.0       , 86.0          , 1892.0       , 50.0                , 9337.0             , 224.0               , 9782.0             , 3.1              , 5.05            , 2.6              , 5.17
BHOJPUR        , BHOJPUR        ,2023, 2079/80, Koshi Province        ,120.5,3980.7861328125,1292.92114257812, SV      , UF2            , CMg          ,1523.888,87.07,27.181,406.055410901516,0.149693801315416,3.35905832362685,129.665298614515,5.93582854815821, 10.0          , 32812.0      , 5048.0        , 414.0        , 12.0                , 77108.0            , 7067.0              , 745.0              , 1.2              , 2.35            , 1.4              , 1.8
CHITAWAN       , CHITAWAN       ,2023, 2079/80, Bagmati Province      ,110.5,1912.556640625,256.998931884766, TM      , MA1            , CMe          ,2240.456,84.437,27.585,154.407093624932,0.112607889948666,3.59765543871444,105.287410468856,6.50294870521491, 15.0          , 26116.0      , 1464.0        , 3460.0       , 26.0                , 96629.0            , 1610.0              , 15224.0            , 1.76             , 3.7             , 1.1              , 4.4
DADELDHURA     , DADELDHURA     ,2023, 2079/80, Sudurpashchim Province,271.5,2662.40698242188,1260.76049804688, TM      , MA1            , CMe          ,1502.414,80.491,29.223,378.091885821295,0.13550564802019,3.14551280083613,84.1050897817896,6.43620955565288, 200.0         , 3500.0       , 320.0         , 7600.0       , 267.0               , 7829.0             , 568.0               , 14440.0            , 1.34             , 2.24            , 1.77             , 1.9
DAILEKH        , DAILEKH        ,2023, 2079/80, Karnali Province      ,559.5,4051.35693359375,1425.27124023438, TM      , MA2            , RGe          ,1484.311,81.681,28.881,341.749402410875,0.141763840157547,2.8254021574917,95.1133880595949,6.08103721497698, 181.0         , 19125.0      , 2005.0        , 13285.0      , 226.0               , 42213.0            , 2744.0              , 15405.0            , 1.25             , 2.21            , 1.37             , 1.16
DANG           , DANG           ,2023, 2079/80, Lumbini Province      ,186.617767333984,2058.49633789062,593.523529052734, TH      , SC2            , RGd          ,3059.26,82.404,27.969,463.999244524842,0.11398975386498,2.20078447336562,168.800181438686,6.93479637694548, 16.0          , 24990.0      , 15.0          , 12235.0      , 32.0                , 81554.0            , 21.0                , 39215.0            , 2.0              , 3.26            , 1.4              , 3.21
DARCHULA       , DARCHULA       ,2023, 2079/80, Sudurpashchim Province,530.582885742188,7068.1396484375,3508.10424804688, TM      , MA2            , LPi          ,2696.145,80.793,29.948,361.133637241026,0.224041434494121,4.90693167542509,64.8658877161033,6.85122113018199, 807.0         , 4538.0       , 1185.0        , 5965.0       , 906.0               , 8259.0             , 1185.0              , 10396.0            , 1.12             , 1.82            , 1.0              , 1.74
DHADING        , DHADING        ,2023, 2079/80, Bagmati Province      ,270.880767822266,6951.3525390625,1157.41882324219, TM      , MA2            , LPi          ,1907.158,84.962,27.954,189.95853097152,0.184161917520656,3.12927382404872,57.1033023585447,6.02225089043977, 278.0         , 19530.0      , 6920.0        , 4650.0       , 312.0               , 48750.0            , 6445.0              , 13113.0            , 1.12             , 2.5             , 0.93             , 2.82
DHANKUTA       , DHANKUTA       ,2023, 2079/80, Koshi Province        ,118.757606506348,2694.3544921875,1034.15002441406, SV      , UF2            , CMg          ,898.98,87.333,26.991,416.141671901754,0.132265571896405,3.02599695520061,104.261439764489,6.28033250308557, 3.0           , N/A          , 7228.0        , N/A          , 3.0                 , N/A                , 8240.0              , N/A                , 1.0              , N/A             , 1.14             , N/A
DHANUSHA       , DHANUSHA       ,2023, 2079/80, Madhesh Province      ,57.4233512878418,713.773010253906,98.2833023071289, TH      , SC2            , RGd          ,1188.969,86.036,26.828,117.777688154344,0.0735737234147109,1.16454522040253,35.5936244754015,6.31621295115148, 1.0           , 3476.0       , 210.0         , 34000.0      , 1.0                 , 11343.0            , 189.0               , 115600.0           , 1.5              , 3.26            , 0.9              , 3.4
DOLAKHA        , DOLAKHA        ,2023, 2079/80, Bagmati Province      ,593.790100097656,6900.5400390625,2693.76489257812, TM      , MA2            , LPi          ,2147.002,86.201,27.785,267.905931334118,0.176616451923932,3.37109601314696,83.1804857363801,5.55297184695014, 136.0         , 5844.0       , 3675.0        , 4243.0       , 165.0               , 17590.0            , 5219.0              , 7553.0             , 1.21             , 3.01            , 1.42             , 1.78
DOLPA          , DOLPA          ,2023, 2079/80, Karnali Province      ,1501.69506835938,7731.5078125,4793.42724609375, TM      , MA2            , LPi          ,7946.52,83.054,29.171,461.043211815638,0.228555651369432,4.42490712685912,145.386666210252,6.69125391514782, 334.0         , 2359.0       , 294.0         , 2375.0       , 345.0               , 3732.0             , 303.0               , 4065.0             , 1.03             , 1.58            , 1.03             , 1.71
DOTI           , DOTI           ,2023, 2079/80, Sudurpashchim Province,304.0,3279.84936523438,1442.28552246094, TM      , MA2            , RGe          ,2050.89,80.896,29.17,332.010178875298,0.145198797458341,2.95759711654838,68.0059784101824,6.34229682480316, 295.0         , 3650.0       , 3250.0        , 10290.0      , 181.0               , 10200.0            , 3938.0              , 17209.0            , 0.61             , 2.79            , 1.21             , 1.67
GORKHA         , GORKHA         ,2023, 2079/80, Gandaki Province      ,228.5,7983.09521484375,3185.54467773438, TM      , MA2            , LPi          ,3647.014,84.792,28.319,255.023310534875,0.277566787372248,3.01872690749044,53.80943504015,5.81304031705723, 110.0         , 18005.0      , 11200.0       , 2500.0       , 141.0               , 44832.0            , 13664.0             , 5925.0             , 1.28             , 2.49            , 1.22             , 2.37
GULMI          , GULMI          ,2023, 2079/80, Lumbini Province      ,459.5,2677.65112304688,1278.63439941406, TM      , MA1            , CMe          ,1108.282,83.309,28.094,256.489081123057,0.148138481468956,3.26498679985971,162.218243641452,6.41361821607527, 420.0         , 22488.0      , 2921.0        , 6480.0       , 546.0               , 68389.0            , 3827.0              , 19375.0            , 1.3              , 3.04            , 1.31             , 2.99
HUMLA          , HUMLA          ,2023, 2079/80, Karnali Province      ,1173.0,6997.869140625,4668.60034179688, TV      , UF1            , RGe          ,6008.728,81.882,30.032,271.595296756269,0.15275020661515,3.95251302206632,150.338657875784,7.07807836321831, 642.0         , 239.0        , 1308.0        , 1072.0       , 811.0               , 273.0              , 1402.0              , 1137.0             , 1.26             , 1.14            , 1.07             , 1.06
ILAM           , ILAM           ,2023, 2079/80, Koshi Province        ,115.0,3594.64208984375,1068.93518066406, TM      , MA2            , CMu          ,1685.818,87.904,26.881,379.664216725838,0.137195611548443,3.01750567665439,157.492232402046,6.04871962316365, 50.0          , 32995.0      , 1597.0        , 4580.0       , 62.0                , 126370.0           , 1916.0              , 11679.0            , 1.24             , 3.83            , 1.2              , 2.55
JAJARKOT       , JAJARKOT       ,2023, 2079/80, Karnali Province      ,607.0,5398.15869140625,2170.43347167969, TM      , MA2            , LPi          ,2222.519,82.17,28.865,431.388658320394,0.173539378601211,3.21414716599659,149.671178851275,6.4434617714514, 615.0         , 10450.0      , 1315.0        , 10432.0      , 698.0               , 25637.0            , 1887.0              , 25110.0            , 1.14             , 2.45            , 1.44             , 2.41
JHAPA          , JHAPA          ,2023, 2079/80, Koshi Province        ,59.761791229248,826.230651855469,102.456111907959, TM      , MA1            , CMe          ,1603.77,87.916,26.584,190.55327224687,0.104507366958155,2.38279226645097,51.1671486355456,5.60350384981523, 5.0           , 44250.0      , 850.0         , 5000.0       , 10.0                , 225675.0           , 1105.0              , 13505.0            , 1.9              , 5.1             , 1.3              , 2.7
JUMLA          , JUMLA          ,2023, 2079/80, Karnali Province      ,2035.96752929688,6546.94140625,3439.25695800781, TM      , MA2            , LPi          ,2554.398,82.219,29.272,454.209681142738,0.187106771067978,3.87881310172361,51.9879852131891,6.00101599634949, 815.0         , 4452.0       , 3165.0        , 2461.0       , 4615.0              , 11175.0            , 3971.0              , 5400.0             , 5.66             , 2.51            , 1.25             , 2.19
KAILALI        , KAILALI        ,2023, 2079/80, Sudurpashchim Province,138.0,1952.61047363281,210.908737182617, TM      , MA1            , CMe          ,3286.136,80.881,28.742,198.395355728067,0.102388554938699,1.91030792930229,66.6993388544533,7.34758909198902, 19.0          , 5975.0       , 105.0         , 39565.0      , 19.0                , 19419.0            , 125.0               , 145995.0           , 1.0              , 3.25            , 1.19             , 3.69
KALIKOT        , KALIKOT        ,2023, 2079/80, Karnali Province      ,728.16845703125,4458.55029296875,2772.01440429688, TM      , MA2            , RGe          ,1640.156,81.754,29.195,444.087151248562,0.164069342785738,3.36061834015338,45.1702075502736,6.52851296859501, 660.0         , 3773.0       , 1261.0        , 5606.0       , 1297.0              , 8268.0             , 1362.0              , 11594.0            , 1.96             , 2.19            , 1.08             , 2.07
KANCHANPUR     , KANCHANPUR     ,2023, 2079/80, Sudurpashchim Province,159.152694702148,1505.19421386719,205.706359863281, LV      , UF1            , CMg          ,1618.111,80.323,28.862,131.272540609046,0.0896434820632919,1.77377424661822,34.5890023763427,7.30370091375685, 13.0          , 3095.0       , N/A           , 31210.0      , 9.0                 , 13928.0            , N/A                 , 100808.0           , 0.69             , 4.5             , N/A              , 3.23
KAPILBASTU     , KAPILBASTU     ,2023, 2079/80, Lumbini Province      ,88.7635269165039,1265.87573242188,116.869033813477, TH      , SC2            , RGd          ,1651.659,82.983,27.628,203.623103057436,0.100917059609816,1.89117043368294,64.6511899229649,7.24225859112583, 97.0          , 1352.0       , N/A           , 28305.0      , 181.4               , 4519.0             , N/A                 , 97540.0            , 1.87             , 3.34            , N/A              , 3.45
KASKI          , KASKI          ,2023, 2079/80, Gandaki Province      ,383.5,7879.4404296875,2135.43920898438, TM      , MA2            , LPi          ,2085.276,83.999,28.355,178.985725944854,0.15442640435205,3.1027342045444,72.053408605867,5.63889217427502, 6.0           , 12443.0      , 9195.0        , 5500.0       , 6.0                 , 36707.0            , 14252.0             , 13805.0            , 1.0              , 2.95            , 1.55             , 2.51
KATHMANDU      , KATHMANDU      ,2023, 2079/80, Bagmati Province      ,842.585571289062,2713.25439453125,1415.49719238281, TM      , MA1            , CMe          ,413.659,85.35,27.728,264.110593875468,0.15712586664956,3.18734821490731,103.441143050215,5.68077896464943, N/A           , 6317.0       , 602.0         , 2043.0       , N/A                 , 25331.0            , 632.0               , 9480.0             , N/A              , 4.01            , 1.05             , 4.64
KAVRE          , KAVRE          ,2023, 2079/80, Bagmati Province      ,280.526916503906,2921.60424804688,1358.27575683594, SV      , UF2            , CMg          ,1394.031,85.622,27.535,298.620999192077,0.152830672384332,3.18282895525467,89.9861738568235,5.99011701081785, 347.0         , 25620.0      , 3510.0        , 8550.0       , 340.0               , 89670.0            , 4563.0              , 24795.0            , 0.98             , 3.5             , 1.3              , 2.9
KHOTANG        , KHOTANG        ,2023, 2079/80, Koshi Province        ,161.5,3623.7294921875,1295.84375, SV      , UF2            , CMg          ,1589.458,86.789,27.168,570.506424330257,0.164639770228709,3.36871857330258,142.774027765281,6.11313324047924, 350.0         , 31845.0      , 21315.0       , 3530.0       , 478.0               , 56684.0            , 38367.0             , 6531.0             , 1.37             , 1.78            , 1.8              , 1.85
LALITPUR       , LALITPUR       ,2023, 2079/80, Bagmati Province      ,414.401641845703,2810.4365234375,1518.54248046875, TM      , MB1            , CMx          ,396.834,85.345,27.539,328.699357392353,0.170693859182162,3.60404062064105,97.8892885375356,5.90752661792669, 40.0          , 9160.0       , 520.0         , 2502.0       , 48.0                , 36823.0            , 546.0               , 9357.0             , 1.21             , 4.02            , 1.05             , 3.74
LAMJUNG        , LAMJUNG        ,2023, 2079/80, Gandaki Province      ,374.116546630859,7849.52392578125,1924.53607177734, TM      , MA2            , LPi          ,1663.107,84.432,28.289,166.638125907701,0.156077489873808,3.29657830796891,114.977490910563,5.76887646030865, 10.0          , 12570.0      , 7200.0        , 15.0         , 18.0                , 30797.0            , 8784.0              , 39.0               , 1.75             , 2.45            , 1.22             , 2.62
MAHOTTARI      , MAHOTTARI      ,2023, 2079/80, Madhesh Province      ,58.5692291259766,793.34814453125,102.198787689209, TH      , SC2            , RGd          ,1000.874,85.822,26.879,89.0523401931743,0.105505414448629,1.53681448264249,35.7023984353165,6.21434485707373, 10.0          , 9754.0       , 300.0         , 29320.0      , 12.0                , 29783.0            , 330.0               , 98640.0            , 1.18             , 3.05            , 1.0              , 3.36
MAKAWANPUR     , MAKAWANPUR     ,2023, 2079/80, Bagmati Province      ,139.0,2580.658203125,664.185089111328, TM      , MA1            , CMe          ,2443.827,85.081,27.47,248.747604545184,0.13183394525659,3.00095802938863,120.159976703518,5.78593868284733, 240.0         , 24120.0      , 2655.0        , 3840.0       , 312.0               , 72360.0            , 3186.0              , 13440.0            , 1.3              , 3.0             , 1.2              , 3.5
MANANG         , MANANG         ,2023, 2079/80, Gandaki Province      ,1477.93371582031,8034.90625,4928.43676757812, TM      , MA2            , LPi          ,2321.552,84.227,28.673,424.921603423183,0.325862603338019,4.32103379351421,141.003324216083,6.24244846556951, 122.0         , 135.0        , 2.0           , 105.0        , 195.0               , 267.0              , 2.0                 , 247.0              , 1.6              , 1.98            , 1.0              , 2.35
MORANG         , MORANG         ,2023, 2079/80, Koshi Province        ,57.9486808776855,2364.02392578125,105.974941253662, TM      , MA1            , CMe          ,1822.713,87.473,26.617,181.23714618601,0.0942170460435101,1.92586307621722,37.6410558182245,6.32608321795286, N/A           , 20052.0      , 1290.0        , 11755.0      , N/A                 , 132343.0           , 1587.0              , 33687.0            , N/A              , 6.6             , 1.23             , 2.87
MUGU           , MUGU           ,2023, 2079/80, Karnali Province      ,1094.0,6809.84716796875,3999.96142578125, TM      , MA2            , LPi          ,3233.739,82.372,29.618,263.380068569702,0.125506275252399,4.08698874927317,186.690619187985,7.09450580244332, 630.0         , 2635.0       , 2122.0        , 1782.0       , 1140.0              , 1341.0             , 4196.0              , 3276.0             , 1.81             , 0.51            , 1.98             , 1.84
MUSTANG        , MUSTANG        ,2023, 2079/80, Gandaki Province      ,1770.47045898438,6987.1884765625,4730.4482421875, TM      , MA2            , LPi          ,3564.949,83.86,28.981,379.323829357573,0.215011607281011,4.07517509544559,155.788660422972,6.63328320750388, 44.0          , 55.0         , 2.0           , 74.0         , 69.0                , 81.0               , 2.0                 , 125.0              , 1.57             , 1.47            , 1.0              , 1.69
MYAGDI         , MYAGDI         ,2023, 2079/80, Gandaki Province      ,776.0478515625,8116.4580078125,3171.29016113281, TM      , MA2            , LPi          ,2285.539,83.462,28.553,353.13606139049,0.173414576561193,3.68759349691876,214.482872536434,6.04501443362091, 260.0         , 8800.0       , 2500.0        , 2400.0       , 374.0               , 29920.0            , 3075.0              , 5952.0             , 1.44             , 3.4             , 1.23             , 2.48
NAWALPARASIEAST, NAWALPARASIEAST,2023, 2079/80, Gandaki Province      ,106.5,1893.65856933594,337.243438720703, TM      , MA1            , CMe          ,1426.415,84.064,27.687,171.301081827196,0.121214691114625,2.32493160430211,53.2872014070441,6.07211767656373, 150.0         , 9500.0       , 258.0         , 7110.0       , 188.0               , 28880.0            , 294.0               , 19481.0            , 1.25             , 3.04            , 1.14             , 2.74
NAWALPARASIWEST, NAWALPARASIWEST,2023, 2079/80, Lumbini Province      ,99.0,1166.69519042969,115.263748168945, TH      , SC2            , RGd          ,726.466,83.741,27.528,116.764238598711,0.0844409889655,1.64869655736131,44.392201661222,7.34831070223391, 10.0          , 2146.0       , 45.0          , 8500.0       , 12.0                , 7362.0             , 47.0                , 26775.0            , 1.2              , 3.43            , 1.04             , 3.15
NUWAKOT        , NUWAKOT        ,2023, 2079/80, Bagmati Province      ,412.0,5062.8427734375,1334.30712890625, TM      , MA2            , RGe          ,1193.274,85.238,27.915,225.217758376186,0.165817219876061,3.11697339822482,56.0506968669311,5.84125763226907, 154.0         , 16218.0      , 5114.0        , 4493.0       , 194.0               , 49457.0            , 7258.0              , 16021.0            , 1.26             , 3.05            , 1.42             , 3.57
OKHALDHUNGA    , OKHALDHUNGA    ,2023, 2079/80, Koshi Province        ,331.0,3433.61499023438,1487.54565429688, TM      , MA2            , CMu          ,1076.205,86.421,27.329,485.824933423802,0.181701865172169,3.66111232283744,119.537118790117,5.88399072874108, 80.0          , 12400.0      , 7751.0        , 2145.0       , 110.0               , 40920.0            , 19378.0             , 3330.0             , 1.38             , 3.3             , 2.5              , 1.55
PALPA          , PALPA          ,2023, 2079/80, Lumbini Province      ,218.424285888672,1890.34606933594,990.207244873047, TM      , MA1            , CMe          ,1462.567,83.626,27.817,256.894220190774,0.137318277557528,3.03297254540623,91.8766897122486,6.33758812670282, 144.0         , 21867.0      , 2418.0        , 5760.0       , 162.7               , 58136.0            , 3216.0              , 13248.0            , 1.13             , 2.66            , 1.33             , 2.3
PANCHTHAR      , PANCHTHAR      ,2023, 2079/80, Koshi Province        ,331.5,4615.68359375,1605.63793945312, SV      , UF2            , CMg          ,1248.063,87.778,27.115,316.494627782254,0.124330485249073,3.10273955703911,240.324144548503,6.10174908627369, 300.0         , 18658.0      , 3208.0        , 3902.0       , 390.0               , 42913.0            , 6416.0              , 6476.0             , 1.3              , 2.3             , 2.0              , 1.66
PARBAT         , PARBAT         ,2023, 2079/80, Gandaki Province      ,526.0,3286.6259765625,1395.09533691406, TM      , MA2            , CMu          ,541.664,83.681,28.211,207.84815559118,0.169950491356389,3.40349507110183,82.9595952352668,5.73858091079885, 55.0          , 12500.0      , 7350.0        , 2230.0       , 72.0                , 32313.0            , 8159.0              , 5441.0             , 1.31             , 2.59            , 1.11             , 2.44
PARSA          , PARSA          ,2023, 2079/80, Madhesh Province      ,75.6167449951172,846.730163574219,180.81787109375, TH      , SC2            , RGd          ,1407.074,84.782,27.239,106.294523352761,0.0890366639011917,1.41976793800242,32.6341705774616,6.12336358832026, 35.0          , 4189.0       , 36.0          , 26065.0      , 51.0                , 17166.0            , 36.0                , 97612.0            , 1.46             , 4.1             , 1.0              , 3.74
PYUTHAN        , PYUTHAN        ,2023, 2079/80, Lumbini Province      ,316.0,3612.08178710938,1253.53210449219, TM      , MA2            , RGe          ,1321.108,82.867,28.115,467.06105633097,0.109934012073795,2.36062430387048,171.061623965142,6.39066998109686, 560.0         , 12140.0      , 1894.0        , 8696.0       , 606.0               , 36650.0            , 2519.0              , 25114.0            , 1.08             , 3.02            , 1.33             , 2.89
RAMECHHAP      , RAMECHHAP      ,2023, 2079/80, Bagmati Province      ,402.5,6837.0185546875,1720.99377441406, TM      , MA2            , LPi          ,1564.314,86.18,27.513,315.893055471425,0.156598731635481,3.18118514770153,83.7272694841293,5.93530521552835, 63.0          , 22166.0      , 4884.0        , 3674.0       , 85.0                , 65168.0            , 5470.0              , 8560.0             , 1.35             , 2.94            , 1.12             , 2.33
RASUWA         , RASUWA         ,2023, 2079/80, Bagmati Province      ,613.395568847656,7204.4150390625,3741.8671875, TM      , MA2            , LPi          ,1501.12,85.418,28.183,303.947637318664,0.191512472635851,3.79950059194161,57.2098591681754,5.89673986838381, 243.0         , 2524.0       , 895.0         , 759.0        , 331.0               , 6374.0             , 1012.0              , 1230.0             , 1.36             , 2.53            , 1.13             , 1.62
RAUTAHAT       , RAUTAHAT       ,2023, 2079/80, Madhesh Province      ,68.0,917.86962890625,94.2313232421875, TH      , SC2            , RGd          ,1038.392,85.305,27.001,145.125791774952,0.104901417803555,1.77976234057964,44.7550129427155,6.90008192576278, 3.0           , 3513.0       , 70.0          , 15900.0      , 3.0                 , 12821.0            , 60.0                , 57000.0            , 1.17             , 3.65            , 0.86             , 3.58
ROLPA          , ROLPA          ,2023, 2079/80, Lumbini Province      ,654.026062011719,3647.13012695312,1796.36608886719, TM      , MA2            , RGe          ,1885.559,82.63,28.344,528.747923482135,0.130187235876249,2.47086037775873,168.766012078651,6.57275978481274, 546.0         , 12735.0      , 1235.0        , 8598.0       , 640.0               , 38842.0            , 1535.0              , 22219.0            , 1.17             , 3.05            , 1.24             , 2.58
RUKUMEAST      , RUKUMEAST      ,2023, 2079/80, Lumbini Province      ,951.950073242188,7058.1689453125,3066.55224609375, TM      , MA2            , LPi          ,1682.362,82.813,28.674,491.578161899247,0.160993484393413,3.12617651203588,173.980011387344,6.40898419498412, 448.0         , 5050.0       , 576.0         , 3250.0       , 672.0               , 14635.0            , 756.0               , 8775.0             , 1.5              , 2.9             , 1.31             , 2.7
RUKUMWEST      , RUKUMWEST      ,2023, 2079/80, Karnali Province      ,677.0,5860.443359375,1998.69909667969, TM      , MA2            , LPi          ,1213.417,82.462,28.739,442.381061568601,0.168704690963043,3.26718599998588,130.428036643991,6.66100726858075, 413.0         , 9913.0       , 466.0         , 9085.0       , 518.0               , 19959.0            , 633.0               , 21713.0            , 1.25             , 2.01            , 1.36             , 2.39
RUPANDEHI      , RUPANDEHI      ,2023, 2079/80, Lumbini Province      ,86.0,1142.05590820312,112.945381164551, TH      , SC2            , RGd          ,1304.709,83.392,27.576,115.936022249062,0.095442283175747,1.78915764793836,62.5443438893856,6.82489525902767, 70.0          , 2600.0       , 38.0          , 26702.0      , 138.5               , 10214.0            , 44.0                , 105695.0           , 1.98             , 3.93            , 1.16             , 3.96
SALYAN         , SALYAN         ,2023, 2079/80, Karnali Province      ,325.5,2808.11694335938,1300.40625, TM      , MA1            , CMe          ,1880.396,82.146,28.402,355.109524139346,0.128866752380664,2.90151587040756,168.980671749596,6.50132504769655, 479.0         , 17650.0      , 1031.0        , 13125.0      , 1275.0              , 53825.0            , 1205.0              , 28528.0            , 1.7              , 3.05            , 1.17             , 2.17
SANKHUWASABHA  , SANKHUWASABHA  ,2023, 2079/80, Koshi Province        ,250.0,8205.7626953125,2620.14794921875, TM      , MA2            , LPi          ,3470.433,87.281,27.582,398.825121157752,0.185700416343397,3.80773490414778,73.6742350267876,5.61906991000148, 13.0          , 12455.0      , 6666.0        , 715.0        , 16.0                , 31138.0            , 8666.0              , 1650.0             , 1.3              , 2.5             , 1.3              , 2.31
SAPTARI        , SAPTARI        ,2023, 2079/80, Madhesh Province      ,61.1346588134766,436.26171875,90.0238037109375, TH      , SC2            , RGd          ,1281.516,86.749,26.598,148.06213714943,0.0779959378314166,1.42416968473388,40.5059233241752,5.98521416981909, 59.0          , 6589.0       , 210.0         , 19400.0      , 59.0                , 23211.0            , 273.0               , 70500.0            , 1.0              , 3.52            , 1.3              , 3.63
SARLAHI        , SARLAHI        ,2023, 2079/80, Madhesh Province      ,67.5,694.423034667969,106.920471191406, TH      , SC2            , RGd          ,1263.618,85.568,26.986,169.119553936461,0.117072027288068,1.89570595754801,38.29483183666,6.68646757017644, 26.0          , 10205.0      , 835.0         , 23367.0      , 29.0                , 35831.0            , 1670.0              , 78279.0            , 1.12             , 3.51            , 2.0              , 3.35
SINDHULI       , SINDHULI       ,2023, 2079/80, Bagmati Province      ,132.0,2360.17016601562,648.122650146484, SV      , UF2            , CMg          ,2484.937,85.946,27.201,281.082031977321,0.112265382163962,2.63653583112347,64.8940609696022,5.87498102623433, 36.0          , 24924.0      , 12065.0       , 5083.0       , 58.0                , 81981.0            , 12371.0             , 13712.0            , 1.61             , 3.29            , 1.03             , 2.7
SINDHUPALCHOK  , SINDHUPALCHOK  ,2023, 2079/80, Bagmati Province      ,627.5,6741.48486328125,2240.38696289062, TM      , MA2            , CMu          ,2491.359,85.742,27.915,252.901880562627,0.164142701448149,3.29840492011591,48.8590104945705,5.74743952872731, 165.0         , 26298.0      , 17550.0       , 6898.0       , 155.0               , 78894.0            , 23693.0             , 11175.0            , 0.94             , 3.0             , 1.35             , 1.62
SIRAHA         , SIRAHA         ,2023, 2079/80, Madhesh Province      ,66.1186981201172,711.960205078125,106.20783996582, LV      , UF1            , CMg          ,1139.635,86.345,26.746,147.431112525522,0.0923899370857775,1.23714850424744,40.3012087168646,6.51857353889331, 10.0          , 3755.0       , 645.0         , 14230.0      , 12.0                , 14007.0            , 696.0               , 52800.0            , 1.2              , 3.73            , 1.08             , 3.71
SOLUKHUMBU     , SOLUKHUMBU     ,2023, 2079/80, Koshi Province        ,572.187255859375,8723.734375,4199.30297851562, TM      , MA2            , LPi          ,3354.998,86.723,27.71,464.994048785511,0.250034422181357,4.76855187048888,127.13538546226,5.29953872650607, 165.0         , 13770.0      , 2105.0        , 2665.0       , 178.0               , 33187.0            , 2800.0              , 5306.0             , 1.08             , 2.41            , 1.33             , 1.99
SUNSARI        , SUNSARI        ,2023, 2079/80, Koshi Province        ,62.5,1783.26843261719,91.5066986083984, SV      , UF2            , CMg          ,1192.082,87.173,26.65,168.060067495812,0.087669963221729,1.78891936899074,41.2430883540688,6.28370004291388, N/A           , 9674.0       , 457.0         , 12127.0      , N/A                 , 45701.0            , 562.0               , 41195.0            , N/A              , 4.72            , 1.23             , 3.4
SURKHET        , SURKHET        ,2023, 2079/80, Karnali Province      ,198.5,2713.39721679688,792.544799804688, TM      , MA1            , CMe          ,2486.202,81.588,28.641,381.785799519815,0.151245844332941,3.11244147073425,141.508321836535,6.83070319276825, 631.0         , 15252.0      , 1842.0        , 12192.0      , 998.0               , 46036.0            , 3002.0              , 35370.0            , 1.58             , 3.02            , 1.63             , 2.9
SYANGJA        , SYANGJA        ,2023, 2079/80, Gandaki Province      ,307.5,2257.06518554688,983.070220947266, TM      , MA1            , CMe          ,1037.965,83.805,28.021,211.833580021596,0.136571969525882,2.90977127066108,66.3478699415328,6.07573561968281, 6.0           , 20800.0      , 11075.0       , 4175.0       , 6.0                 , 68432.0            , 13622.0             , 12024.0            , 1.0              , 3.29            , 1.23             , 2.88
TANAHU         , TANAHU         ,2023, 2079/80, Gandaki Province      ,182.0,2115.46044921875,645.626586914062, TM      , MA1            , CMe          ,1572.372,84.253,27.955,226.831505724621,0.166124147717232,2.71716293439456,50.8254619261619,5.87343715357533, 4.0           , 19200.0      , 6105.0        , 1200.0       , 5.0                 , 62976.0            , 7021.0              , 3012.0             , 1.18             , 3.28            , 1.15             , 2.51
TAPLEJUNG      , TAPLEJUNG      ,2023, 2079/80, Koshi Province        ,495.5,8543.11328125,3778.78991699219, TM      , MA2            , LPi          ,3632.584,87.824,27.582,277.547029032904,0.107319136157988,3.67571148325673,120.788624163668,5.76367916603339, 266.0         , 11210.0      , 2966.0        , 1537.0       , 372.0               , 39908.0            , 4270.0              , 2875.0             , 1.4              , 3.56            , 1.44             , 1.87
TERHATHUM      , TERHATHUM      ,2023, 2079/80, Koshi Province        ,314.5,3009.18017578125,1394.34899902344, SV      , UF2            , CMg          ,670.592,87.552,27.154,301.62103337383,0.104251495127099,3.0688005653897,119.227259378819,6.14254417466116, 52.0          , 12907.0      , 2123.0        , 2399.0       , 61.0                , 30977.0            , 2548.0              , 4796.0             , 1.18             , 2.4             , 1.2              , 2.0
UDAYAPUR       , UDAYAPUR       ,2023, 2079/80, Koshi Province        ,75.8946075439453,2333.26196289062,425.963882446289, SV      , UF2            , CMg          ,2297.514,86.684,26.903,393.637565198524,0.127308461101252,2.64114980273531,96.2177494463199,6.10875011258569, 23.0          , 17842.0      , 2768.0        , 5130.0       , 40.0                , 43891.0            , 5453.0              , 12825.0            , 1.75             , 2.46            , 1.97             , 2.5
ACHHAM         , ACHHAM         ,2024, 2080/81, Sudurpashchim Province,326.0,3808.05981445312,1309.40710449219, TM      , MA2            , RGe          ,1700.448,81.299,29.112,340.802369515909,0.157029261043055,3.00074424062216,50.6899062359667,6.16690186329933, 391.0         , 5354.0       , 3402.0        , 10670.0      , 395.0               , 13171.0            , 4079.0              , 18993.0            , 1.01             , 2.46            , 1.2              , 1.78
ARGHAKHANCHI   , ARGHAKHANCHI   ,2024, 2080/81, Lumbini Province      ,184.144287109375,2259.11962890625,989.529876708984, TH      , SC2            , RGd          ,1239.185,83.081,27.908,326.970778707167,0.113508838927416,2.90825089048057,124.945358732945,6.3781995512863, 285.0         , 15200.0      , 490.0         , 4665.0       , 330.6               , 53677.0            , 596.0               , 13706.0            , 1.16             , 3.53            , 1.0              , 2.94
BAGLUNG        , BAGLUNG        ,2024, 2080/81, Gandaki Province      ,581.0,4640.00634765625,2237.62829589844, TM      , MA2            , LPi          ,1836.212,83.252,28.347,301.71833667512,0.137939779891388,2.87585215197176,162.636879612817,5.99541631943854, 95.0          , 15600.0      , 10300.0       , 6000.0       , 141.0               , 54600.0            , 13287.0             , 15082.0            , 1.48             , 3.5             , 1.29             , 2.51
BAITADI        , BAITADI        ,2024, 2080/81, Sudurpashchim Province,383.0,3062.84936523438,1600.75384521484, TM      , MA2            , RGe          ,1492.847,80.573,29.508,546.882015889854,0.102074697927388,4.26701608064358,111.017300274489,6.65541103098621, 687.0         , 8700.0       , 315.0         , 12350.0      , 586.0               , 24492.0            , 420.0               , 20378.0            , 0.85             , 2.82            , 1.33             , 1.65
BAJHANG        , BAJHANG        ,2024, 2080/81, Sudurpashchim Province,816.846618652344,6978.16748046875,3263.2109375, TM      , MA2            , LPi          ,3459.458,81.18,29.708,362.654876253919,0.245082961239427,4.79692400785621,43.4871587045748,6.37618445095215, 2440.0        , 4075.0       , 2250.0        , 9365.0       , 3050.0              , 10717.0            , 2903.0              , 20697.0            , 1.25             , 2.63            , 1.29             , 2.21
BAJURA         , BAJURA         ,2024, 2080/81, Sudurpashchim Province,716.6943359375,6740.23046875,2824.30493164062, TM      , MA2            , LPi          ,2298.212,81.565,29.561,420.803985473592,0.186727956908787,3.82257966722719,46.7148833740073,6.57536184498176, 1550.0        , 1120.0       , 2555.0        , 6430.0       , 1829.0              , 2800.0             , 3194.0              , 11896.0            , 1.18             , 2.5             , 1.25             , 1.85
BANKE          , BANKE          ,2024, 2080/81, Lumbini Province      ,128.293518066406,1228.09741210938,190.792510986328, TH      , SC2            , RGd          ,1880.856,81.824,28.087,226.092447656513,0.0984524809801277,1.80850183834179,137.272537912381,7.27620145407441, 5.0           , 8783.0       , N/A           , 21515.0      , 5.9                 , 32575.0            , N/A                 , 73090.0            , 1.32             , 3.71            , N/A              , 3.4
BARA           , BARA           ,2024, 2080/81, Madhesh Province      ,68.0,905.923034667969,114.3837890625, TH      , SC2            , RGd          ,1272.886,85.073,27.108,155.885986185727,0.103949104410351,2.06294401295367,46.9307805000198,6.82882429435896, 3.0           , 15050.0      , 5.0           , 30000.0      , 3.0                 , 90055.0            , 5.0                 , 90000.0            , 0.9              , 5.9             , 1.0              , 3.0
BARDIYA        , BARDIYA        ,2024, 2080/81, Lumbini Province      ,133.0,1577.2587890625,179.127197265625, LV      , UF1            , CMg          ,2001.342,81.403,28.384,239.769610604303,0.101674459195698,1.80130098294358,106.86149249042,7.33923232386757, 6.0           , 5530.0       , N/A           , 23335.0      , 7.9                 , 25198.0            , N/A                 , 86340.0            , 1.32             , 4.56            , N/A              , 3.7
BHAKTAPUR      , BHAKTAPUR      ,2024, 2080/81, Bagmati Province      ,1289.81018066406,2150.50927734375,1372.20666503906, TM      , MB1            , CMx          ,123.095,85.443,27.677,284.764700359283,0.145116330720101,3.03651011315786,172.980376357072,5.63727564669856, 15.0          , 1839.0       , 81.0          , 1872.0       , 47.0                , 9287.0             , 211.0               , 9678.0             , 3.1              , 5.05            , 2.6              , 5.17
BHOJPUR        , BHOJPUR        ,2024, 2080/81, Koshi Province        ,120.5,3980.7861328125,1292.92114257812, SV      , UF2            , CMg          ,1523.888,87.07,27.181,406.055410901516,0.149693801315416,3.35905832362685,129.665298614515,5.93582854815821, 8.0           , 32825.0      , 5052.0        , 390.0        , 9.6                 , 78780.0            , 7578.0              , 710.0              , 1.2              , 2.4             , 1.5              , 1.82
CHITAWAN       , CHITAWAN       ,2024, 2080/81, Bagmati Province      ,110.5,1912.556640625,256.998931884766, TM      , MA1            , CMe          ,2240.456,84.437,27.585,154.407093624932,0.112607889948666,3.59765543871444,105.287410468856,6.50294870521491, N/A           , 17110.0      , 1050.0        , 4711.0       , N/A                 , 68611.0            , 1208.0              , 15593.0            , N/A              , 4.01            , 1.15             , 3.31
DADELDHURA     , DADELDHURA     ,2024, 2080/81, Sudurpashchim Province,271.5,2662.40698242188,1260.76049804688, TM      , MA1            , CMe          ,1502.414,80.491,29.223,378.091885821295,0.13550564802019,3.14551280083613,84.1050897817896,6.43620955565288, 200.0         , 3800.0       , 335.0         , 7590.0       , 171.0               , 10000.0            , 569.0               , 16678.0            , 0.85             , 2.63            , 1.7              , 2.2
DAILEKH        , DAILEKH        ,2024, 2080/81, Karnali Province      ,559.5,4051.35693359375,1425.27124023438, TM      , MA2            , RGe          ,1484.311,81.681,28.881,341.749402410875,0.141763840157547,2.8254021574917,95.1133880595949,6.08103721497698, 181.0         , 19120.0      , 1950.0        , 13175.0      , 230.0               , 45310.0            , 2541.0              , 17274.0            , 1.27             , 2.37            , 1.3              , 1.31
DANG           , DANG           ,2024, 2080/81, Lumbini Province      ,186.617767333984,2058.49633789062,593.523529052734, TH      , SC2            , RGd          ,3059.26,82.404,27.969,463.999244524842,0.11398975386498,2.20078447336562,168.800181438686,6.93479637694548, 15.0          , 24985.0      , 14.0          , 11530.0      , 29.9                , 86475.0            , 19.0                , 35743.0            , 1.99             , 3.46            , 1.0              , 3.1
DARCHULA       , DARCHULA       ,2024, 2080/81, Sudurpashchim Province,530.582885742188,7068.1396484375,3508.10424804688, TM      , MA2            , LPi          ,2696.145,80.793,29.948,361.133637241026,0.224041434494121,4.90693167542509,64.8658877161033,6.85122113018199, 1018.0        , 5538.0       , 1215.0        , 5950.0       , 1212.0              , 15618.0            , 1531.0              , 11350.0            , 1.19             , 2.82            , 1.26             , 1.91
DHADING        , DHADING        ,2024, 2080/81, Bagmati Province      ,270.880767822266,6951.3525390625,1157.41882324219, TM      , MA2            , LPi          ,1907.158,84.962,27.954,189.95853097152,0.184161917520656,3.12927382404872,57.1033023585447,6.02225089043977, 215.0         , 19300.0      , 7350.0        , 3620.0       , 191.0               , 48250.0            , 6762.0              , 8145.0             , 0.89             , 2.5             , 0.92             , 2.25
DHANKUTA       , DHANKUTA       ,2024, 2080/81, Koshi Province        ,118.757606506348,2694.3544921875,1034.15002441406, SV      , UF2            , CMg          ,898.98,87.333,26.991,416.141671901754,0.132265571896405,3.02599695520061,104.261439764489,6.28033250308557, 2.3           , 13470.0      , 7230.0        , 1295.0       , 2.3                 , 45488.0            , 8242.0              , 2720.0             , 1.0              , 3.38            , 1.14             , 2.1
DHANUSHA       , DHANUSHA       ,2024, 2080/81, Madhesh Province      ,57.4233512878418,713.773010253906,98.2833023071289, TH      , SC2            , RGd          ,1188.969,86.036,26.828,117.777688154344,0.0735737234147109,1.16454522040253,35.5936244754015,6.31621295115148, 1.0           , 3350.0       , 310.0         , 33500.0      , 1.0                 , 9515.0             , 370.0               , 97150.0            , 1.0              , 2.84            , 1.19             , 2.9
DOLAKHA        , DOLAKHA        ,2024, 2080/81, Bagmati Province      ,593.790100097656,6900.5400390625,2693.76489257812, TM      , MA2            , LPi          ,2147.002,86.201,27.785,267.905931334118,0.176616451923932,3.37109601314696,83.1804857363801,5.55297184695014, 134.0         , 6171.0       , 3657.0        , 4242.0       , 162.0               , 22030.0            , 4864.0              , 7508.0             , 1.21             , 3.57            , 1.33             , 1.77
DOLPA          , DOLPA          ,2024, 2080/81, Karnali Province      ,1501.69506835938,7731.5078125,4793.42724609375, TM      , MA2            , LPi          ,7946.52,83.054,29.171,461.043211815638,0.228555651369432,4.42490712685912,145.386666210252,6.69125391514782, 325.0         , 2159.0       , 294.0         , 2225.0       , 312.0               , 3750.0             , 305.0               , 4165.0             , 0.96             , 1.74            , 1.04             , 1.83
DOTI           , DOTI           ,2024, 2080/81, Sudurpashchim Province,304.0,3279.84936523438,1442.28552246094, TM      , MA2            , RGe          ,2050.89,80.896,29.17,332.010178875298,0.145198797458341,2.95759711654838,68.0059784101824,6.34229682480316, 210.0         , 3650.0       , 4350.0        , 10300.0      , 181.0               , 10622.0            , 5264.0              , 21836.0            , 0.86             , 2.91            , 1.21             , 2.12
GORKHA         , GORKHA         ,2024, 2080/81, Gandaki Province      ,228.5,7983.09521484375,3185.54467773438, TM      , MA2            , LPi          ,3647.014,84.792,28.319,255.023310534875,0.277566787372248,3.01872690749044,53.80943504015,5.81304031705723, 110.0         , 18005.0      , 11200.0       , 2500.0       , 141.0               , 46815.0            , 13550.0             , 5925.0             , 1.28             , 2.6             , 1.21             , 2.37
GULMI          , GULMI          ,2024, 2080/81, Lumbini Province      ,459.5,2677.65112304688,1278.63439941406, TM      , MA1            , CMe          ,1108.282,83.309,28.094,256.489081123057,0.148138481468956,3.26498679985971,162.218243641452,6.41361821607527, 411.0         , 22418.0      , 2883.0        , 6370.0       , 542.5               , 77173.0            , 3690.0              , 19005.0            , 1.32             , 3.44            , 1.28             , 2.98
HUMLA          , HUMLA          ,2024, 2080/81, Karnali Province      ,1173.0,6997.869140625,4668.60034179688, TV      , UF1            , RGe          ,6008.728,81.882,30.032,271.595296756269,0.15275020661515,3.95251302206632,150.338657875784,7.07807836321831, 642.0         , 231.0        , 1062.0        , 1072.0       , 827.0               , 290.0              , 1125.0              , 1115.0             , 1.29             , 1.26            , 1.06             , 1.04
ILAM           , ILAM           ,2024, 2080/81, Koshi Province        ,115.0,3594.64208984375,1068.93518066406, TM      , MA2            , CMu          ,1685.818,87.904,26.881,379.664216725838,0.137195611548443,3.01750567665439,157.492232402046,6.04871962316365, 48.0          , 33002.0      , 1578.0        , 4520.0       , 53.76               , 129368.0           , 1894.0              , 11526.0            , 1.12             , 3.62            , 1.2              , 2.55
JAJARKOT       , JAJARKOT       ,2024, 2080/81, Karnali Province      ,607.0,5398.15869140625,2170.43347167969, TM      , MA2            , LPi          ,2222.519,82.17,28.865,431.388658320394,0.173539378601211,3.21414716599659,149.671178851275,6.4434617714514, 479.0         , 10250.0      , 1305.0        , 10410.0      , 685.0               , 33313.0            , 1581.0              , 25100.0            , 1.43             , 3.25            , 1.21             , 2.41
JHAPA          , JHAPA          ,2024, 2080/81, Koshi Province        ,59.761791229248,826.230651855469,102.456111907959, TM      , MA1            , CMe          ,1603.77,87.916,26.584,190.55327224687,0.104507366958155,2.38279226645097,51.1671486355456,5.60350384981523, 5.0           , 44350.0      , 800.0         , 3000.0       , 9.5                 , 260335.0           , 1032.0              , 7950.0             , 1.9              , 5.87            , 1.29             , 2.65
JUMLA          , JUMLA          ,2024, 2080/81, Karnali Province      ,2035.96752929688,6546.94140625,3439.25695800781, TM      , MA2            , LPi          ,2554.398,82.219,29.272,454.209681142738,0.187106771067978,3.87881310172361,51.9879852131891,6.00101599634949, 1935.0        , 4450.0       , 2750.0        , 2476.0       , 3515.0              , 10500.0            , 3875.0              , 5408.0             , 1.82             , 2.36            , 1.41             , 2.18
KAILALI        , KAILALI        ,2024, 2080/81, Sudurpashchim Province,138.0,1952.61047363281,210.908737182617, TM      , MA1            , CMe          ,3286.136,80.881,28.742,198.395355728067,0.102388554938699,1.91030792930229,66.6993388544533,7.34758909198902, 208.0         , 6054.0       , 100.0         , 34840.0      , 166.0               , 22460.0            , 121.0               , 123682.0           , 0.8              , 3.71            , 1.21             , 3.55
KALIKOT        , KALIKOT        ,2024, 2080/81, Karnali Province      ,728.16845703125,4458.55029296875,2772.01440429688, TM      , MA2            , RGe          ,1640.156,81.754,29.195,444.087151248562,0.164069342785738,3.36061834015338,45.1702075502736,6.52851296859501, 551.0         , 3550.0       , 1255.0        , 5596.0       , 975.0               , 8060.0             , 1365.0              , 11313.0            , 1.77             , 2.27            , 1.09             , 2.02
KANCHANPUR     , KANCHANPUR     ,2024, 2080/81, Sudurpashchim Province,159.152694702148,1505.19421386719,205.706359863281, LV      , UF1            , CMg          ,1618.111,80.323,28.862,131.272540609046,0.0896434820632919,1.77377424661822,34.5890023763427,7.30370091375685, 9.0           , 2950.0       , N/A           , 31115.0      , 7.0                 , 11859.0            , N/A                 , 106102.0           , 0.76             , 4.02            , N/A              , 3.41
KAPILBASTU     , KAPILBASTU     ,2024, 2080/81, Lumbini Province      ,88.7635269165039,1265.87573242188,116.869033813477, TH      , SC2            , RGd          ,1651.659,82.983,27.628,203.623103057436,0.100917059609816,1.89117043368294,64.6511899229649,7.24225859112583, 140.0         , 1390.0       , N/A           , 31735.0      , 216.0               , 5675.0             , N/A                 , 111072.0           , 1.54             , 4.08            , N/A              , 3.5
KASKI          , KASKI          ,2024, 2080/81, Gandaki Province      ,383.5,7879.4404296875,2135.43920898438, TM      , MA2            , LPi          ,2085.276,83.999,28.355,178.985725944854,0.15442640435205,3.1027342045444,72.053408605867,5.63889217427502, 5.0           , 12343.0      , 10152.0       , 6010.0       , 5.0                 , 36205.0            , 15228.0             , 14725.0            , 1.2              , 2.93            , 1.5              , 2.45
KATHMANDU      , KATHMANDU      ,2024, 2080/81, Bagmati Province      ,842.585571289062,2713.25439453125,1415.49719238281, TM      , MA1            , CMe          ,413.659,85.35,27.728,264.110593875468,0.15712586664956,3.18734821490731,103.441143050215,5.68077896464943, N/A           , 6315.0       , 599.0         , 2040.0       , N/A                 , 25323.0            , 629.0               , 9466.0             , N/A              , 4.01            , 1.05             , 4.64
KAVRE          , KAVRE          ,2024, 2080/81, Bagmati Province      ,280.526916503906,2921.60424804688,1358.27575683594, SV      , UF2            , CMg          ,1394.031,85.622,27.535,298.620999192077,0.152830672384332,3.18282895525467,89.9861738568235,5.99011701081785, 345.0         , 25448.0      , 3020.0        , 8250.0       , 338.0               , 92122.0            , 3896.0              , 23925.0            , 0.98             , 3.62            , 1.29             , 2.9
KHOTANG        , KHOTANG        ,2024, 2080/81, Koshi Province        ,161.5,3623.7294921875,1295.84375, SV      , UF2            , CMg          ,1589.458,86.789,27.168,570.506424330257,0.164639770228709,3.36871857330258,142.774027765281,6.11313324047924, 23.3          , 21814.0      , 13332.0       , 1494.0       , 31.28               , 39919.0            , 23598.0             , 2212.0             , 1.34             , 1.83            , 1.77             , 1.48
LALITPUR       , LALITPUR       ,2024, 2080/81, Bagmati Province      ,414.401641845703,2810.4365234375,1518.54248046875, TM      , MB1            , CMx          ,396.834,85.345,27.539,328.699357392353,0.170693859182162,3.60404062064105,97.8892885375356,5.90752661792669, 39.0          , 9158.0       , 518.0         , 2497.0       , 47.0                , 36815.0            , 544.0               , 9339.0             , 1.21             , 4.02            , 1.05             , 3.74
LAMJUNG        , LAMJUNG        ,2024, 2080/81, Gandaki Province      ,374.116546630859,7849.52392578125,1924.53607177734, TM      , MA2            , LPi          ,1663.107,84.432,28.289,166.638125907701,0.156077489873808,3.29657830796891,114.977490910563,5.76887646030865, 9.0           , 15570.0      , 7200.0        , 13.0         , 14.0                , 33631.0            , 8640.0              , 31.0               , 1.56             , 2.16            , 1.2              , 2.38
MAHOTTARI      , MAHOTTARI      ,2024, 2080/81, Madhesh Province      ,58.5692291259766,793.34814453125,102.198787689209, TH      , SC2            , RGd          ,1000.874,85.822,26.879,89.0523401931743,0.105505414448629,1.53681448264249,35.7023984353165,6.21434485707373, 8.0           , 5000.0       , 350.0         , 29100.0      , 14.0                , 22500.0            , 385.0               , 97951.0            , 1.8              , 4.5             , 1.0              , 3.37
MAKAWANPUR     , MAKAWANPUR     ,2024, 2080/81, Bagmati Province      ,139.0,2580.658203125,664.185089111328, TM      , MA1            , CMe          ,2443.827,85.081,27.47,248.747604545184,0.13183394525659,3.00095802938863,120.159976703518,5.78593868284733, N/A           , 19069.0      , 5550.0        , 1704.0       , N/A                 , 64072.0            , 7382.0              , 4976.0             , N/A              , 3.36            , 1.33             , 2.92
MANANG         , MANANG         ,2024, 2080/81, Gandaki Province      ,1477.93371582031,8034.90625,4928.43676757812, TM      , MA2            , LPi          ,2321.552,84.227,28.673,424.921603423183,0.325862603338019,4.32103379351421,141.003324216083,6.24244846556951, 50.0          , 135.0        , 2.0           , 110.0        , 102.0               , 267.0              , 2.0                 , 231.0              , 2.04             , 1.98            , 1.0              , 2.1
MORANG         , MORANG         ,2024, 2080/81, Koshi Province        ,57.9486808776855,2364.02392578125,105.974941253662, TM      , MA1            , CMe          ,1822.713,87.473,26.617,181.23714618601,0.0942170460435101,1.92586307621722,37.6410558182245,6.32608321795286, N/A           , 20452.0      , 1320.0        , 11960.0      , N/A                 , 141119.0           , 1637.0              , 35880.0            , N/A              , 6.9             , 1.24             , 3.0
MUGU           , MUGU           ,2024, 2080/81, Karnali Province      ,1094.0,6809.84716796875,3999.96142578125, TM      , MA2            , LPi          ,3233.739,82.372,29.618,263.380068569702,0.125506275252399,4.08698874927317,186.690619187985,7.09450580244332, 512.0         , 1222.0       , 2125.0        , 1757.0       , 910.0               , 2139.0             , 4196.0              , 3272.0             , 1.78             , 1.75            , 1.97             , 1.86
MUSTANG        , MUSTANG        ,2024, 2080/81, Gandaki Province      ,1770.47045898438,6987.1884765625,4730.4482421875, TM      , MA2            , LPi          ,3564.949,83.86,28.981,379.323829357573,0.215011607281011,4.07517509544559,155.788660422972,6.63328320750388, 44.0          , 41.0         , N/A           , 115.0        , 91.0                , 61.0               , N/A                 , 430.0              , 2.07             , 1.48            , N/A              , 3.73
MYAGDI         , MYAGDI         ,2024, 2080/81, Gandaki Province      ,776.0478515625,8116.4580078125,3171.29016113281, TM      , MA2            , LPi          ,2285.539,83.462,28.553,353.13606139049,0.173414576561193,3.68759349691876,214.482872536434,6.04501443362091, 250.0         , 9200.0       , 2450.0        , 2310.0       , 360.0               , 28520.0            , 3400.0              , 5336.0             , 1.44             , 3.1             , 1.39             , 2.31
NAWALPARASIEAST, NAWALPARASIEAST,2024, 2080/81, Gandaki Province      ,106.5,1893.65856933594,337.243438720703, TM      , MA1            , CMe          ,1426.415,84.064,27.687,171.301081827196,0.121214691114625,2.32493160430211,53.2872014070441,6.07211767656373, 138.0         , 4562.0       , 257.0         , 7028.0       , 172.0               , 13585.0            , 305.0               , 20240.0            , 1.25             , 2.98            , 1.19             , 2.88
NAWALPARASIWEST, NAWALPARASIWEST,2024, 2080/81, Lumbini Province      ,99.0,1166.69519042969,115.263748168945, TH      , SC2            , RGd          ,726.466,83.741,27.528,116.764238598711,0.0844409889655,1.64869655736131,44.392201661222,7.34831070223391, 9.0           , 3901.0       , 38.0          , 8595.0       , 10.7                , 15597.0            , 40.0                , 27246.0            , 1.19             , 4.0             , 1.04             , 3.17
NUWAKOT        , NUWAKOT        ,2024, 2080/81, Bagmati Province      ,412.0,5062.8427734375,1334.30712890625, TM      , MA2            , RGe          ,1193.274,85.238,27.915,225.217758376186,0.165817219876061,3.11697339822482,56.0506968669311,5.84125763226907, 153.0         , 16217.0      , 5114.0        , 4493.0       , 193.0               , 49462.0            , 7262.0              , 16040.0            , 1.26             , 3.05            , 1.42             , 3.57
OKHALDHUNGA    , OKHALDHUNGA    ,2024, 2080/81, Koshi Province        ,331.0,3433.61499023438,1487.54565429688, TM      , MA2            , CMu          ,1076.205,86.421,27.329,485.824933423802,0.181701865172169,3.66111232283744,119.537118790117,5.88399072874108, 80.0          , 12400.0      , 7751.0        , 2145.0       , 125.0               , 42160.0            , 12517.0             , 4076.0             , 1.56             , 3.4             , 1.61             , 1.9
PALPA          , PALPA          ,2024, 2080/81, Lumbini Province      ,218.424285888672,1890.34606933594,990.207244873047, TM      , MA1            , CMe          ,1462.567,83.626,27.817,256.894220190774,0.137318277557528,3.03297254540623,91.8766897122486,6.33758812670282, 110.0         , 21862.0      , 2363.0        , 5765.0       , 124.3               , 75661.0            , 3101.0              , 16430.0            , 1.13             , 3.46            , 1.31             , 2.85
PANCHTHAR      , PANCHTHAR      ,2024, 2080/81, Koshi Province        ,331.5,4615.68359375,1605.63793945312, SV      , UF2            , CMg          ,1248.063,87.778,27.115,316.494627782254,0.124330485249073,3.10273955703911,240.324144548503,6.10174908627369, 302.0         , 18808.0      , 3208.0        , 3725.0       , 393.0               , 67709.0            , 6416.0              , 6035.0             , 1.3              , 3.6             , 2.0              , 1.62
PARBAT         , PARBAT         ,2024, 2080/81, Gandaki Province      ,526.0,3286.6259765625,1395.09533691406, TM      , MA2            , CMu          ,541.664,83.681,28.211,207.84815559118,0.169950491356389,3.40349507110183,82.9595952352668,5.73858091079885, 53.0          , 13600.0      , 7340.0        , 2220.0       , 54.0                , 33120.0            , 7850.0              , 5220.0             , 1.02             , 2.44            , 1.07             , 2.35
PARSA          , PARSA          ,2024, 2080/81, Madhesh Province      ,75.6167449951172,846.730163574219,180.81787109375, TH      , SC2            , RGd          ,1407.074,84.782,27.239,106.294523352761,0.0890366639011917,1.41976793800242,32.6341705774616,6.12336358832026, 28.0          , 3890.0       , 407.0         , 23020.0      , 37.0                , 15599.0            , 440.0               , 85865.0            , 1.3              , 4.01            , 1.0              , 3.73
PYUTHAN        , PYUTHAN        ,2024, 2080/81, Lumbini Province      ,316.0,3612.08178710938,1253.53210449219, TM      , MA2            , RGe          ,1321.108,82.867,28.115,467.06105633097,0.109934012073795,2.36062430387048,171.061623965142,6.39066998109686, 544.0         , 12140.0      , 1885.0        , 8651.0       , 587.5               , 40097.0            , 2488.0              , 25087.0            , 1.08             , 3.3             , 1.32             , 2.9
RAMECHHAP      , RAMECHHAP      ,2024, 2080/81, Bagmati Province      ,402.5,6837.0185546875,1720.99377441406, TM      , MA2            , LPi          ,1564.314,86.18,27.513,315.893055471425,0.156598731635481,3.18118514770153,83.7272694841293,5.93530521552835, 61.0          , 22169.0      , 4886.0        , 3677.0       , 82.0                , 64290.0            , 5472.0              , 8163.0             , 1.35             , 2.9             , 1.12             , 2.22
RASUWA         , RASUWA         ,2024, 2080/81, Bagmati Province      ,613.395568847656,7204.4150390625,3741.8671875, TM      , MA2            , LPi          ,1501.12,85.418,28.183,303.947637318664,0.191512472635851,3.79950059194161,57.2098591681754,5.89673986838381, 242.0         , 2530.0       , 897.0         , 760.0        , 329.0               , 6401.0             , 1014.0              , 1231.0             , 1.36             , 2.53            , 1.13             , 1.62
RAUTAHAT       , RAUTAHAT       ,2024, 2080/81, Madhesh Province      ,68.0,917.86962890625,94.2313232421875, TH      , SC2            , RGd          ,1038.392,85.305,27.001,145.125791774952,0.104901417803555,1.77976234057964,44.7550129427155,6.90008192576278, 2.0           , 4950.0       , 25.0          , 14800.0      , 3.0                 , 20700.0            , 25.0                , 58200.0            , 1.5              , 4.18            , 1.0              , 3.93
ROLPA          , ROLPA          ,2024, 2080/81, Lumbini Province      ,654.026062011719,3647.13012695312,1796.36608886719, TM      , MA2            , RGe          ,1885.559,82.63,28.344,528.747923482135,0.130187235876249,2.47086037775873,168.766012078651,6.57275978481274, 540.0         , 12700.0      , 1236.0        , 8490.0       , 637.2               , 39724.0            , 1618.0              , 21225.0            , 1.18             , 3.13            , 1.31             , 2.5
RUKUMEAST      , RUKUMEAST      ,2024, 2080/81, Lumbini Province      ,951.950073242188,7058.1689453125,3066.55224609375, TM      , MA2            , LPi          ,1682.362,82.813,28.674,491.578161899247,0.160993484393413,3.12617651203588,173.980011387344,6.40898419498412, 570.0         , 5048.0       , 350.0         , 3213.0       , 737.0               , 16641.0            , 458.0               , 9285.0             , 1.29             , 3.3             , 1.31             , 2.89
RUKUMWEST      , RUKUMWEST      ,2024, 2080/81, Karnali Province      ,677.0,5860.443359375,1998.69909667969, TM      , MA2            , LPi          ,1213.417,82.462,28.739,442.381061568601,0.168704690963043,3.26718599998588,130.428036643991,6.66100726858075, 310.0         , 8900.0       , 455.0         , 9080.0       , 510.0               , 35340.0            , 625.0               , 21713.0            , 1.65             , 3.97            , 1.37             , 2.39
RUPANDEHI      , RUPANDEHI      ,2024, 2080/81, Lumbini Province      ,86.0,1142.05590820312,112.945381164551, TH      , SC2            , RGd          ,1304.709,83.392,27.576,115.936022249062,0.095442283175747,1.78915764793836,62.5443438893856,6.82489525902767, 65.0          , 2639.0       , 28.0          , 27356.0      , 105.5               , 10985.0            , 32.0                , 108490.0           , 1.62             , 4.16            , 1.16             , 3.97
SALYAN         , SALYAN         ,2024, 2080/81, Karnali Province      ,325.5,2808.11694335938,1300.40625, TM      , MA1            , CMe          ,1880.396,82.146,28.402,355.109524139346,0.128866752380664,2.90151587040756,168.980671749596,6.50132504769655, 520.0         , 17650.0      , 1010.0        , 13125.0      , 875.0               , 74700.0            , 1210.0              , 28528.0            , 1.68             , 4.23            , 1.2              , 2.17
SANKHUWASABHA  , SANKHUWASABHA  ,2024, 2080/81, Koshi Province        ,250.0,8205.7626953125,2620.14794921875, TM      , MA2            , LPi          ,3470.433,87.281,27.582,398.825121157752,0.185700416343397,3.80773490414778,73.6742350267876,5.61906991000148, 13.5          , 12460.0      , 6669.0        , 714.0        , 17.55               , 30527.0            , 8803.0              , 1714.0             , 1.3              , 2.45            , 1.32             , 2.4
SAPTARI        , SAPTARI        ,2024, 2080/81, Madhesh Province      ,61.1346588134766,436.26171875,90.0238037109375, TH      , SC2            , RGd          ,1281.516,86.749,26.598,148.06213714943,0.0779959378314166,1.42416968473388,40.5059233241752,5.98521416981909, 79.0          , 5150.0       , 210.0         , 19412.0      , 79.0                , 18025.0            , 273.0               , 70543.0            , 1.0              , 3.5             , 1.3              , 3.63
SARLAHI        , SARLAHI        ,2024, 2080/81, Madhesh Province      ,67.5,694.423034667969,106.920471191406, TH      , SC2            , RGd          ,1263.618,85.568,26.986,169.119553936461,0.117072027288068,1.89570595754801,38.29483183666,6.68646757017644, 62.0          , 11400.0      , 709.0         , 23350.0      , 71.0                , 62700.0            , 638.0               , 78456.0            , 1.14             , 5.5             , 0.9              , 3.36
SINDHULI       , SINDHULI       ,2024, 2080/81, Bagmati Province      ,132.0,2360.17016601562,648.122650146484, SV      , UF2            , CMg          ,2484.937,85.946,27.201,281.082031977321,0.112265382163962,2.63653583112347,64.8940609696022,5.87498102623433, 13.0          , 25982.0      , 10842.0       , 5208.0       , 22.0                , 84701.0            , 11059.0             , 13645.0            , 1.69             , 3.26            , 1.02             , 2.62
SINDHUPALCHOK  , SINDHUPALCHOK  ,2024, 2080/81, Bagmati Province      ,627.5,6741.48486328125,2240.38696289062, TM      , MA2            , CMu          ,2491.359,85.742,27.915,252.901880562627,0.164142701448149,3.29840492011591,48.8590104945705,5.74743952872731, 150.0         , 26691.0      , 17371.0       , 6687.0       , 141.0               , 85146.0            , 22756.0             , 11034.0            , 0.94             , 3.19            , 1.31             , 1.65
SIRAHA         , SIRAHA         ,2024, 2080/81, Madhesh Province      ,66.1186981201172,711.960205078125,106.20783996582, LV      , UF1            , CMg          ,1139.635,86.345,26.746,147.431112525522,0.0923899370857775,1.23714850424744,40.3012087168646,6.51857353889331, 95.0          , 3411.0       , 645.0         , 14250.0      , 152.0               , 16374.0            , 6967.0              , 52896.0            , 1.06             , 4.8             , 1.49             , 3.71
SOLUKHUMBU     , SOLUKHUMBU     ,2024, 2080/81, Koshi Province        ,572.187255859375,8723.734375,4199.30297851562, TM      , MA2            , LPi          ,3354.998,86.723,27.71,464.994048785511,0.250034422181357,4.76855187048888,127.13538546226,5.29953872650607, 165.0         , 13770.0      , 2105.0        , 2665.0       , 177.21              , 33184.0            , 2819.0              , 5304.0             , 1.07             , 2.41            , 1.34             , 1.99
SUNSARI        , SUNSARI        ,2024, 2080/81, Koshi Province        ,62.5,1783.26843261719,91.5066986083984, SV      , UF2            , CMg          ,1192.082,87.173,26.65,168.060067495812,0.087669963221729,1.78891936899074,41.2430883540688,6.28370004291388, N/A           , 10641.0      , 458.0         , 12248.0      , N/A                 , 55333.0            , 564.0               , 41298.0            , N/A              , 5.2             , 1.23             , 3.37
SURKHET        , SURKHET        ,2024, 2080/81, Karnali Province      ,198.5,2713.39721679688,792.544799804688, TM      , MA1            , CMe          ,2486.202,81.588,28.641,381.785799519815,0.151245844332941,3.11244147073425,141.508321836535,6.83070319276825, 476.0         , 15225.0      , 1830.0        , 12050.0      , 870.0               , 45475.0            , 2700.0              , 34102.0            , 1.83             , 2.99            , 1.48             , 2.83
SYANGJA        , SYANGJA        ,2024, 2080/81, Gandaki Province      ,307.5,2257.06518554688,983.070220947266, TM      , MA1            , CMe          ,1037.965,83.805,28.021,211.833580021596,0.136571969525882,2.90977127066108,66.3478699415328,6.07573561968281, 6.0           , 18048.0      , 11186.0       , 4175.0       , 5.0                 , 57754.0            , 12305.0             , 7515.0             , 0.83             , 3.2             , 1.1              , 1.8
TANAHU         , TANAHU         ,2024, 2080/81, Gandaki Province      ,182.0,2115.46044921875,645.626586914062, TM      , MA1            , CMe          ,1572.372,84.253,27.955,226.831505724621,0.166124147717232,2.71716293439456,50.8254619261619,5.87343715357533, 4.0           , 22195.0      , 6050.0        , 1150.0       , 4.0                 , 73243.0            , 7017.0              , 2887.0             , 1.18             , 3.3             , 1.16             , 2.51
TAPLEJUNG      , TAPLEJUNG      ,2024, 2080/81, Koshi Province        ,495.5,8543.11328125,3778.78991699219, TM      , MA2            , LPi          ,3632.584,87.824,27.582,277.547029032904,0.107319136157988,3.67571148325673,120.788624163668,5.76367916603339, 266.0         , 11210.0      , 2966.0        , 1498.0       , 372.0               , 39918.0            , 4270.0              , 2786.0             , 1.4              , 3.56            , 1.44             , 1.86
TERHATHUM      , TERHATHUM      ,2024, 2080/81, Koshi Province        ,314.5,3009.18017578125,1394.34899902344, SV      , UF2            , CMg          ,670.592,87.552,27.154,301.62103337383,0.104251495127099,3.0688005653897,119.227259378819,6.14254417466116, 50.0          , 12907.0      , 2120.0        , 1396.0       , 58.6                , 36269.0            , 2521.0              , 2781.0             , 1.17             , 2.81            , 1.19             , 1.99
UDAYAPUR       , UDAYAPUR       ,2024, 2080/81, Koshi Province        ,75.8946075439453,2333.26196289062,425.963882446289, SV      , UF2            , CMg          ,2297.514,86.684,26.903,393.637565198524,0.127308461101252,2.64114980273531,96.2177494463199,6.10875011258569, 23.0          , 17842.0      , 2768.0        , 5130.0       , 40.25               , 43891.0            , 5453.0              , 12825.0            , 1.75             , 2.46            , 1.97             , 2.5
